0 QUEUE_CREATE q1 1
0 TASK_CREATE CNT_INC 0
0 MOVED_TASK_TO_READY_STATE CNT_INC
0 TASK_CREATE LIM_INC 1
0 MOVED_TASK_TO_READY_STATE LIM_INC
0 TASK_CREATE C_CTRL 0
0 MOVED_TASK_TO_READY_STATE C_CTRL
0 TASK_CREATE SUSP_TX 0
0 MOVED_TASK_TO_READY_STATE SUSP_TX
0 TASK_CREATE SUSP_RX 0
0 MOVED_TASK_TO_READY_STATE SUSP_RX
0 TASK_CREATE CHECK 5
0 MOVED_TASK_TO_READY_STATE CHECK
0 TASK_CREATE IDLE 0
0 MOVED_TASK_TO_READY_STATE IDLE
0 QUEUE_CREATE q2 20
0 TASK_CREATE Tmr Svc 6
0 MOVED_TASK_TO_READY_STATE Tmr Svc
0 TASK_SWITCHED_IN Tmr Svc
0 STARTING_SCHEDULER
0 TASK_DELAY_UNTIL Tmr Svc 18446744073709551615
0 TASK_SWITCHED_OUT Tmr Svc
0 TASK_SWITCHED_IN CHECK
0 TASK_DELAY CHECK 100
0 MOVED_TASK_TO_DELAYED_LIST CHECK
0 TASK_SWITCHED_OUT CHECK
0 TASK_SWITCHED_IN LIM_INC
0 TASK_SUSPEND LIM_INC
0 TASK_SWITCHED_OUT LIM_INC
0 TASK_SWITCHED_IN CNT_INC
0 TASK_PRIORITY_SET CNT_INC 1
0 MOVED_TASK_TO_READY_STATE CNT_INC
0 TASK_PRIORITY_SET CNT_INC 0
0 MOVED_TASK_TO_READY_STATE CNT_INC
0 TASK_SWITCHED_OUT CNT_INC
0 TASK_SWITCHED_IN C_CTRL
0 TASK_SUSPEND CNT_INC
0 TASK_RESUME CNT_INC
0 MOVED_TASK_TO_READY_STATE CNT_INC
0 TASK_DELAY C_CTRL 128
0 MOVED_TASK_TO_DELAYED_LIST C_CTRL
0 TASK_INCREMENT_TICK 0
1 TASK_SWITCHED_OUT C_CTRL
1 TASK_SWITCHED_IN SUSP_TX
1 QUEUE_SEND q1
1 TASK_DELAY SUSP_TX 128
1 MOVED_TASK_TO_DELAYED_LIST SUSP_TX
1 TASK_SWITCHED_OUT SUSP_TX
1 TASK_SWITCHED_IN SUSP_RX
1 QUEUE_RECEIVE q1
1 QUEUE_RECEIVE_FAILED q1
1 QUEUE_RECEIVE_FAILED q1
1 QUEUE_RECEIVE_FAILED q1
1 TASK_INCREMENT_TICK 1
1 QUEUE_RECEIVE_FAILED q1
1 TASK_INCREMENT_TICK 1
2 TASK_SWITCHED_OUT SUSP_RX
2 TASK_SWITCHED_IN IDLE
2 TASK_SWITCHED_OUT IDLE
2 TASK_SWITCHED_IN CNT_INC
2 TASK_PRIORITY_SET CNT_INC 1
2 MOVED_TASK_TO_READY_STATE CNT_INC
2 TASK_PRIORITY_SET CNT_INC 0
2 MOVED_TASK_TO_READY_STATE CNT_INC
2 TASK_SWITCHED_OUT CNT_INC
2 TASK_SWITCHED_IN SUSP_RX
2 QUEUE_RECEIVE_FAILED q1
2 QUEUE_RECEIVE_FAILED q1
2 QUEUE_RECEIVE_FAILED q1
2 TASK_INCREMENT_TICK 2
2 QUEUE_RECEIVE_FAILED q1
2 TASK_INCREMENT_TICK 2
3 TASK_SWITCHED_OUT SUSP_RX
3 TASK_SWITCHED_IN IDLE
3 TASK_INCREMENT_TICK 3
4 TASK_SWITCHED_OUT IDLE
4 TASK_SWITCHED_IN CNT_INC
4 TASK_PRIORITY_SET CNT_INC 1
4 MOVED_TASK_TO_READY_STATE CNT_INC
4 TASK_PRIORITY_SET CNT_INC 0
4 MOVED_TASK_TO_READY_STATE CNT_INC
4 TASK_SWITCHED_OUT CNT_INC
4 TASK_SWITCHED_IN SUSP_RX
4 QUEUE_RECEIVE_FAILED q1
4 QUEUE_RECEIVE_FAILED q1
4 QUEUE_RECEIVE_FAILED q1
4 TASK_INCREMENT_TICK 4
5 TASK_SWITCHED_OUT SUSP_RX
5 TASK_SWITCHED_IN CNT_INC
5 TASK_PRIORITY_SET CNT_INC 1
5 MOVED_TASK_TO_READY_STATE CNT_INC
5 TASK_PRIORITY_SET CNT_INC 0
5 MOVED_TASK_TO_READY_STATE CNT_INC
5 TASK_SWITCHED_OUT CNT_INC
5 TASK_SWITCHED_IN IDLE
5 TASK_SWITCHED_OUT IDLE
5 TASK_SWITCHED_IN CNT_INC
5 TASK_PRIORITY_SET CNT_INC 1
5 MOVED_TASK_TO_READY_STATE CNT_INC
5 TASK_PRIORITY_SET CNT_INC 0
5 MOVED_TASK_TO_READY_STATE CNT_INC
5 TASK_SWITCHED_OUT CNT_INC
5 TASK_SWITCHED_IN SUSP_RX
5 QUEUE_RECEIVE_FAILED q1
5 QUEUE_RECEIVE_FAILED q1
5 TASK_INCREMENT_TICK 5
5 QUEUE_RECEIVE_FAILED q1
5 TASK_INCREMENT_TICK 5
6 TASK_SWITCHED_OUT SUSP_RX
6 TASK_SWITCHED_IN IDLE
6 TASK_INCREMENT_TICK 6
7 TASK_SWITCHED_OUT IDLE
7 TASK_SWITCHED_IN CNT_INC
7 TASK_PRIORITY_SET CNT_INC 1
7 MOVED_TASK_TO_READY_STATE CNT_INC
7 TASK_PRIORITY_SET CNT_INC 0
7 MOVED_TASK_TO_READY_STATE CNT_INC
7 TASK_SWITCHED_OUT CNT_INC
7 TASK_SWITCHED_IN SUSP_RX
7 QUEUE_RECEIVE_FAILED q1
7 QUEUE_RECEIVE_FAILED q1
7 QUEUE_RECEIVE_FAILED q1
7 TASK_INCREMENT_TICK 7
8 TASK_SWITCHED_OUT SUSP_RX
8 TASK_SWITCHED_IN CNT_INC
8 TASK_PRIORITY_SET CNT_INC 1
8 MOVED_TASK_TO_READY_STATE CNT_INC
8 TASK_PRIORITY_SET CNT_INC 0
8 MOVED_TASK_TO_READY_STATE CNT_INC
8 TASK_SWITCHED_OUT CNT_INC
8 TASK_SWITCHED_IN IDLE
8 TASK_SWITCHED_OUT IDLE
8 TASK_SWITCHED_IN CNT_INC
8 TASK_PRIORITY_SET CNT_INC 1
8 MOVED_TASK_TO_READY_STATE CNT_INC
8 TASK_PRIORITY_SET CNT_INC 0
8 MOVED_TASK_TO_READY_STATE CNT_INC
8 TASK_SWITCHED_OUT CNT_INC
8 TASK_SWITCHED_IN SUSP_RX
8 QUEUE_RECEIVE_FAILED q1
8 QUEUE_RECEIVE_FAILED q1
8 TASK_INCREMENT_TICK 8
8 QUEUE_RECEIVE_FAILED q1
8 TASK_INCREMENT_TICK 8
9 TASK_SWITCHED_OUT SUSP_RX
9 TASK_SWITCHED_IN IDLE
9 TASK_INCREMENT_TICK 9
10 TASK_SWITCHED_OUT IDLE
10 TASK_SWITCHED_IN CNT_INC
10 TASK_PRIORITY_SET CNT_INC 1
10 MOVED_TASK_TO_READY_STATE CNT_INC
10 TASK_PRIORITY_SET CNT_INC 0
10 MOVED_TASK_TO_READY_STATE CNT_INC
10 TASK_SWITCHED_OUT CNT_INC
10 TASK_SWITCHED_IN SUSP_RX
10 QUEUE_RECEIVE_FAILED q1
10 QUEUE_RECEIVE_FAILED q1
10 QUEUE_RECEIVE_FAILED q1
10 TASK_INCREMENT_TICK 10
11 TASK_SWITCHED_OUT SUSP_RX
11 TASK_SWITCHED_IN CNT_INC
11 TASK_PRIORITY_SET CNT_INC 1
11 MOVED_TASK_TO_READY_STATE CNT_INC
11 TASK_PRIORITY_SET CNT_INC 0
11 MOVED_TASK_TO_READY_STATE CNT_INC
11 TASK_SWITCHED_OUT CNT_INC
11 TASK_SWITCHED_IN IDLE
11 TASK_SWITCHED_OUT IDLE
11 TASK_SWITCHED_IN CNT_INC
11 TASK_PRIORITY_SET CNT_INC 1
11 MOVED_TASK_TO_READY_STATE CNT_INC
11 TASK_PRIORITY_SET CNT_INC 0
11 MOVED_TASK_TO_READY_STATE CNT_INC
11 TASK_SWITCHED_OUT CNT_INC
11 TASK_SWITCHED_IN SUSP_RX
11 QUEUE_RECEIVE_FAILED q1
11 QUEUE_RECEIVE_FAILED q1
11 TASK_INCREMENT_TICK 11
11 QUEUE_RECEIVE_FAILED q1
11 TASK_INCREMENT_TICK 11
12 TASK_SWITCHED_OUT SUSP_RX
12 TASK_SWITCHED_IN IDLE
12 TASK_INCREMENT_TICK 12
13 TASK_SWITCHED_OUT IDLE
13 TASK_SWITCHED_IN CNT_INC
13 TASK_PRIORITY_SET CNT_INC 1
13 MOVED_TASK_TO_READY_STATE CNT_INC
13 TASK_PRIORITY_SET CNT_INC 0
13 MOVED_TASK_TO_READY_STATE CNT_INC
13 TASK_SWITCHED_OUT CNT_INC
13 TASK_SWITCHED_IN SUSP_RX
13 QUEUE_RECEIVE_FAILED q1
13 QUEUE_RECEIVE_FAILED q1
13 QUEUE_RECEIVE_FAILED q1
13 TASK_INCREMENT_TICK 13
14 TASK_SWITCHED_OUT SUSP_RX
14 TASK_SWITCHED_IN CNT_INC
14 TASK_PRIORITY_SET CNT_INC 1
14 MOVED_TASK_TO_READY_STATE CNT_INC
14 TASK_PRIORITY_SET CNT_INC 0
14 MOVED_TASK_TO_READY_STATE CNT_INC
14 TASK_SWITCHED_OUT CNT_INC
14 TASK_SWITCHED_IN IDLE
14 TASK_SWITCHED_OUT IDLE
14 TASK_SWITCHED_IN CNT_INC
14 TASK_PRIORITY_SET CNT_INC 1
14 MOVED_TASK_TO_READY_STATE CNT_INC
14 TASK_PRIORITY_SET CNT_INC 0
14 MOVED_TASK_TO_READY_STATE CNT_INC
14 TASK_SWITCHED_OUT CNT_INC
14 TASK_SWITCHED_IN SUSP_RX
14 QUEUE_RECEIVE_FAILED q1
14 QUEUE_RECEIVE_FAILED q1
14 TASK_INCREMENT_TICK 14
14 QUEUE_RECEIVE_FAILED q1
14 TASK_INCREMENT_TICK 14
15 TASK_SWITCHED_OUT SUSP_RX
15 TASK_SWITCHED_IN IDLE
15 TASK_INCREMENT_TICK 15
16 TASK_SWITCHED_OUT IDLE
16 TASK_SWITCHED_IN CNT_INC
16 TASK_PRIORITY_SET CNT_INC 1
16 MOVED_TASK_TO_READY_STATE CNT_INC
16 TASK_PRIORITY_SET CNT_INC 0
16 MOVED_TASK_TO_READY_STATE CNT_INC
16 TASK_SWITCHED_OUT CNT_INC
16 TASK_SWITCHED_IN SUSP_RX
16 QUEUE_RECEIVE_FAILED q1
16 QUEUE_RECEIVE_FAILED q1
16 QUEUE_RECEIVE_FAILED q1
16 TASK_INCREMENT_TICK 16
17 TASK_SWITCHED_OUT SUSP_RX
17 TASK_SWITCHED_IN CNT_INC
17 TASK_PRIORITY_SET CNT_INC 1
17 MOVED_TASK_TO_READY_STATE CNT_INC
17 TASK_PRIORITY_SET CNT_INC 0
17 MOVED_TASK_TO_READY_STATE CNT_INC
17 TASK_SWITCHED_OUT CNT_INC
17 TASK_SWITCHED_IN IDLE
17 TASK_SWITCHED_OUT IDLE
17 TASK_SWITCHED_IN CNT_INC
17 TASK_PRIORITY_SET CNT_INC 1
17 MOVED_TASK_TO_READY_STATE CNT_INC
17 TASK_PRIORITY_SET CNT_INC 0
17 MOVED_TASK_TO_READY_STATE CNT_INC
17 TASK_SWITCHED_OUT CNT_INC
17 TASK_SWITCHED_IN SUSP_RX
17 QUEUE_RECEIVE_FAILED q1
17 QUEUE_RECEIVE_FAILED q1
17 TASK_INCREMENT_TICK 17
17 QUEUE_RECEIVE_FAILED q1
17 TASK_INCREMENT_TICK 17
18 TASK_SWITCHED_OUT SUSP_RX
18 TASK_SWITCHED_IN IDLE
18 TASK_INCREMENT_TICK 18
19 TASK_SWITCHED_OUT IDLE
19 TASK_SWITCHED_IN CNT_INC
19 TASK_PRIORITY_SET CNT_INC 1
19 MOVED_TASK_TO_READY_STATE CNT_INC
19 TASK_PRIORITY_SET CNT_INC 0
19 MOVED_TASK_TO_READY_STATE CNT_INC
19 TASK_SWITCHED_OUT CNT_INC
19 TASK_SWITCHED_IN SUSP_RX
19 QUEUE_RECEIVE_FAILED q1
19 QUEUE_RECEIVE_FAILED q1
19 QUEUE_RECEIVE_FAILED q1
19 TASK_INCREMENT_TICK 19
20 TASK_SWITCHED_OUT SUSP_RX
20 TASK_SWITCHED_IN CNT_INC
20 TASK_PRIORITY_SET CNT_INC 1
20 MOVED_TASK_TO_READY_STATE CNT_INC
20 TASK_PRIORITY_SET CNT_INC 0
20 MOVED_TASK_TO_READY_STATE CNT_INC
20 TASK_SWITCHED_OUT CNT_INC
20 TASK_SWITCHED_IN IDLE
20 TASK_SWITCHED_OUT IDLE
20 TASK_SWITCHED_IN CNT_INC
20 TASK_PRIORITY_SET CNT_INC 1
20 MOVED_TASK_TO_READY_STATE CNT_INC
20 TASK_PRIORITY_SET CNT_INC 0
20 MOVED_TASK_TO_READY_STATE CNT_INC
20 TASK_SWITCHED_OUT CNT_INC
20 TASK_SWITCHED_IN SUSP_RX
20 QUEUE_RECEIVE_FAILED q1
20 QUEUE_RECEIVE_FAILED q1
20 TASK_INCREMENT_TICK 20
20 QUEUE_RECEIVE_FAILED q1
20 TASK_INCREMENT_TICK 20
21 TASK_SWITCHED_OUT SUSP_RX
21 TASK_SWITCHED_IN IDLE
21 TASK_INCREMENT_TICK 21
22 TASK_SWITCHED_OUT IDLE
22 TASK_SWITCHED_IN CNT_INC
22 TASK_PRIORITY_SET CNT_INC 1
22 MOVED_TASK_TO_READY_STATE CNT_INC
22 TASK_PRIORITY_SET CNT_INC 0
22 MOVED_TASK_TO_READY_STATE CNT_INC
22 TASK_SWITCHED_OUT CNT_INC
22 TASK_SWITCHED_IN SUSP_RX
22 QUEUE_RECEIVE_FAILED q1
22 QUEUE_RECEIVE_FAILED q1
22 QUEUE_RECEIVE_FAILED q1
22 TASK_INCREMENT_TICK 22
23 TASK_SWITCHED_OUT SUSP_RX
23 TASK_SWITCHED_IN CNT_INC
23 TASK_PRIORITY_SET CNT_INC 1
23 MOVED_TASK_TO_READY_STATE CNT_INC
23 TASK_PRIORITY_SET CNT_INC 0
23 MOVED_TASK_TO_READY_STATE CNT_INC
23 TASK_SWITCHED_OUT CNT_INC
23 TASK_SWITCHED_IN IDLE
23 TASK_SWITCHED_OUT IDLE
23 TASK_SWITCHED_IN CNT_INC
23 TASK_PRIORITY_SET CNT_INC 1
23 MOVED_TASK_TO_READY_STATE CNT_INC
23 TASK_PRIORITY_SET CNT_INC 0
23 MOVED_TASK_TO_READY_STATE CNT_INC
23 TASK_SWITCHED_OUT CNT_INC
23 TASK_SWITCHED_IN SUSP_RX
23 QUEUE_RECEIVE_FAILED q1
23 QUEUE_RECEIVE_FAILED q1
23 TASK_INCREMENT_TICK 23
23 QUEUE_RECEIVE_FAILED q1
23 TASK_INCREMENT_TICK 23
24 TASK_SWITCHED_OUT SUSP_RX
24 TASK_SWITCHED_IN IDLE
24 TASK_INCREMENT_TICK 24
25 TASK_SWITCHED_OUT IDLE
25 TASK_SWITCHED_IN CNT_INC
25 TASK_PRIORITY_SET CNT_INC 1
25 MOVED_TASK_TO_READY_STATE CNT_INC
25 TASK_PRIORITY_SET CNT_INC 0
25 MOVED_TASK_TO_READY_STATE CNT_INC
25 TASK_SWITCHED_OUT CNT_INC
25 TASK_SWITCHED_IN SUSP_RX
25 QUEUE_RECEIVE_FAILED q1
25 QUEUE_RECEIVE_FAILED q1
25 QUEUE_RECEIVE_FAILED q1
25 TASK_INCREMENT_TICK 25
26 TASK_SWITCHED_OUT SUSP_RX
26 TASK_SWITCHED_IN CNT_INC
26 TASK_PRIORITY_SET CNT_INC 1
26 MOVED_TASK_TO_READY_STATE CNT_INC
26 TASK_PRIORITY_SET CNT_INC 0
26 MOVED_TASK_TO_READY_STATE CNT_INC
26 TASK_SWITCHED_OUT CNT_INC
26 TASK_SWITCHED_IN IDLE
26 TASK_SWITCHED_OUT IDLE
26 TASK_SWITCHED_IN CNT_INC
26 TASK_PRIORITY_SET CNT_INC 1
26 MOVED_TASK_TO_READY_STATE CNT_INC
26 TASK_PRIORITY_SET CNT_INC 0
26 MOVED_TASK_TO_READY_STATE CNT_INC
26 TASK_SWITCHED_OUT CNT_INC
26 TASK_SWITCHED_IN SUSP_RX
26 QUEUE_RECEIVE_FAILED q1
26 QUEUE_RECEIVE_FAILED q1
26 TASK_INCREMENT_TICK 26
26 QUEUE_RECEIVE_FAILED q1
26 TASK_INCREMENT_TICK 26
27 TASK_SWITCHED_OUT SUSP_RX
27 TASK_SWITCHED_IN IDLE
27 TASK_INCREMENT_TICK 27
28 TASK_SWITCHED_OUT IDLE
28 TASK_SWITCHED_IN CNT_INC
28 TASK_PRIORITY_SET CNT_INC 1
28 MOVED_TASK_TO_READY_STATE CNT_INC
28 TASK_PRIORITY_SET CNT_INC 0
28 MOVED_TASK_TO_READY_STATE CNT_INC
28 TASK_SWITCHED_OUT CNT_INC
28 TASK_SWITCHED_IN SUSP_RX
28 QUEUE_RECEIVE_FAILED q1
28 QUEUE_RECEIVE_FAILED q1
28 QUEUE_RECEIVE_FAILED q1
28 TASK_INCREMENT_TICK 28
29 TASK_SWITCHED_OUT SUSP_RX
29 TASK_SWITCHED_IN CNT_INC
29 TASK_PRIORITY_SET CNT_INC 1
29 MOVED_TASK_TO_READY_STATE CNT_INC
29 TASK_PRIORITY_SET CNT_INC 0
29 MOVED_TASK_TO_READY_STATE CNT_INC
29 TASK_SWITCHED_OUT CNT_INC
29 TASK_SWITCHED_IN IDLE
29 TASK_SWITCHED_OUT IDLE
29 TASK_SWITCHED_IN CNT_INC
29 TASK_PRIORITY_SET CNT_INC 1
29 MOVED_TASK_TO_READY_STATE CNT_INC
29 TASK_PRIORITY_SET CNT_INC 0
29 MOVED_TASK_TO_READY_STATE CNT_INC
29 TASK_SWITCHED_OUT CNT_INC
29 TASK_SWITCHED_IN SUSP_RX
29 QUEUE_RECEIVE_FAILED q1
29 QUEUE_RECEIVE_FAILED q1
29 TASK_INCREMENT_TICK 29
29 QUEUE_RECEIVE_FAILED q1
29 TASK_INCREMENT_TICK 29
30 TASK_SWITCHED_OUT SUSP_RX
30 TASK_SWITCHED_IN IDLE
30 TASK_INCREMENT_TICK 30
31 TASK_SWITCHED_OUT IDLE
31 TASK_SWITCHED_IN CNT_INC
31 TASK_PRIORITY_SET CNT_INC 1
31 MOVED_TASK_TO_READY_STATE CNT_INC
31 TASK_PRIORITY_SET CNT_INC 0
31 MOVED_TASK_TO_READY_STATE CNT_INC
31 TASK_SWITCHED_OUT CNT_INC
31 TASK_SWITCHED_IN SUSP_RX
31 QUEUE_RECEIVE_FAILED q1
31 QUEUE_RECEIVE_FAILED q1
31 QUEUE_RECEIVE_FAILED q1
31 TASK_INCREMENT_TICK 31
32 TASK_SWITCHED_OUT SUSP_RX
32 TASK_SWITCHED_IN CNT_INC
32 TASK_PRIORITY_SET CNT_INC 1
32 MOVED_TASK_TO_READY_STATE CNT_INC
32 TASK_PRIORITY_SET CNT_INC 0
32 MOVED_TASK_TO_READY_STATE CNT_INC
32 TASK_SWITCHED_OUT CNT_INC
32 TASK_SWITCHED_IN IDLE
32 TASK_SWITCHED_OUT IDLE
32 TASK_SWITCHED_IN CNT_INC
32 TASK_PRIORITY_SET CNT_INC 1
32 MOVED_TASK_TO_READY_STATE CNT_INC
32 TASK_PRIORITY_SET CNT_INC 0
32 MOVED_TASK_TO_READY_STATE CNT_INC
32 TASK_SWITCHED_OUT CNT_INC
32 TASK_SWITCHED_IN SUSP_RX
32 QUEUE_RECEIVE_FAILED q1
32 QUEUE_RECEIVE_FAILED q1
32 TASK_INCREMENT_TICK 32
32 QUEUE_RECEIVE_FAILED q1
32 TASK_INCREMENT_TICK 32
33 TASK_SWITCHED_OUT SUSP_RX
33 TASK_SWITCHED_IN IDLE
33 TASK_INCREMENT_TICK 33
34 TASK_SWITCHED_OUT IDLE
34 TASK_SWITCHED_IN CNT_INC
34 TASK_PRIORITY_SET CNT_INC 1
34 MOVED_TASK_TO_READY_STATE CNT_INC
34 TASK_PRIORITY_SET CNT_INC 0
34 MOVED_TASK_TO_READY_STATE CNT_INC
34 TASK_SWITCHED_OUT CNT_INC
34 TASK_SWITCHED_IN SUSP_RX
34 QUEUE_RECEIVE_FAILED q1
34 QUEUE_RECEIVE_FAILED q1
34 QUEUE_RECEIVE_FAILED q1
34 TASK_INCREMENT_TICK 34
35 TASK_SWITCHED_OUT SUSP_RX
35 TASK_SWITCHED_IN CNT_INC
35 TASK_PRIORITY_SET CNT_INC 1
35 MOVED_TASK_TO_READY_STATE CNT_INC
35 TASK_PRIORITY_SET CNT_INC 0
35 MOVED_TASK_TO_READY_STATE CNT_INC
35 TASK_SWITCHED_OUT CNT_INC
35 TASK_SWITCHED_IN IDLE
35 TASK_SWITCHED_OUT IDLE
35 TASK_SWITCHED_IN CNT_INC
35 TASK_PRIORITY_SET CNT_INC 1
35 MOVED_TASK_TO_READY_STATE CNT_INC
35 TASK_PRIORITY_SET CNT_INC 0
35 MOVED_TASK_TO_READY_STATE CNT_INC
35 TASK_SWITCHED_OUT CNT_INC
35 TASK_SWITCHED_IN SUSP_RX
35 QUEUE_RECEIVE_FAILED q1
35 QUEUE_RECEIVE_FAILED q1
35 TASK_INCREMENT_TICK 35
35 QUEUE_RECEIVE_FAILED q1
35 TASK_INCREMENT_TICK 35
36 TASK_SWITCHED_OUT SUSP_RX
36 TASK_SWITCHED_IN IDLE
36 TASK_INCREMENT_TICK 36
37 TASK_SWITCHED_OUT IDLE
37 TASK_SWITCHED_IN CNT_INC
37 TASK_PRIORITY_SET CNT_INC 1
37 MOVED_TASK_TO_READY_STATE CNT_INC
37 TASK_PRIORITY_SET CNT_INC 0
37 MOVED_TASK_TO_READY_STATE CNT_INC
37 TASK_SWITCHED_OUT CNT_INC
37 TASK_SWITCHED_IN SUSP_RX
37 QUEUE_RECEIVE_FAILED q1
37 QUEUE_RECEIVE_FAILED q1
37 QUEUE_RECEIVE_FAILED q1
37 TASK_INCREMENT_TICK 37
38 TASK_SWITCHED_OUT SUSP_RX
38 TASK_SWITCHED_IN CNT_INC
38 TASK_PRIORITY_SET CNT_INC 1
38 MOVED_TASK_TO_READY_STATE CNT_INC
38 TASK_PRIORITY_SET CNT_INC 0
38 MOVED_TASK_TO_READY_STATE CNT_INC
38 TASK_SWITCHED_OUT CNT_INC
38 TASK_SWITCHED_IN IDLE
38 TASK_SWITCHED_OUT IDLE
38 TASK_SWITCHED_IN CNT_INC
38 TASK_PRIORITY_SET CNT_INC 1
38 MOVED_TASK_TO_READY_STATE CNT_INC
38 TASK_PRIORITY_SET CNT_INC 0
38 MOVED_TASK_TO_READY_STATE CNT_INC
38 TASK_SWITCHED_OUT CNT_INC
38 TASK_SWITCHED_IN SUSP_RX
38 QUEUE_RECEIVE_FAILED q1
38 QUEUE_RECEIVE_FAILED q1
38 TASK_INCREMENT_TICK 38
38 QUEUE_RECEIVE_FAILED q1
38 TASK_INCREMENT_TICK 38
39 TASK_SWITCHED_OUT SUSP_RX
39 TASK_SWITCHED_IN IDLE
39 TASK_INCREMENT_TICK 39
40 TASK_SWITCHED_OUT IDLE
40 TASK_SWITCHED_IN CNT_INC
40 TASK_PRIORITY_SET CNT_INC 1
40 MOVED_TASK_TO_READY_STATE CNT_INC
40 TASK_PRIORITY_SET CNT_INC 0
40 MOVED_TASK_TO_READY_STATE CNT_INC
40 TASK_SWITCHED_OUT CNT_INC
40 TASK_SWITCHED_IN SUSP_RX
40 QUEUE_RECEIVE_FAILED q1
40 QUEUE_RECEIVE_FAILED q1
40 QUEUE_RECEIVE_FAILED q1
40 TASK_INCREMENT_TICK 40
41 TASK_SWITCHED_OUT SUSP_RX
41 TASK_SWITCHED_IN CNT_INC
41 TASK_PRIORITY_SET CNT_INC 1
41 MOVED_TASK_TO_READY_STATE CNT_INC
41 TASK_PRIORITY_SET CNT_INC 0
41 MOVED_TASK_TO_READY_STATE CNT_INC
41 TASK_SWITCHED_OUT CNT_INC
41 TASK_SWITCHED_IN IDLE
41 TASK_SWITCHED_OUT IDLE
41 TASK_SWITCHED_IN CNT_INC
41 TASK_PRIORITY_SET CNT_INC 1
41 MOVED_TASK_TO_READY_STATE CNT_INC
41 TASK_PRIORITY_SET CNT_INC 0
41 MOVED_TASK_TO_READY_STATE CNT_INC
41 TASK_SWITCHED_OUT CNT_INC
41 TASK_SWITCHED_IN SUSP_RX
41 QUEUE_RECEIVE_FAILED q1
41 QUEUE_RECEIVE_FAILED q1
41 TASK_INCREMENT_TICK 41
41 QUEUE_RECEIVE_FAILED q1
41 TASK_INCREMENT_TICK 41
42 TASK_SWITCHED_OUT SUSP_RX
42 TASK_SWITCHED_IN IDLE
42 TASK_INCREMENT_TICK 42
43 TASK_SWITCHED_OUT IDLE
43 TASK_SWITCHED_IN CNT_INC
43 TASK_PRIORITY_SET CNT_INC 1
43 MOVED_TASK_TO_READY_STATE CNT_INC
43 TASK_PRIORITY_SET CNT_INC 0
43 MOVED_TASK_TO_READY_STATE CNT_INC
43 TASK_SWITCHED_OUT CNT_INC
43 TASK_SWITCHED_IN SUSP_RX
43 QUEUE_RECEIVE_FAILED q1
43 QUEUE_RECEIVE_FAILED q1
43 QUEUE_RECEIVE_FAILED q1
43 TASK_INCREMENT_TICK 43
44 TASK_SWITCHED_OUT SUSP_RX
44 TASK_SWITCHED_IN CNT_INC
44 TASK_PRIORITY_SET CNT_INC 1
44 MOVED_TASK_TO_READY_STATE CNT_INC
44 TASK_PRIORITY_SET CNT_INC 0
44 MOVED_TASK_TO_READY_STATE CNT_INC
44 TASK_SWITCHED_OUT CNT_INC
44 TASK_SWITCHED_IN IDLE
44 TASK_SWITCHED_OUT IDLE
44 TASK_SWITCHED_IN CNT_INC
44 TASK_PRIORITY_SET CNT_INC 1
44 MOVED_TASK_TO_READY_STATE CNT_INC
44 TASK_PRIORITY_SET CNT_INC 0
44 MOVED_TASK_TO_READY_STATE CNT_INC
44 TASK_SWITCHED_OUT CNT_INC
44 TASK_SWITCHED_IN SUSP_RX
44 QUEUE_RECEIVE_FAILED q1
44 QUEUE_RECEIVE_FAILED q1
44 TASK_INCREMENT_TICK 44
44 QUEUE_RECEIVE_FAILED q1
44 TASK_INCREMENT_TICK 44
45 TASK_SWITCHED_OUT SUSP_RX
45 TASK_SWITCHED_IN IDLE
45 TASK_INCREMENT_TICK 45
46 TASK_SWITCHED_OUT IDLE
46 TASK_SWITCHED_IN CNT_INC
46 TASK_PRIORITY_SET CNT_INC 1
46 MOVED_TASK_TO_READY_STATE CNT_INC
46 TASK_PRIORITY_SET CNT_INC 0
46 MOVED_TASK_TO_READY_STATE CNT_INC
46 TASK_SWITCHED_OUT CNT_INC
46 TASK_SWITCHED_IN SUSP_RX
46 QUEUE_RECEIVE_FAILED q1
46 QUEUE_RECEIVE_FAILED q1
46 QUEUE_RECEIVE_FAILED q1
46 TASK_INCREMENT_TICK 46
47 TASK_SWITCHED_OUT SUSP_RX
47 TASK_SWITCHED_IN CNT_INC
47 TASK_PRIORITY_SET CNT_INC 1
47 MOVED_TASK_TO_READY_STATE CNT_INC
47 TASK_PRIORITY_SET CNT_INC 0
47 MOVED_TASK_TO_READY_STATE CNT_INC
47 TASK_SWITCHED_OUT CNT_INC
47 TASK_SWITCHED_IN IDLE
47 TASK_SWITCHED_OUT IDLE
47 TASK_SWITCHED_IN CNT_INC
47 TASK_PRIORITY_SET CNT_INC 1
47 MOVED_TASK_TO_READY_STATE CNT_INC
47 TASK_PRIORITY_SET CNT_INC 0
47 MOVED_TASK_TO_READY_STATE CNT_INC
47 TASK_SWITCHED_OUT CNT_INC
47 TASK_SWITCHED_IN SUSP_RX
47 QUEUE_RECEIVE_FAILED q1
47 QUEUE_RECEIVE_FAILED q1
47 TASK_INCREMENT_TICK 47
47 QUEUE_RECEIVE_FAILED q1
47 TASK_INCREMENT_TICK 47
48 TASK_SWITCHED_OUT SUSP_RX
48 TASK_SWITCHED_IN IDLE
48 TASK_INCREMENT_TICK 48
49 TASK_SWITCHED_OUT IDLE
49 TASK_SWITCHED_IN CNT_INC
49 TASK_PRIORITY_SET CNT_INC 1
49 MOVED_TASK_TO_READY_STATE CNT_INC
49 TASK_PRIORITY_SET CNT_INC 0
49 MOVED_TASK_TO_READY_STATE CNT_INC
49 TASK_SWITCHED_OUT CNT_INC
49 TASK_SWITCHED_IN SUSP_RX
49 QUEUE_RECEIVE_FAILED q1
49 QUEUE_RECEIVE_FAILED q1
49 QUEUE_RECEIVE_FAILED q1
49 TASK_INCREMENT_TICK 49
50 TASK_SWITCHED_OUT SUSP_RX
50 TASK_SWITCHED_IN CNT_INC
50 TASK_PRIORITY_SET CNT_INC 1
50 MOVED_TASK_TO_READY_STATE CNT_INC
50 TASK_PRIORITY_SET CNT_INC 0
50 MOVED_TASK_TO_READY_STATE CNT_INC
50 TASK_SWITCHED_OUT CNT_INC
50 TASK_SWITCHED_IN IDLE
50 TASK_SWITCHED_OUT IDLE
50 TASK_SWITCHED_IN CNT_INC
50 TASK_PRIORITY_SET CNT_INC 1
50 MOVED_TASK_TO_READY_STATE CNT_INC
50 TASK_PRIORITY_SET CNT_INC 0
50 MOVED_TASK_TO_READY_STATE CNT_INC
50 TASK_SWITCHED_OUT CNT_INC
50 TASK_SWITCHED_IN SUSP_RX
50 QUEUE_RECEIVE_FAILED q1
50 QUEUE_RECEIVE_FAILED q1
50 TASK_INCREMENT_TICK 50
50 QUEUE_RECEIVE_FAILED q1
50 TASK_INCREMENT_TICK 50
51 TASK_SWITCHED_OUT SUSP_RX
51 TASK_SWITCHED_IN IDLE
51 TASK_INCREMENT_TICK 51
52 TASK_SWITCHED_OUT IDLE
52 TASK_SWITCHED_IN CNT_INC
52 TASK_PRIORITY_SET CNT_INC 1
52 MOVED_TASK_TO_READY_STATE CNT_INC
52 TASK_PRIORITY_SET CNT_INC 0
52 MOVED_TASK_TO_READY_STATE CNT_INC
52 TASK_SWITCHED_OUT CNT_INC
52 TASK_SWITCHED_IN SUSP_RX
52 QUEUE_RECEIVE_FAILED q1
52 QUEUE_RECEIVE_FAILED q1
52 QUEUE_RECEIVE_FAILED q1
52 TASK_INCREMENT_TICK 52
53 TASK_SWITCHED_OUT SUSP_RX
53 TASK_SWITCHED_IN CNT_INC
53 TASK_PRIORITY_SET CNT_INC 1
53 MOVED_TASK_TO_READY_STATE CNT_INC
53 TASK_PRIORITY_SET CNT_INC 0
53 MOVED_TASK_TO_READY_STATE CNT_INC
53 TASK_SWITCHED_OUT CNT_INC
53 TASK_SWITCHED_IN IDLE
53 TASK_SWITCHED_OUT IDLE
53 TASK_SWITCHED_IN CNT_INC
53 TASK_PRIORITY_SET CNT_INC 1
53 MOVED_TASK_TO_READY_STATE CNT_INC
53 TASK_PRIORITY_SET CNT_INC 0
53 MOVED_TASK_TO_READY_STATE CNT_INC
53 TASK_SWITCHED_OUT CNT_INC
53 TASK_SWITCHED_IN SUSP_RX
53 QUEUE_RECEIVE_FAILED q1
53 QUEUE_RECEIVE_FAILED q1
53 TASK_INCREMENT_TICK 53
53 QUEUE_RECEIVE_FAILED q1
53 TASK_INCREMENT_TICK 53
54 TASK_SWITCHED_OUT SUSP_RX
54 TASK_SWITCHED_IN IDLE
54 TASK_INCREMENT_TICK 54
55 TASK_SWITCHED_OUT IDLE
55 TASK_SWITCHED_IN CNT_INC
55 TASK_PRIORITY_SET CNT_INC 1
55 MOVED_TASK_TO_READY_STATE CNT_INC
55 TASK_PRIORITY_SET CNT_INC 0
55 MOVED_TASK_TO_READY_STATE CNT_INC
55 TASK_SWITCHED_OUT CNT_INC
55 TASK_SWITCHED_IN SUSP_RX
55 QUEUE_RECEIVE_FAILED q1
55 QUEUE_RECEIVE_FAILED q1
55 QUEUE_RECEIVE_FAILED q1
55 TASK_INCREMENT_TICK 55
56 TASK_SWITCHED_OUT SUSP_RX
56 TASK_SWITCHED_IN CNT_INC
56 TASK_PRIORITY_SET CNT_INC 1
56 MOVED_TASK_TO_READY_STATE CNT_INC
56 TASK_PRIORITY_SET CNT_INC 0
56 MOVED_TASK_TO_READY_STATE CNT_INC
56 TASK_SWITCHED_OUT CNT_INC
56 TASK_SWITCHED_IN IDLE
56 TASK_SWITCHED_OUT IDLE
56 TASK_SWITCHED_IN CNT_INC
56 TASK_PRIORITY_SET CNT_INC 1
56 MOVED_TASK_TO_READY_STATE CNT_INC
56 TASK_PRIORITY_SET CNT_INC 0
56 MOVED_TASK_TO_READY_STATE CNT_INC
56 TASK_SWITCHED_OUT CNT_INC
56 TASK_SWITCHED_IN SUSP_RX
56 QUEUE_RECEIVE_FAILED q1
56 QUEUE_RECEIVE_FAILED q1
56 TASK_INCREMENT_TICK 56
56 QUEUE_RECEIVE_FAILED q1
56 TASK_INCREMENT_TICK 56
57 TASK_SWITCHED_OUT SUSP_RX
57 TASK_SWITCHED_IN IDLE
57 TASK_INCREMENT_TICK 57
58 TASK_SWITCHED_OUT IDLE
58 TASK_SWITCHED_IN CNT_INC
58 TASK_PRIORITY_SET CNT_INC 1
58 MOVED_TASK_TO_READY_STATE CNT_INC
58 TASK_PRIORITY_SET CNT_INC 0
58 MOVED_TASK_TO_READY_STATE CNT_INC
58 TASK_SWITCHED_OUT CNT_INC
58 TASK_SWITCHED_IN SUSP_RX
58 QUEUE_RECEIVE_FAILED q1
58 QUEUE_RECEIVE_FAILED q1
58 QUEUE_RECEIVE_FAILED q1
58 TASK_INCREMENT_TICK 58
59 TASK_SWITCHED_OUT SUSP_RX
59 TASK_SWITCHED_IN CNT_INC
59 TASK_PRIORITY_SET CNT_INC 1
59 MOVED_TASK_TO_READY_STATE CNT_INC
59 TASK_PRIORITY_SET CNT_INC 0
59 MOVED_TASK_TO_READY_STATE CNT_INC
59 TASK_SWITCHED_OUT CNT_INC
59 TASK_SWITCHED_IN IDLE
59 TASK_SWITCHED_OUT IDLE
59 TASK_SWITCHED_IN CNT_INC
59 TASK_PRIORITY_SET CNT_INC 1
59 MOVED_TASK_TO_READY_STATE CNT_INC
59 TASK_PRIORITY_SET CNT_INC 0
59 MOVED_TASK_TO_READY_STATE CNT_INC
59 TASK_SWITCHED_OUT CNT_INC
59 TASK_SWITCHED_IN SUSP_RX
59 QUEUE_RECEIVE_FAILED q1
59 QUEUE_RECEIVE_FAILED q1
59 TASK_INCREMENT_TICK 59
59 QUEUE_RECEIVE_FAILED q1
59 TASK_INCREMENT_TICK 59
60 TASK_SWITCHED_OUT SUSP_RX
60 TASK_SWITCHED_IN IDLE
60 TASK_INCREMENT_TICK 60
61 TASK_SWITCHED_OUT IDLE
61 TASK_SWITCHED_IN CNT_INC
61 TASK_PRIORITY_SET CNT_INC 1
61 MOVED_TASK_TO_READY_STATE CNT_INC
61 TASK_PRIORITY_SET CNT_INC 0
61 MOVED_TASK_TO_READY_STATE CNT_INC
61 TASK_SWITCHED_OUT CNT_INC
61 TASK_SWITCHED_IN SUSP_RX
61 QUEUE_RECEIVE_FAILED q1
61 QUEUE_RECEIVE_FAILED q1
61 QUEUE_RECEIVE_FAILED q1
61 TASK_INCREMENT_TICK 61
62 TASK_SWITCHED_OUT SUSP_RX
62 TASK_SWITCHED_IN CNT_INC
62 TASK_PRIORITY_SET CNT_INC 1
62 MOVED_TASK_TO_READY_STATE CNT_INC
62 TASK_PRIORITY_SET CNT_INC 0
62 MOVED_TASK_TO_READY_STATE CNT_INC
62 TASK_SWITCHED_OUT CNT_INC
62 TASK_SWITCHED_IN IDLE
62 TASK_SWITCHED_OUT IDLE
62 TASK_SWITCHED_IN CNT_INC
62 TASK_PRIORITY_SET CNT_INC 1
62 MOVED_TASK_TO_READY_STATE CNT_INC
62 TASK_PRIORITY_SET CNT_INC 0
62 MOVED_TASK_TO_READY_STATE CNT_INC
62 TASK_SWITCHED_OUT CNT_INC
62 TASK_SWITCHED_IN SUSP_RX
62 QUEUE_RECEIVE_FAILED q1
62 QUEUE_RECEIVE_FAILED q1
62 TASK_INCREMENT_TICK 62
62 QUEUE_RECEIVE_FAILED q1
62 TASK_INCREMENT_TICK 62
63 TASK_SWITCHED_OUT SUSP_RX
63 TASK_SWITCHED_IN IDLE
63 TASK_INCREMENT_TICK 63
64 TASK_SWITCHED_OUT IDLE
64 TASK_SWITCHED_IN CNT_INC
64 TASK_PRIORITY_SET CNT_INC 1
64 MOVED_TASK_TO_READY_STATE CNT_INC
64 TASK_PRIORITY_SET CNT_INC 0
64 MOVED_TASK_TO_READY_STATE CNT_INC
64 TASK_SWITCHED_OUT CNT_INC
64 TASK_SWITCHED_IN SUSP_RX
64 QUEUE_RECEIVE_FAILED q1
64 QUEUE_RECEIVE_FAILED q1
64 QUEUE_RECEIVE_FAILED q1
64 TASK_INCREMENT_TICK 64
65 TASK_SWITCHED_OUT SUSP_RX
65 TASK_SWITCHED_IN CNT_INC
65 TASK_PRIORITY_SET CNT_INC 1
65 MOVED_TASK_TO_READY_STATE CNT_INC
65 TASK_PRIORITY_SET CNT_INC 0
65 MOVED_TASK_TO_READY_STATE CNT_INC
65 TASK_SWITCHED_OUT CNT_INC
65 TASK_SWITCHED_IN IDLE
65 TASK_SWITCHED_OUT IDLE
65 TASK_SWITCHED_IN CNT_INC
65 TASK_PRIORITY_SET CNT_INC 1
65 MOVED_TASK_TO_READY_STATE CNT_INC
65 TASK_PRIORITY_SET CNT_INC 0
65 MOVED_TASK_TO_READY_STATE CNT_INC
65 TASK_SWITCHED_OUT CNT_INC
65 TASK_SWITCHED_IN SUSP_RX
65 QUEUE_RECEIVE_FAILED q1
65 QUEUE_RECEIVE_FAILED q1
65 TASK_INCREMENT_TICK 65
65 QUEUE_RECEIVE_FAILED q1
65 TASK_INCREMENT_TICK 65
66 TASK_SWITCHED_OUT SUSP_RX
66 TASK_SWITCHED_IN IDLE
66 TASK_INCREMENT_TICK 66
67 TASK_SWITCHED_OUT IDLE
67 TASK_SWITCHED_IN CNT_INC
67 TASK_PRIORITY_SET CNT_INC 1
67 MOVED_TASK_TO_READY_STATE CNT_INC
67 TASK_PRIORITY_SET CNT_INC 0
67 MOVED_TASK_TO_READY_STATE CNT_INC
67 TASK_SWITCHED_OUT CNT_INC
67 TASK_SWITCHED_IN SUSP_RX
67 QUEUE_RECEIVE_FAILED q1
67 QUEUE_RECEIVE_FAILED q1
67 QUEUE_RECEIVE_FAILED q1
67 TASK_INCREMENT_TICK 67
68 TASK_SWITCHED_OUT SUSP_RX
68 TASK_SWITCHED_IN CNT_INC
68 TASK_PRIORITY_SET CNT_INC 1
68 MOVED_TASK_TO_READY_STATE CNT_INC
68 TASK_PRIORITY_SET CNT_INC 0
68 MOVED_TASK_TO_READY_STATE CNT_INC
68 TASK_SWITCHED_OUT CNT_INC
68 TASK_SWITCHED_IN IDLE
68 TASK_SWITCHED_OUT IDLE
68 TASK_SWITCHED_IN CNT_INC
68 TASK_PRIORITY_SET CNT_INC 1
68 MOVED_TASK_TO_READY_STATE CNT_INC
68 TASK_PRIORITY_SET CNT_INC 0
68 MOVED_TASK_TO_READY_STATE CNT_INC
68 TASK_SWITCHED_OUT CNT_INC
68 TASK_SWITCHED_IN SUSP_RX
68 QUEUE_RECEIVE_FAILED q1
68 QUEUE_RECEIVE_FAILED q1
68 TASK_INCREMENT_TICK 68
68 QUEUE_RECEIVE_FAILED q1
68 TASK_INCREMENT_TICK 68
69 TASK_SWITCHED_OUT SUSP_RX
69 TASK_SWITCHED_IN IDLE
69 TASK_INCREMENT_TICK 69
70 TASK_SWITCHED_OUT IDLE
70 TASK_SWITCHED_IN CNT_INC
70 TASK_PRIORITY_SET CNT_INC 1
70 MOVED_TASK_TO_READY_STATE CNT_INC
70 TASK_PRIORITY_SET CNT_INC 0
70 MOVED_TASK_TO_READY_STATE CNT_INC
70 TASK_SWITCHED_OUT CNT_INC
70 TASK_SWITCHED_IN SUSP_RX
70 QUEUE_RECEIVE_FAILED q1
70 QUEUE_RECEIVE_FAILED q1
70 QUEUE_RECEIVE_FAILED q1
70 TASK_INCREMENT_TICK 70
71 TASK_SWITCHED_OUT SUSP_RX
71 TASK_SWITCHED_IN CNT_INC
71 TASK_PRIORITY_SET CNT_INC 1
71 MOVED_TASK_TO_READY_STATE CNT_INC
71 TASK_PRIORITY_SET CNT_INC 0
71 MOVED_TASK_TO_READY_STATE CNT_INC
71 TASK_SWITCHED_OUT CNT_INC
71 TASK_SWITCHED_IN IDLE
71 TASK_SWITCHED_OUT IDLE
71 TASK_SWITCHED_IN CNT_INC
71 TASK_PRIORITY_SET CNT_INC 1
71 MOVED_TASK_TO_READY_STATE CNT_INC
71 TASK_PRIORITY_SET CNT_INC 0
71 MOVED_TASK_TO_READY_STATE CNT_INC
71 TASK_SWITCHED_OUT CNT_INC
71 TASK_SWITCHED_IN SUSP_RX
71 QUEUE_RECEIVE_FAILED q1
71 QUEUE_RECEIVE_FAILED q1
71 TASK_INCREMENT_TICK 71
71 QUEUE_RECEIVE_FAILED q1
71 TASK_INCREMENT_TICK 71
72 TASK_SWITCHED_OUT SUSP_RX
72 TASK_SWITCHED_IN IDLE
72 TASK_INCREMENT_TICK 72
73 TASK_SWITCHED_OUT IDLE
73 TASK_SWITCHED_IN CNT_INC
73 TASK_PRIORITY_SET CNT_INC 1
73 MOVED_TASK_TO_READY_STATE CNT_INC
73 TASK_PRIORITY_SET CNT_INC 0
73 MOVED_TASK_TO_READY_STATE CNT_INC
73 TASK_SWITCHED_OUT CNT_INC
73 TASK_SWITCHED_IN SUSP_RX
73 QUEUE_RECEIVE_FAILED q1
73 QUEUE_RECEIVE_FAILED q1
73 QUEUE_RECEIVE_FAILED q1
73 TASK_INCREMENT_TICK 73
74 TASK_SWITCHED_OUT SUSP_RX
74 TASK_SWITCHED_IN CNT_INC
74 TASK_PRIORITY_SET CNT_INC 1
74 MOVED_TASK_TO_READY_STATE CNT_INC
74 TASK_PRIORITY_SET CNT_INC 0
74 MOVED_TASK_TO_READY_STATE CNT_INC
74 TASK_SWITCHED_OUT CNT_INC
74 TASK_SWITCHED_IN IDLE
74 TASK_SWITCHED_OUT IDLE
74 TASK_SWITCHED_IN CNT_INC
74 TASK_PRIORITY_SET CNT_INC 1
74 MOVED_TASK_TO_READY_STATE CNT_INC
74 TASK_PRIORITY_SET CNT_INC 0
74 MOVED_TASK_TO_READY_STATE CNT_INC
74 TASK_SWITCHED_OUT CNT_INC
74 TASK_SWITCHED_IN SUSP_RX
74 QUEUE_RECEIVE_FAILED q1
74 QUEUE_RECEIVE_FAILED q1
74 TASK_INCREMENT_TICK 74
74 QUEUE_RECEIVE_FAILED q1
74 TASK_INCREMENT_TICK 74
75 TASK_SWITCHED_OUT SUSP_RX
75 TASK_SWITCHED_IN IDLE
75 TASK_INCREMENT_TICK 75
76 TASK_SWITCHED_OUT IDLE
76 TASK_SWITCHED_IN CNT_INC
76 TASK_PRIORITY_SET CNT_INC 1
76 MOVED_TASK_TO_READY_STATE CNT_INC
76 TASK_PRIORITY_SET CNT_INC 0
76 MOVED_TASK_TO_READY_STATE CNT_INC
76 TASK_SWITCHED_OUT CNT_INC
76 TASK_SWITCHED_IN SUSP_RX
76 QUEUE_RECEIVE_FAILED q1
76 QUEUE_RECEIVE_FAILED q1
76 QUEUE_RECEIVE_FAILED q1
76 TASK_INCREMENT_TICK 76
77 TASK_SWITCHED_OUT SUSP_RX
77 TASK_SWITCHED_IN CNT_INC
77 TASK_PRIORITY_SET CNT_INC 1
77 MOVED_TASK_TO_READY_STATE CNT_INC
77 TASK_PRIORITY_SET CNT_INC 0
77 MOVED_TASK_TO_READY_STATE CNT_INC
77 TASK_SWITCHED_OUT CNT_INC
77 TASK_SWITCHED_IN IDLE
77 TASK_SWITCHED_OUT IDLE
77 TASK_SWITCHED_IN CNT_INC
77 TASK_PRIORITY_SET CNT_INC 1
77 MOVED_TASK_TO_READY_STATE CNT_INC
77 TASK_PRIORITY_SET CNT_INC 0
77 MOVED_TASK_TO_READY_STATE CNT_INC
77 TASK_SWITCHED_OUT CNT_INC
77 TASK_SWITCHED_IN SUSP_RX
77 QUEUE_RECEIVE_FAILED q1
77 QUEUE_RECEIVE_FAILED q1
77 TASK_INCREMENT_TICK 77
77 QUEUE_RECEIVE_FAILED q1
77 TASK_INCREMENT_TICK 77
78 TASK_SWITCHED_OUT SUSP_RX
78 TASK_SWITCHED_IN IDLE
78 TASK_INCREMENT_TICK 78
79 TASK_SWITCHED_OUT IDLE
79 TASK_SWITCHED_IN CNT_INC
79 TASK_PRIORITY_SET CNT_INC 1
79 MOVED_TASK_TO_READY_STATE CNT_INC
79 TASK_PRIORITY_SET CNT_INC 0
79 MOVED_TASK_TO_READY_STATE CNT_INC
79 TASK_SWITCHED_OUT CNT_INC
79 TASK_SWITCHED_IN SUSP_RX
79 QUEUE_RECEIVE_FAILED q1
79 QUEUE_RECEIVE_FAILED q1
79 QUEUE_RECEIVE_FAILED q1
79 TASK_INCREMENT_TICK 79
80 TASK_SWITCHED_OUT SUSP_RX
80 TASK_SWITCHED_IN CNT_INC
80 TASK_PRIORITY_SET CNT_INC 1
80 MOVED_TASK_TO_READY_STATE CNT_INC
80 TASK_PRIORITY_SET CNT_INC 0
80 MOVED_TASK_TO_READY_STATE CNT_INC
80 TASK_SWITCHED_OUT CNT_INC
80 TASK_SWITCHED_IN IDLE
80 TASK_SWITCHED_OUT IDLE
80 TASK_SWITCHED_IN CNT_INC
80 TASK_PRIORITY_SET CNT_INC 1
80 MOVED_TASK_TO_READY_STATE CNT_INC
80 TASK_PRIORITY_SET CNT_INC 0
80 MOVED_TASK_TO_READY_STATE CNT_INC
80 TASK_SWITCHED_OUT CNT_INC
80 TASK_SWITCHED_IN SUSP_RX
80 QUEUE_RECEIVE_FAILED q1
80 QUEUE_RECEIVE_FAILED q1
80 TASK_INCREMENT_TICK 80
80 QUEUE_RECEIVE_FAILED q1
80 TASK_INCREMENT_TICK 80
81 TASK_SWITCHED_OUT SUSP_RX
81 TASK_SWITCHED_IN IDLE
81 TASK_INCREMENT_TICK 81
82 TASK_SWITCHED_OUT IDLE
82 TASK_SWITCHED_IN CNT_INC
82 TASK_PRIORITY_SET CNT_INC 1
82 MOVED_TASK_TO_READY_STATE CNT_INC
82 TASK_PRIORITY_SET CNT_INC 0
82 MOVED_TASK_TO_READY_STATE CNT_INC
82 TASK_SWITCHED_OUT CNT_INC
82 TASK_SWITCHED_IN SUSP_RX
82 QUEUE_RECEIVE_FAILED q1
82 QUEUE_RECEIVE_FAILED q1
82 QUEUE_RECEIVE_FAILED q1
82 TASK_INCREMENT_TICK 82
83 TASK_SWITCHED_OUT SUSP_RX
83 TASK_SWITCHED_IN CNT_INC
83 TASK_PRIORITY_SET CNT_INC 1
83 MOVED_TASK_TO_READY_STATE CNT_INC
83 TASK_PRIORITY_SET CNT_INC 0
83 MOVED_TASK_TO_READY_STATE CNT_INC
83 TASK_SWITCHED_OUT CNT_INC
83 TASK_SWITCHED_IN IDLE
83 TASK_SWITCHED_OUT IDLE
83 TASK_SWITCHED_IN CNT_INC
83 TASK_PRIORITY_SET CNT_INC 1
83 MOVED_TASK_TO_READY_STATE CNT_INC
83 TASK_PRIORITY_SET CNT_INC 0
83 MOVED_TASK_TO_READY_STATE CNT_INC
83 TASK_SWITCHED_OUT CNT_INC
83 TASK_SWITCHED_IN SUSP_RX
83 QUEUE_RECEIVE_FAILED q1
83 QUEUE_RECEIVE_FAILED q1
83 TASK_INCREMENT_TICK 83
83 QUEUE_RECEIVE_FAILED q1
83 TASK_INCREMENT_TICK 83
84 TASK_SWITCHED_OUT SUSP_RX
84 TASK_SWITCHED_IN IDLE
84 TASK_INCREMENT_TICK 84
85 TASK_SWITCHED_OUT IDLE
85 TASK_SWITCHED_IN CNT_INC
85 TASK_PRIORITY_SET CNT_INC 1
85 MOVED_TASK_TO_READY_STATE CNT_INC
85 TASK_PRIORITY_SET CNT_INC 0
85 MOVED_TASK_TO_READY_STATE CNT_INC
85 TASK_SWITCHED_OUT CNT_INC
85 TASK_SWITCHED_IN SUSP_RX
85 QUEUE_RECEIVE_FAILED q1
85 QUEUE_RECEIVE_FAILED q1
85 QUEUE_RECEIVE_FAILED q1
85 TASK_INCREMENT_TICK 85
86 TASK_SWITCHED_OUT SUSP_RX
86 TASK_SWITCHED_IN CNT_INC
86 TASK_PRIORITY_SET CNT_INC 1
86 MOVED_TASK_TO_READY_STATE CNT_INC
86 TASK_PRIORITY_SET CNT_INC 0
86 MOVED_TASK_TO_READY_STATE CNT_INC
86 TASK_SWITCHED_OUT CNT_INC
86 TASK_SWITCHED_IN IDLE
86 TASK_SWITCHED_OUT IDLE
86 TASK_SWITCHED_IN CNT_INC
86 TASK_PRIORITY_SET CNT_INC 1
86 MOVED_TASK_TO_READY_STATE CNT_INC
86 TASK_PRIORITY_SET CNT_INC 0
86 MOVED_TASK_TO_READY_STATE CNT_INC
86 TASK_SWITCHED_OUT CNT_INC
86 TASK_SWITCHED_IN SUSP_RX
86 QUEUE_RECEIVE_FAILED q1
86 QUEUE_RECEIVE_FAILED q1
86 TASK_INCREMENT_TICK 86
86 QUEUE_RECEIVE_FAILED q1
86 TASK_INCREMENT_TICK 86
87 TASK_SWITCHED_OUT SUSP_RX
87 TASK_SWITCHED_IN IDLE
87 TASK_INCREMENT_TICK 87
88 TASK_SWITCHED_OUT IDLE
88 TASK_SWITCHED_IN CNT_INC
88 TASK_PRIORITY_SET CNT_INC 1
88 MOVED_TASK_TO_READY_STATE CNT_INC
88 TASK_PRIORITY_SET CNT_INC 0
88 MOVED_TASK_TO_READY_STATE CNT_INC
88 TASK_SWITCHED_OUT CNT_INC
88 TASK_SWITCHED_IN SUSP_RX
88 QUEUE_RECEIVE_FAILED q1
88 QUEUE_RECEIVE_FAILED q1
88 QUEUE_RECEIVE_FAILED q1
88 TASK_INCREMENT_TICK 88
89 TASK_SWITCHED_OUT SUSP_RX
89 TASK_SWITCHED_IN CNT_INC
89 TASK_PRIORITY_SET CNT_INC 1
89 MOVED_TASK_TO_READY_STATE CNT_INC
89 TASK_PRIORITY_SET CNT_INC 0
89 MOVED_TASK_TO_READY_STATE CNT_INC
89 TASK_SWITCHED_OUT CNT_INC
89 TASK_SWITCHED_IN IDLE
89 TASK_SWITCHED_OUT IDLE
89 TASK_SWITCHED_IN CNT_INC
89 TASK_PRIORITY_SET CNT_INC 1
89 MOVED_TASK_TO_READY_STATE CNT_INC
89 TASK_PRIORITY_SET CNT_INC 0
89 MOVED_TASK_TO_READY_STATE CNT_INC
89 TASK_SWITCHED_OUT CNT_INC
89 TASK_SWITCHED_IN SUSP_RX
89 QUEUE_RECEIVE_FAILED q1
89 QUEUE_RECEIVE_FAILED q1
89 TASK_INCREMENT_TICK 89
89 QUEUE_RECEIVE_FAILED q1
89 TASK_INCREMENT_TICK 89
90 TASK_SWITCHED_OUT SUSP_RX
90 TASK_SWITCHED_IN IDLE
90 TASK_INCREMENT_TICK 90
91 TASK_SWITCHED_OUT IDLE
91 TASK_SWITCHED_IN CNT_INC
91 TASK_PRIORITY_SET CNT_INC 1
91 MOVED_TASK_TO_READY_STATE CNT_INC
91 TASK_PRIORITY_SET CNT_INC 0
91 MOVED_TASK_TO_READY_STATE CNT_INC
91 TASK_SWITCHED_OUT CNT_INC
91 TASK_SWITCHED_IN SUSP_RX
91 QUEUE_RECEIVE_FAILED q1
91 QUEUE_RECEIVE_FAILED q1
91 QUEUE_RECEIVE_FAILED q1
91 TASK_INCREMENT_TICK 91
92 TASK_SWITCHED_OUT SUSP_RX
92 TASK_SWITCHED_IN CNT_INC
92 TASK_PRIORITY_SET CNT_INC 1
92 MOVED_TASK_TO_READY_STATE CNT_INC
92 TASK_PRIORITY_SET CNT_INC 0
92 MOVED_TASK_TO_READY_STATE CNT_INC
92 TASK_SWITCHED_OUT CNT_INC
92 TASK_SWITCHED_IN IDLE
92 TASK_SWITCHED_OUT IDLE
92 TASK_SWITCHED_IN CNT_INC
92 TASK_PRIORITY_SET CNT_INC 1
92 MOVED_TASK_TO_READY_STATE CNT_INC
92 TASK_PRIORITY_SET CNT_INC 0
92 MOVED_TASK_TO_READY_STATE CNT_INC
92 TASK_SWITCHED_OUT CNT_INC
92 TASK_SWITCHED_IN SUSP_RX
92 QUEUE_RECEIVE_FAILED q1
92 QUEUE_RECEIVE_FAILED q1
92 TASK_INCREMENT_TICK 92
92 QUEUE_RECEIVE_FAILED q1
92 TASK_INCREMENT_TICK 92
93 TASK_SWITCHED_OUT SUSP_RX
93 TASK_SWITCHED_IN IDLE
93 TASK_INCREMENT_TICK 93
94 TASK_SWITCHED_OUT IDLE
94 TASK_SWITCHED_IN CNT_INC
94 TASK_PRIORITY_SET CNT_INC 1
94 MOVED_TASK_TO_READY_STATE CNT_INC
94 TASK_PRIORITY_SET CNT_INC 0
94 MOVED_TASK_TO_READY_STATE CNT_INC
94 TASK_SWITCHED_OUT CNT_INC
94 TASK_SWITCHED_IN SUSP_RX
94 QUEUE_RECEIVE_FAILED q1
94 QUEUE_RECEIVE_FAILED q1
94 QUEUE_RECEIVE_FAILED q1
94 TASK_INCREMENT_TICK 94
95 TASK_SWITCHED_OUT SUSP_RX
95 TASK_SWITCHED_IN CNT_INC
95 TASK_PRIORITY_SET CNT_INC 1
95 MOVED_TASK_TO_READY_STATE CNT_INC
95 TASK_PRIORITY_SET CNT_INC 0
95 MOVED_TASK_TO_READY_STATE CNT_INC
95 TASK_SWITCHED_OUT CNT_INC
95 TASK_SWITCHED_IN IDLE
95 TASK_SWITCHED_OUT IDLE
95 TASK_SWITCHED_IN CNT_INC
95 TASK_PRIORITY_SET CNT_INC 1
95 MOVED_TASK_TO_READY_STATE CNT_INC
95 TASK_PRIORITY_SET CNT_INC 0
95 MOVED_TASK_TO_READY_STATE CNT_INC
95 TASK_SWITCHED_OUT CNT_INC
95 TASK_SWITCHED_IN SUSP_RX
95 QUEUE_RECEIVE_FAILED q1
95 QUEUE_RECEIVE_FAILED q1
95 TASK_INCREMENT_TICK 95
95 QUEUE_RECEIVE_FAILED q1
95 TASK_INCREMENT_TICK 95
96 TASK_SWITCHED_OUT SUSP_RX
96 TASK_SWITCHED_IN IDLE
96 TASK_INCREMENT_TICK 96
97 TASK_SWITCHED_OUT IDLE
97 TASK_SWITCHED_IN CNT_INC
97 TASK_PRIORITY_SET CNT_INC 1
97 MOVED_TASK_TO_READY_STATE CNT_INC
97 TASK_PRIORITY_SET CNT_INC 0
97 MOVED_TASK_TO_READY_STATE CNT_INC
97 TASK_SWITCHED_OUT CNT_INC
97 TASK_SWITCHED_IN SUSP_RX
97 QUEUE_RECEIVE_FAILED q1
97 QUEUE_RECEIVE_FAILED q1
97 QUEUE_RECEIVE_FAILED q1
97 TASK_INCREMENT_TICK 97
98 TASK_SWITCHED_OUT SUSP_RX
98 TASK_SWITCHED_IN CNT_INC
98 TASK_PRIORITY_SET CNT_INC 1
98 MOVED_TASK_TO_READY_STATE CNT_INC
98 TASK_PRIORITY_SET CNT_INC 0
98 MOVED_TASK_TO_READY_STATE CNT_INC
98 TASK_SWITCHED_OUT CNT_INC
98 TASK_SWITCHED_IN IDLE
98 TASK_SWITCHED_OUT IDLE
98 TASK_SWITCHED_IN CNT_INC
98 TASK_PRIORITY_SET CNT_INC 1
98 MOVED_TASK_TO_READY_STATE CNT_INC
98 TASK_PRIORITY_SET CNT_INC 0
98 MOVED_TASK_TO_READY_STATE CNT_INC
98 TASK_SWITCHED_OUT CNT_INC
98 TASK_SWITCHED_IN SUSP_RX
98 QUEUE_RECEIVE_FAILED q1
98 QUEUE_RECEIVE_FAILED q1
98 TASK_INCREMENT_TICK 98
98 QUEUE_RECEIVE_FAILED q1
98 TASK_INCREMENT_TICK 98
99 TASK_SWITCHED_OUT SUSP_RX
99 TASK_SWITCHED_IN IDLE
99 TASK_INCREMENT_TICK 99
100 MOVED_TASK_TO_READY_STATE CHECK
100 TASK_SWITCHED_OUT IDLE
100 TASK_SWITCHED_IN CHECK
100 TASK_DELAY CHECK 100
100 MOVED_TASK_TO_DELAYED_LIST CHECK
100 TASK_SWITCHED_OUT CHECK
100 TASK_SWITCHED_IN CNT_INC
100 TASK_PRIORITY_SET CNT_INC 1
100 MOVED_TASK_TO_READY_STATE CNT_INC
100 TASK_PRIORITY_SET CNT_INC 0
100 MOVED_TASK_TO_READY_STATE CNT_INC
100 TASK_SWITCHED_OUT CNT_INC
100 TASK_SWITCHED_IN SUSP_RX
100 QUEUE_RECEIVE_FAILED q1
100 QUEUE_RECEIVE_FAILED q1
100 TASK_INCREMENT_TICK 100
100 QUEUE_RECEIVE_FAILED q1
100 TASK_INCREMENT_TICK 100
101 TASK_SWITCHED_OUT SUSP_RX
101 TASK_SWITCHED_IN CNT_INC
101 TASK_PRIORITY_SET CNT_INC 1
101 MOVED_TASK_TO_READY_STATE CNT_INC
101 TASK_PRIORITY_SET CNT_INC 0
101 MOVED_TASK_TO_READY_STATE CNT_INC
101 TASK_SWITCHED_OUT CNT_INC
101 TASK_SWITCHED_IN IDLE
101 TASK_SWITCHED_OUT IDLE
101 TASK_SWITCHED_IN CNT_INC
101 TASK_PRIORITY_SET CNT_INC 1
101 MOVED_TASK_TO_READY_STATE CNT_INC
101 TASK_PRIORITY_SET CNT_INC 0
101 MOVED_TASK_TO_READY_STATE CNT_INC
101 TASK_SWITCHED_OUT CNT_INC
101 TASK_SWITCHED_IN SUSP_RX
101 QUEUE_RECEIVE_FAILED q1
101 QUEUE_RECEIVE_FAILED q1
101 TASK_INCREMENT_TICK 101
101 TASK_INCREMENT_TICK 101
102 TASK_SWITCHED_OUT SUSP_RX
102 TASK_SWITCHED_IN IDLE
102 TASK_INCREMENT_TICK 102
103 TASK_SWITCHED_OUT IDLE
103 TASK_SWITCHED_IN CNT_INC
103 TASK_PRIORITY_SET CNT_INC 1
103 MOVED_TASK_TO_READY_STATE CNT_INC
103 TASK_PRIORITY_SET CNT_INC 0
103 MOVED_TASK_TO_READY_STATE CNT_INC
103 TASK_SWITCHED_OUT CNT_INC
103 TASK_SWITCHED_IN SUSP_RX
103 QUEUE_RECEIVE_FAILED q1
103 QUEUE_RECEIVE_FAILED q1
103 QUEUE_RECEIVE_FAILED q1
103 TASK_INCREMENT_TICK 103
103 QUEUE_RECEIVE_FAILED q1
103 TASK_INCREMENT_TICK 103
104 TASK_SWITCHED_OUT SUSP_RX
104 TASK_SWITCHED_IN CNT_INC
104 TASK_PRIORITY_SET CNT_INC 1
104 MOVED_TASK_TO_READY_STATE CNT_INC
104 TASK_PRIORITY_SET CNT_INC 0
104 MOVED_TASK_TO_READY_STATE CNT_INC
104 TASK_SWITCHED_OUT CNT_INC
104 TASK_SWITCHED_IN IDLE
104 TASK_SWITCHED_OUT IDLE
104 TASK_SWITCHED_IN CNT_INC
104 TASK_PRIORITY_SET CNT_INC 1
104 MOVED_TASK_TO_READY_STATE CNT_INC
104 TASK_PRIORITY_SET CNT_INC 0
104 MOVED_TASK_TO_READY_STATE CNT_INC
104 TASK_SWITCHED_OUT CNT_INC
104 TASK_SWITCHED_IN SUSP_RX
104 QUEUE_RECEIVE_FAILED q1
104 QUEUE_RECEIVE_FAILED q1
104 TASK_INCREMENT_TICK 104
104 TASK_INCREMENT_TICK 104
105 TASK_SWITCHED_OUT SUSP_RX
105 TASK_SWITCHED_IN IDLE
105 TASK_INCREMENT_TICK 105
106 TASK_SWITCHED_OUT IDLE
106 TASK_SWITCHED_IN CNT_INC
106 TASK_PRIORITY_SET CNT_INC 1
106 MOVED_TASK_TO_READY_STATE CNT_INC
106 TASK_PRIORITY_SET CNT_INC 0
106 MOVED_TASK_TO_READY_STATE CNT_INC
106 TASK_SWITCHED_OUT CNT_INC
106 TASK_SWITCHED_IN SUSP_RX
106 QUEUE_RECEIVE_FAILED q1
106 QUEUE_RECEIVE_FAILED q1
106 QUEUE_RECEIVE_FAILED q1
106 TASK_INCREMENT_TICK 106
106 QUEUE_RECEIVE_FAILED q1
106 TASK_INCREMENT_TICK 106
107 TASK_SWITCHED_OUT SUSP_RX
107 TASK_SWITCHED_IN CNT_INC
107 TASK_PRIORITY_SET CNT_INC 1
107 MOVED_TASK_TO_READY_STATE CNT_INC
107 TASK_PRIORITY_SET CNT_INC 0
107 MOVED_TASK_TO_READY_STATE CNT_INC
107 TASK_SWITCHED_OUT CNT_INC
107 TASK_SWITCHED_IN IDLE
107 TASK_SWITCHED_OUT IDLE
107 TASK_SWITCHED_IN CNT_INC
107 TASK_PRIORITY_SET CNT_INC 1
107 MOVED_TASK_TO_READY_STATE CNT_INC
107 TASK_PRIORITY_SET CNT_INC 0
107 MOVED_TASK_TO_READY_STATE CNT_INC
107 TASK_SWITCHED_OUT CNT_INC
107 TASK_SWITCHED_IN SUSP_RX
107 QUEUE_RECEIVE_FAILED q1
107 QUEUE_RECEIVE_FAILED q1
107 TASK_INCREMENT_TICK 107
107 TASK_INCREMENT_TICK 107
108 TASK_SWITCHED_OUT SUSP_RX
108 TASK_SWITCHED_IN IDLE
108 TASK_INCREMENT_TICK 108
109 TASK_SWITCHED_OUT IDLE
109 TASK_SWITCHED_IN CNT_INC
109 TASK_PRIORITY_SET CNT_INC 1
109 MOVED_TASK_TO_READY_STATE CNT_INC
109 TASK_PRIORITY_SET CNT_INC 0
109 MOVED_TASK_TO_READY_STATE CNT_INC
109 TASK_SWITCHED_OUT CNT_INC
109 TASK_SWITCHED_IN SUSP_RX
109 QUEUE_RECEIVE_FAILED q1
109 QUEUE_RECEIVE_FAILED q1
109 QUEUE_RECEIVE_FAILED q1
109 TASK_INCREMENT_TICK 109
109 QUEUE_RECEIVE_FAILED q1
109 TASK_INCREMENT_TICK 109
110 TASK_SWITCHED_OUT SUSP_RX
110 TASK_SWITCHED_IN CNT_INC
110 TASK_PRIORITY_SET CNT_INC 1
110 MOVED_TASK_TO_READY_STATE CNT_INC
110 TASK_PRIORITY_SET CNT_INC 0
110 MOVED_TASK_TO_READY_STATE CNT_INC
110 TASK_SWITCHED_OUT CNT_INC
110 TASK_SWITCHED_IN IDLE
110 TASK_SWITCHED_OUT IDLE
110 TASK_SWITCHED_IN CNT_INC
110 TASK_PRIORITY_SET CNT_INC 1
110 MOVED_TASK_TO_READY_STATE CNT_INC
110 TASK_PRIORITY_SET CNT_INC 0
110 MOVED_TASK_TO_READY_STATE CNT_INC
110 TASK_SWITCHED_OUT CNT_INC
110 TASK_SWITCHED_IN SUSP_RX
110 QUEUE_RECEIVE_FAILED q1
110 QUEUE_RECEIVE_FAILED q1
110 TASK_INCREMENT_TICK 110
110 TASK_INCREMENT_TICK 110
111 TASK_SWITCHED_OUT SUSP_RX
111 TASK_SWITCHED_IN IDLE
111 TASK_INCREMENT_TICK 111
112 TASK_SWITCHED_OUT IDLE
112 TASK_SWITCHED_IN CNT_INC
112 TASK_PRIORITY_SET CNT_INC 1
112 MOVED_TASK_TO_READY_STATE CNT_INC
112 TASK_PRIORITY_SET CNT_INC 0
112 MOVED_TASK_TO_READY_STATE CNT_INC
112 TASK_SWITCHED_OUT CNT_INC
112 TASK_SWITCHED_IN SUSP_RX
112 QUEUE_RECEIVE_FAILED q1
112 QUEUE_RECEIVE_FAILED q1
112 QUEUE_RECEIVE_FAILED q1
112 TASK_INCREMENT_TICK 112
112 QUEUE_RECEIVE_FAILED q1
112 TASK_INCREMENT_TICK 112
113 TASK_SWITCHED_OUT SUSP_RX
113 TASK_SWITCHED_IN CNT_INC
113 TASK_PRIORITY_SET CNT_INC 1
113 MOVED_TASK_TO_READY_STATE CNT_INC
113 TASK_PRIORITY_SET CNT_INC 0
113 MOVED_TASK_TO_READY_STATE CNT_INC
113 TASK_SWITCHED_OUT CNT_INC
113 TASK_SWITCHED_IN IDLE
113 TASK_SWITCHED_OUT IDLE
113 TASK_SWITCHED_IN CNT_INC
113 TASK_PRIORITY_SET CNT_INC 1
113 MOVED_TASK_TO_READY_STATE CNT_INC
113 TASK_PRIORITY_SET CNT_INC 0
113 MOVED_TASK_TO_READY_STATE CNT_INC
113 TASK_SWITCHED_OUT CNT_INC
113 TASK_SWITCHED_IN SUSP_RX
113 QUEUE_RECEIVE_FAILED q1
113 QUEUE_RECEIVE_FAILED q1
113 TASK_INCREMENT_TICK 113
113 TASK_INCREMENT_TICK 113
114 TASK_SWITCHED_OUT SUSP_RX
114 TASK_SWITCHED_IN IDLE
114 TASK_INCREMENT_TICK 114
115 TASK_SWITCHED_OUT IDLE
115 TASK_SWITCHED_IN CNT_INC
115 TASK_PRIORITY_SET CNT_INC 1
115 MOVED_TASK_TO_READY_STATE CNT_INC
115 TASK_PRIORITY_SET CNT_INC 0
115 MOVED_TASK_TO_READY_STATE CNT_INC
115 TASK_SWITCHED_OUT CNT_INC
115 TASK_SWITCHED_IN SUSP_RX
115 QUEUE_RECEIVE_FAILED q1
115 QUEUE_RECEIVE_FAILED q1
115 QUEUE_RECEIVE_FAILED q1
115 TASK_INCREMENT_TICK 115
115 QUEUE_RECEIVE_FAILED q1
115 TASK_INCREMENT_TICK 115
116 TASK_SWITCHED_OUT SUSP_RX
116 TASK_SWITCHED_IN CNT_INC
116 TASK_PRIORITY_SET CNT_INC 1
116 MOVED_TASK_TO_READY_STATE CNT_INC
116 TASK_PRIORITY_SET CNT_INC 0
116 MOVED_TASK_TO_READY_STATE CNT_INC
116 TASK_SWITCHED_OUT CNT_INC
116 TASK_SWITCHED_IN IDLE
116 TASK_SWITCHED_OUT IDLE
116 TASK_SWITCHED_IN CNT_INC
116 TASK_PRIORITY_SET CNT_INC 1
116 MOVED_TASK_TO_READY_STATE CNT_INC
116 TASK_PRIORITY_SET CNT_INC 0
116 MOVED_TASK_TO_READY_STATE CNT_INC
116 TASK_SWITCHED_OUT CNT_INC
116 TASK_SWITCHED_IN SUSP_RX
116 QUEUE_RECEIVE_FAILED q1
116 QUEUE_RECEIVE_FAILED q1
116 TASK_INCREMENT_TICK 116
116 TASK_INCREMENT_TICK 116
117 TASK_SWITCHED_OUT SUSP_RX
117 TASK_SWITCHED_IN IDLE
117 TASK_INCREMENT_TICK 117
118 TASK_SWITCHED_OUT IDLE
118 TASK_SWITCHED_IN CNT_INC
118 TASK_PRIORITY_SET CNT_INC 1
118 MOVED_TASK_TO_READY_STATE CNT_INC
118 TASK_PRIORITY_SET CNT_INC 0
118 MOVED_TASK_TO_READY_STATE CNT_INC
118 TASK_SWITCHED_OUT CNT_INC
118 TASK_SWITCHED_IN SUSP_RX
118 QUEUE_RECEIVE_FAILED q1
118 QUEUE_RECEIVE_FAILED q1
118 QUEUE_RECEIVE_FAILED q1
118 TASK_INCREMENT_TICK 118
118 QUEUE_RECEIVE_FAILED q1
118 TASK_INCREMENT_TICK 118
119 TASK_SWITCHED_OUT SUSP_RX
119 TASK_SWITCHED_IN CNT_INC
119 TASK_PRIORITY_SET CNT_INC 1
119 MOVED_TASK_TO_READY_STATE CNT_INC
119 TASK_PRIORITY_SET CNT_INC 0
119 MOVED_TASK_TO_READY_STATE CNT_INC
119 TASK_SWITCHED_OUT CNT_INC
119 TASK_SWITCHED_IN IDLE
119 TASK_SWITCHED_OUT IDLE
119 TASK_SWITCHED_IN CNT_INC
119 TASK_PRIORITY_SET CNT_INC 1
119 MOVED_TASK_TO_READY_STATE CNT_INC
119 TASK_PRIORITY_SET CNT_INC 0
119 MOVED_TASK_TO_READY_STATE CNT_INC
119 TASK_SWITCHED_OUT CNT_INC
119 TASK_SWITCHED_IN SUSP_RX
119 QUEUE_RECEIVE_FAILED q1
119 QUEUE_RECEIVE_FAILED q1
119 TASK_INCREMENT_TICK 119
119 TASK_INCREMENT_TICK 119
120 TASK_SWITCHED_OUT SUSP_RX
120 TASK_SWITCHED_IN IDLE
120 TASK_INCREMENT_TICK 120
121 TASK_SWITCHED_OUT IDLE
121 TASK_SWITCHED_IN CNT_INC
121 TASK_PRIORITY_SET CNT_INC 1
121 MOVED_TASK_TO_READY_STATE CNT_INC
121 TASK_PRIORITY_SET CNT_INC 0
121 MOVED_TASK_TO_READY_STATE CNT_INC
121 TASK_SWITCHED_OUT CNT_INC
121 TASK_SWITCHED_IN SUSP_RX
121 QUEUE_RECEIVE_FAILED q1
121 QUEUE_RECEIVE_FAILED q1
121 QUEUE_RECEIVE_FAILED q1
121 TASK_INCREMENT_TICK 121
121 QUEUE_RECEIVE_FAILED q1
121 TASK_INCREMENT_TICK 121
122 TASK_SWITCHED_OUT SUSP_RX
122 TASK_SWITCHED_IN CNT_INC
122 TASK_PRIORITY_SET CNT_INC 1
122 MOVED_TASK_TO_READY_STATE CNT_INC
122 TASK_PRIORITY_SET CNT_INC 0
122 MOVED_TASK_TO_READY_STATE CNT_INC
122 TASK_SWITCHED_OUT CNT_INC
122 TASK_SWITCHED_IN IDLE
122 TASK_SWITCHED_OUT IDLE
122 TASK_SWITCHED_IN CNT_INC
122 TASK_PRIORITY_SET CNT_INC 1
122 MOVED_TASK_TO_READY_STATE CNT_INC
122 TASK_PRIORITY_SET CNT_INC 0
122 MOVED_TASK_TO_READY_STATE CNT_INC
122 TASK_SWITCHED_OUT CNT_INC
122 TASK_SWITCHED_IN SUSP_RX
122 QUEUE_RECEIVE_FAILED q1
122 QUEUE_RECEIVE_FAILED q1
122 TASK_INCREMENT_TICK 122
122 TASK_INCREMENT_TICK 122
123 TASK_SWITCHED_OUT SUSP_RX
123 TASK_SWITCHED_IN IDLE
123 TASK_INCREMENT_TICK 123
124 TASK_SWITCHED_OUT IDLE
124 TASK_SWITCHED_IN CNT_INC
124 TASK_PRIORITY_SET CNT_INC 1
124 MOVED_TASK_TO_READY_STATE CNT_INC
124 TASK_PRIORITY_SET CNT_INC 0
124 MOVED_TASK_TO_READY_STATE CNT_INC
124 TASK_SWITCHED_OUT CNT_INC
124 TASK_SWITCHED_IN SUSP_RX
124 QUEUE_RECEIVE_FAILED q1
124 QUEUE_RECEIVE_FAILED q1
124 QUEUE_RECEIVE_FAILED q1
124 TASK_INCREMENT_TICK 124
124 QUEUE_RECEIVE_FAILED q1
124 TASK_INCREMENT_TICK 124
125 TASK_SWITCHED_OUT SUSP_RX
125 TASK_SWITCHED_IN CNT_INC
125 TASK_PRIORITY_SET CNT_INC 1
125 MOVED_TASK_TO_READY_STATE CNT_INC
125 TASK_PRIORITY_SET CNT_INC 0
125 MOVED_TASK_TO_READY_STATE CNT_INC
125 TASK_SWITCHED_OUT CNT_INC
125 TASK_SWITCHED_IN IDLE
125 TASK_SWITCHED_OUT IDLE
125 TASK_SWITCHED_IN CNT_INC
125 TASK_PRIORITY_SET CNT_INC 1
125 MOVED_TASK_TO_READY_STATE CNT_INC
125 TASK_PRIORITY_SET CNT_INC 0
125 MOVED_TASK_TO_READY_STATE CNT_INC
125 TASK_SWITCHED_OUT CNT_INC
125 TASK_SWITCHED_IN SUSP_RX
125 QUEUE_RECEIVE_FAILED q1
125 QUEUE_RECEIVE_FAILED q1
125 TASK_INCREMENT_TICK 125
125 TASK_INCREMENT_TICK 125
126 TASK_SWITCHED_OUT SUSP_RX
126 TASK_SWITCHED_IN IDLE
126 TASK_INCREMENT_TICK 126
127 TASK_SWITCHED_OUT IDLE
127 TASK_SWITCHED_IN CNT_INC
127 TASK_PRIORITY_SET CNT_INC 1
127 MOVED_TASK_TO_READY_STATE CNT_INC
127 TASK_PRIORITY_SET CNT_INC 0
127 MOVED_TASK_TO_READY_STATE CNT_INC
127 TASK_SWITCHED_OUT CNT_INC
127 TASK_SWITCHED_IN SUSP_RX
127 QUEUE_RECEIVE_FAILED q1
127 QUEUE_RECEIVE_FAILED q1
127 QUEUE_RECEIVE_FAILED q1
127 TASK_INCREMENT_TICK 127
127 QUEUE_RECEIVE_FAILED q1
127 TASK_INCREMENT_TICK 127
128 MOVED_TASK_TO_READY_STATE C_CTRL
128 TASK_SWITCHED_OUT SUSP_RX
128 TASK_SWITCHED_IN CNT_INC
128 TASK_PRIORITY_SET CNT_INC 1
128 MOVED_TASK_TO_READY_STATE CNT_INC
128 TASK_PRIORITY_SET CNT_INC 0
128 MOVED_TASK_TO_READY_STATE CNT_INC
128 TASK_SWITCHED_OUT CNT_INC
128 TASK_SWITCHED_IN IDLE
128 TASK_SWITCHED_OUT IDLE
128 TASK_SWITCHED_IN C_CTRL
128 TASK_SWITCHED_OUT C_CTRL
128 TASK_SWITCHED_IN CNT_INC
128 TASK_PRIORITY_SET CNT_INC 1
128 MOVED_TASK_TO_READY_STATE CNT_INC
128 TASK_PRIORITY_SET CNT_INC 0
128 MOVED_TASK_TO_READY_STATE CNT_INC
128 TASK_SWITCHED_OUT CNT_INC
128 TASK_SWITCHED_IN SUSP_RX
128 QUEUE_RECEIVE_FAILED q1
128 QUEUE_RECEIVE_FAILED q1
128 TASK_INCREMENT_TICK 128
128 TASK_INCREMENT_TICK 128
129 MOVED_TASK_TO_READY_STATE SUSP_TX
129 TASK_SWITCHED_OUT SUSP_RX
129 TASK_SWITCHED_IN IDLE
129 TASK_INCREMENT_TICK 129
130 TASK_SWITCHED_OUT IDLE
130 TASK_SWITCHED_IN CNT_INC
130 TASK_PRIORITY_SET CNT_INC 1
130 MOVED_TASK_TO_READY_STATE CNT_INC
130 TASK_PRIORITY_SET CNT_INC 0
130 MOVED_TASK_TO_READY_STATE CNT_INC
130 TASK_SWITCHED_OUT CNT_INC
130 TASK_SWITCHED_IN C_CTRL
130 TASK_SUSPEND CNT_INC
130 TASK_RESUME CNT_INC
130 MOVED_TASK_TO_READY_STATE CNT_INC
130 TASK_DELAY C_CTRL 128
130 MOVED_TASK_TO_DELAYED_LIST C_CTRL
130 TASK_SWITCHED_OUT C_CTRL
130 TASK_SWITCHED_IN SUSP_TX
130 QUEUE_SEND q1
130 TASK_INCREMENT_TICK 130
131 TASK_SWITCHED_OUT SUSP_TX
131 TASK_SWITCHED_IN SUSP_RX
131 QUEUE_RECEIVE q1
131 QUEUE_RECEIVE_FAILED q1
131 QUEUE_RECEIVE_FAILED q1
131 QUEUE_RECEIVE_FAILED q1
131 QUEUE_RECEIVE_FAILED q1
131 TASK_INCREMENT_TICK 131
132 TASK_SWITCHED_OUT SUSP_RX
132 TASK_SWITCHED_IN IDLE
132 TASK_SWITCHED_OUT IDLE
132 TASK_SWITCHED_IN CNT_INC
132 TASK_PRIORITY_SET CNT_INC 1
132 MOVED_TASK_TO_READY_STATE CNT_INC
132 TASK_PRIORITY_SET CNT_INC 0
132 MOVED_TASK_TO_READY_STATE CNT_INC
132 TASK_SWITCHED_OUT CNT_INC
132 TASK_SWITCHED_IN SUSP_TX
132 TASK_DELAY SUSP_TX 128
132 MOVED_TASK_TO_DELAYED_LIST SUSP_TX
132 TASK_SWITCHED_OUT SUSP_TX
132 TASK_SWITCHED_IN SUSP_RX
132 QUEUE_RECEIVE_FAILED q1
132 QUEUE_RECEIVE_FAILED q1
132 QUEUE_RECEIVE_FAILED q1
132 TASK_INCREMENT_TICK 132
132 QUEUE_RECEIVE_FAILED q1
132 TASK_INCREMENT_TICK 132
133 TASK_SWITCHED_OUT SUSP_RX
133 TASK_SWITCHED_IN IDLE
133 TASK_INCREMENT_TICK 133
134 TASK_SWITCHED_OUT IDLE
134 TASK_SWITCHED_IN CNT_INC
134 TASK_PRIORITY_SET CNT_INC 1
134 MOVED_TASK_TO_READY_STATE CNT_INC
134 TASK_PRIORITY_SET CNT_INC 0
134 MOVED_TASK_TO_READY_STATE CNT_INC
134 TASK_SWITCHED_OUT CNT_INC
134 TASK_SWITCHED_IN SUSP_RX
134 QUEUE_RECEIVE_FAILED q1
134 QUEUE_RECEIVE_FAILED q1
134 QUEUE_RECEIVE_FAILED q1
134 TASK_INCREMENT_TICK 134
135 TASK_SWITCHED_OUT SUSP_RX
135 TASK_SWITCHED_IN CNT_INC
135 TASK_PRIORITY_SET CNT_INC 1
135 MOVED_TASK_TO_READY_STATE CNT_INC
135 TASK_PRIORITY_SET CNT_INC 0
135 MOVED_TASK_TO_READY_STATE CNT_INC
135 TASK_SWITCHED_OUT CNT_INC
135 TASK_SWITCHED_IN IDLE
135 TASK_SWITCHED_OUT IDLE
135 TASK_SWITCHED_IN CNT_INC
135 TASK_PRIORITY_SET CNT_INC 1
135 MOVED_TASK_TO_READY_STATE CNT_INC
135 TASK_PRIORITY_SET CNT_INC 0
135 MOVED_TASK_TO_READY_STATE CNT_INC
135 TASK_SWITCHED_OUT CNT_INC
135 TASK_SWITCHED_IN SUSP_RX
135 QUEUE_RECEIVE_FAILED q1
135 QUEUE_RECEIVE_FAILED q1
135 TASK_INCREMENT_TICK 135
135 QUEUE_RECEIVE_FAILED q1
135 TASK_INCREMENT_TICK 135
136 TASK_SWITCHED_OUT SUSP_RX
136 TASK_SWITCHED_IN IDLE
136 TASK_INCREMENT_TICK 136
137 TASK_SWITCHED_OUT IDLE
137 TASK_SWITCHED_IN CNT_INC
137 TASK_PRIORITY_SET CNT_INC 1
137 MOVED_TASK_TO_READY_STATE CNT_INC
137 TASK_PRIORITY_SET CNT_INC 0
137 MOVED_TASK_TO_READY_STATE CNT_INC
137 TASK_SWITCHED_OUT CNT_INC
137 TASK_SWITCHED_IN SUSP_RX
137 QUEUE_RECEIVE_FAILED q1
137 QUEUE_RECEIVE_FAILED q1
137 QUEUE_RECEIVE_FAILED q1
137 TASK_INCREMENT_TICK 137
138 TASK_SWITCHED_OUT SUSP_RX
138 TASK_SWITCHED_IN CNT_INC
138 TASK_PRIORITY_SET CNT_INC 1
138 MOVED_TASK_TO_READY_STATE CNT_INC
138 TASK_PRIORITY_SET CNT_INC 0
138 MOVED_TASK_TO_READY_STATE CNT_INC
138 TASK_SWITCHED_OUT CNT_INC
138 TASK_SWITCHED_IN IDLE
138 TASK_SWITCHED_OUT IDLE
138 TASK_SWITCHED_IN CNT_INC
138 TASK_PRIORITY_SET CNT_INC 1
138 MOVED_TASK_TO_READY_STATE CNT_INC
138 TASK_PRIORITY_SET CNT_INC 0
138 MOVED_TASK_TO_READY_STATE CNT_INC
138 TASK_SWITCHED_OUT CNT_INC
138 TASK_SWITCHED_IN SUSP_RX
138 QUEUE_RECEIVE_FAILED q1
138 QUEUE_RECEIVE_FAILED q1
138 TASK_INCREMENT_TICK 138
138 QUEUE_RECEIVE_FAILED q1
138 TASK_INCREMENT_TICK 138
139 TASK_SWITCHED_OUT SUSP_RX
139 TASK_SWITCHED_IN IDLE
139 TASK_INCREMENT_TICK 139
140 TASK_SWITCHED_OUT IDLE
140 TASK_SWITCHED_IN CNT_INC
140 TASK_PRIORITY_SET CNT_INC 1
140 MOVED_TASK_TO_READY_STATE CNT_INC
140 TASK_PRIORITY_SET CNT_INC 0
140 MOVED_TASK_TO_READY_STATE CNT_INC
140 TASK_SWITCHED_OUT CNT_INC
140 TASK_SWITCHED_IN SUSP_RX
140 QUEUE_RECEIVE_FAILED q1
140 QUEUE_RECEIVE_FAILED q1
140 QUEUE_RECEIVE_FAILED q1
140 TASK_INCREMENT_TICK 140
141 TASK_SWITCHED_OUT SUSP_RX
141 TASK_SWITCHED_IN CNT_INC
141 TASK_PRIORITY_SET CNT_INC 1
141 MOVED_TASK_TO_READY_STATE CNT_INC
141 TASK_PRIORITY_SET CNT_INC 0
141 MOVED_TASK_TO_READY_STATE CNT_INC
141 TASK_SWITCHED_OUT CNT_INC
141 TASK_SWITCHED_IN IDLE
141 TASK_SWITCHED_OUT IDLE
141 TASK_SWITCHED_IN CNT_INC
141 TASK_PRIORITY_SET CNT_INC 1
141 MOVED_TASK_TO_READY_STATE CNT_INC
141 TASK_PRIORITY_SET CNT_INC 0
141 MOVED_TASK_TO_READY_STATE CNT_INC
141 TASK_SWITCHED_OUT CNT_INC
141 TASK_SWITCHED_IN SUSP_RX
141 QUEUE_RECEIVE_FAILED q1
141 QUEUE_RECEIVE_FAILED q1
141 TASK_INCREMENT_TICK 141
141 QUEUE_RECEIVE_FAILED q1
141 TASK_INCREMENT_TICK 141
142 TASK_SWITCHED_OUT SUSP_RX
142 TASK_SWITCHED_IN IDLE
142 TASK_INCREMENT_TICK 142
143 TASK_SWITCHED_OUT IDLE
143 TASK_SWITCHED_IN CNT_INC
143 TASK_PRIORITY_SET CNT_INC 1
143 MOVED_TASK_TO_READY_STATE CNT_INC
143 TASK_PRIORITY_SET CNT_INC 0
143 MOVED_TASK_TO_READY_STATE CNT_INC
143 TASK_SWITCHED_OUT CNT_INC
143 TASK_SWITCHED_IN SUSP_RX
143 QUEUE_RECEIVE_FAILED q1
143 QUEUE_RECEIVE_FAILED q1
143 QUEUE_RECEIVE_FAILED q1
143 TASK_INCREMENT_TICK 143
144 TASK_SWITCHED_OUT SUSP_RX
144 TASK_SWITCHED_IN CNT_INC
144 TASK_PRIORITY_SET CNT_INC 1
144 MOVED_TASK_TO_READY_STATE CNT_INC
144 TASK_PRIORITY_SET CNT_INC 0
144 MOVED_TASK_TO_READY_STATE CNT_INC
144 TASK_SWITCHED_OUT CNT_INC
144 TASK_SWITCHED_IN IDLE
144 TASK_SWITCHED_OUT IDLE
144 TASK_SWITCHED_IN CNT_INC
144 TASK_PRIORITY_SET CNT_INC 1
144 MOVED_TASK_TO_READY_STATE CNT_INC
144 TASK_PRIORITY_SET CNT_INC 0
144 MOVED_TASK_TO_READY_STATE CNT_INC
144 TASK_SWITCHED_OUT CNT_INC
144 TASK_SWITCHED_IN SUSP_RX
144 QUEUE_RECEIVE_FAILED q1
144 QUEUE_RECEIVE_FAILED q1
144 TASK_INCREMENT_TICK 144
144 QUEUE_RECEIVE_FAILED q1
144 TASK_INCREMENT_TICK 144
145 TASK_SWITCHED_OUT SUSP_RX
145 TASK_SWITCHED_IN IDLE
145 TASK_INCREMENT_TICK 145
146 TASK_SWITCHED_OUT IDLE
146 TASK_SWITCHED_IN CNT_INC
146 TASK_PRIORITY_SET CNT_INC 1
146 MOVED_TASK_TO_READY_STATE CNT_INC
146 TASK_PRIORITY_SET CNT_INC 0
146 MOVED_TASK_TO_READY_STATE CNT_INC
146 TASK_SWITCHED_OUT CNT_INC
146 TASK_SWITCHED_IN SUSP_RX
146 QUEUE_RECEIVE_FAILED q1
146 QUEUE_RECEIVE_FAILED q1
146 QUEUE_RECEIVE_FAILED q1
146 TASK_INCREMENT_TICK 146
147 TASK_SWITCHED_OUT SUSP_RX
147 TASK_SWITCHED_IN CNT_INC
147 TASK_PRIORITY_SET CNT_INC 1
147 MOVED_TASK_TO_READY_STATE CNT_INC
147 TASK_PRIORITY_SET CNT_INC 0
147 MOVED_TASK_TO_READY_STATE CNT_INC
147 TASK_SWITCHED_OUT CNT_INC
147 TASK_SWITCHED_IN IDLE
147 TASK_SWITCHED_OUT IDLE
147 TASK_SWITCHED_IN CNT_INC
147 TASK_PRIORITY_SET CNT_INC 1
147 MOVED_TASK_TO_READY_STATE CNT_INC
147 TASK_PRIORITY_SET CNT_INC 0
147 MOVED_TASK_TO_READY_STATE CNT_INC
147 TASK_SWITCHED_OUT CNT_INC
147 TASK_SWITCHED_IN SUSP_RX
147 QUEUE_RECEIVE_FAILED q1
147 QUEUE_RECEIVE_FAILED q1
147 TASK_INCREMENT_TICK 147
147 QUEUE_RECEIVE_FAILED q1
147 TASK_INCREMENT_TICK 147
148 TASK_SWITCHED_OUT SUSP_RX
148 TASK_SWITCHED_IN IDLE
148 TASK_INCREMENT_TICK 148
149 TASK_SWITCHED_OUT IDLE
149 TASK_SWITCHED_IN CNT_INC
149 TASK_PRIORITY_SET CNT_INC 1
149 MOVED_TASK_TO_READY_STATE CNT_INC
149 TASK_PRIORITY_SET CNT_INC 0
149 MOVED_TASK_TO_READY_STATE CNT_INC
149 TASK_SWITCHED_OUT CNT_INC
149 TASK_SWITCHED_IN SUSP_RX
149 QUEUE_RECEIVE_FAILED q1
149 QUEUE_RECEIVE_FAILED q1
149 QUEUE_RECEIVE_FAILED q1
149 TASK_INCREMENT_TICK 149
150 TASK_SWITCHED_OUT SUSP_RX
150 TASK_SWITCHED_IN CNT_INC
150 TASK_PRIORITY_SET CNT_INC 1
150 MOVED_TASK_TO_READY_STATE CNT_INC
150 TASK_PRIORITY_SET CNT_INC 0
150 MOVED_TASK_TO_READY_STATE CNT_INC
150 TASK_SWITCHED_OUT CNT_INC
150 TASK_SWITCHED_IN IDLE
150 TASK_SWITCHED_OUT IDLE
150 TASK_SWITCHED_IN CNT_INC
150 TASK_PRIORITY_SET CNT_INC 1
150 MOVED_TASK_TO_READY_STATE CNT_INC
150 TASK_PRIORITY_SET CNT_INC 0
150 MOVED_TASK_TO_READY_STATE CNT_INC
150 TASK_SWITCHED_OUT CNT_INC
150 TASK_SWITCHED_IN SUSP_RX
150 QUEUE_RECEIVE_FAILED q1
150 QUEUE_RECEIVE_FAILED q1
150 TASK_INCREMENT_TICK 150
150 QUEUE_RECEIVE_FAILED q1
150 TASK_INCREMENT_TICK 150
151 TASK_SWITCHED_OUT SUSP_RX
151 TASK_SWITCHED_IN IDLE
151 TASK_INCREMENT_TICK 151
152 TASK_SWITCHED_OUT IDLE
152 TASK_SWITCHED_IN CNT_INC
152 TASK_PRIORITY_SET CNT_INC 1
152 MOVED_TASK_TO_READY_STATE CNT_INC
152 TASK_PRIORITY_SET CNT_INC 0
152 MOVED_TASK_TO_READY_STATE CNT_INC
152 TASK_SWITCHED_OUT CNT_INC
152 TASK_SWITCHED_IN SUSP_RX
152 QUEUE_RECEIVE_FAILED q1
152 QUEUE_RECEIVE_FAILED q1
152 QUEUE_RECEIVE_FAILED q1
152 TASK_INCREMENT_TICK 152
153 TASK_SWITCHED_OUT SUSP_RX
153 TASK_SWITCHED_IN CNT_INC
153 TASK_PRIORITY_SET CNT_INC 1
153 MOVED_TASK_TO_READY_STATE CNT_INC
153 TASK_PRIORITY_SET CNT_INC 0
153 MOVED_TASK_TO_READY_STATE CNT_INC
153 TASK_SWITCHED_OUT CNT_INC
153 TASK_SWITCHED_IN IDLE
153 TASK_SWITCHED_OUT IDLE
153 TASK_SWITCHED_IN CNT_INC
153 TASK_PRIORITY_SET CNT_INC 1
153 MOVED_TASK_TO_READY_STATE CNT_INC
153 TASK_PRIORITY_SET CNT_INC 0
153 MOVED_TASK_TO_READY_STATE CNT_INC
153 TASK_SWITCHED_OUT CNT_INC
153 TASK_SWITCHED_IN SUSP_RX
153 QUEUE_RECEIVE_FAILED q1
153 QUEUE_RECEIVE_FAILED q1
153 TASK_INCREMENT_TICK 153
153 QUEUE_RECEIVE_FAILED q1
153 TASK_INCREMENT_TICK 153
154 TASK_SWITCHED_OUT SUSP_RX
154 TASK_SWITCHED_IN IDLE
154 TASK_INCREMENT_TICK 154
155 TASK_SWITCHED_OUT IDLE
155 TASK_SWITCHED_IN CNT_INC
155 TASK_PRIORITY_SET CNT_INC 1
155 MOVED_TASK_TO_READY_STATE CNT_INC
155 TASK_PRIORITY_SET CNT_INC 0
155 MOVED_TASK_TO_READY_STATE CNT_INC
155 TASK_SWITCHED_OUT CNT_INC
155 TASK_SWITCHED_IN SUSP_RX
155 QUEUE_RECEIVE_FAILED q1
155 QUEUE_RECEIVE_FAILED q1
155 QUEUE_RECEIVE_FAILED q1
155 TASK_INCREMENT_TICK 155
156 TASK_SWITCHED_OUT SUSP_RX
156 TASK_SWITCHED_IN CNT_INC
156 TASK_PRIORITY_SET CNT_INC 1
156 MOVED_TASK_TO_READY_STATE CNT_INC
156 TASK_PRIORITY_SET CNT_INC 0
156 MOVED_TASK_TO_READY_STATE CNT_INC
156 TASK_SWITCHED_OUT CNT_INC
156 TASK_SWITCHED_IN IDLE
156 TASK_SWITCHED_OUT IDLE
156 TASK_SWITCHED_IN CNT_INC
156 TASK_PRIORITY_SET CNT_INC 1
156 MOVED_TASK_TO_READY_STATE CNT_INC
156 TASK_PRIORITY_SET CNT_INC 0
156 MOVED_TASK_TO_READY_STATE CNT_INC
156 TASK_SWITCHED_OUT CNT_INC
156 TASK_SWITCHED_IN SUSP_RX
156 QUEUE_RECEIVE_FAILED q1
156 QUEUE_RECEIVE_FAILED q1
156 TASK_INCREMENT_TICK 156
156 QUEUE_RECEIVE_FAILED q1
156 TASK_INCREMENT_TICK 156
157 TASK_SWITCHED_OUT SUSP_RX
157 TASK_SWITCHED_IN IDLE
157 TASK_INCREMENT_TICK 157
158 TASK_SWITCHED_OUT IDLE
158 TASK_SWITCHED_IN CNT_INC
158 TASK_PRIORITY_SET CNT_INC 1
158 MOVED_TASK_TO_READY_STATE CNT_INC
158 TASK_PRIORITY_SET CNT_INC 0
158 MOVED_TASK_TO_READY_STATE CNT_INC
158 TASK_SWITCHED_OUT CNT_INC
158 TASK_SWITCHED_IN SUSP_RX
158 QUEUE_RECEIVE_FAILED q1
158 QUEUE_RECEIVE_FAILED q1
158 QUEUE_RECEIVE_FAILED q1
158 TASK_INCREMENT_TICK 158
159 TASK_SWITCHED_OUT SUSP_RX
159 TASK_SWITCHED_IN CNT_INC
159 TASK_PRIORITY_SET CNT_INC 1
159 MOVED_TASK_TO_READY_STATE CNT_INC
159 TASK_PRIORITY_SET CNT_INC 0
159 MOVED_TASK_TO_READY_STATE CNT_INC
159 TASK_SWITCHED_OUT CNT_INC
159 TASK_SWITCHED_IN IDLE
159 TASK_SWITCHED_OUT IDLE
159 TASK_SWITCHED_IN CNT_INC
159 TASK_PRIORITY_SET CNT_INC 1
159 MOVED_TASK_TO_READY_STATE CNT_INC
159 TASK_PRIORITY_SET CNT_INC 0
159 MOVED_TASK_TO_READY_STATE CNT_INC
159 TASK_SWITCHED_OUT CNT_INC
159 TASK_SWITCHED_IN SUSP_RX
159 QUEUE_RECEIVE_FAILED q1
159 QUEUE_RECEIVE_FAILED q1
159 TASK_INCREMENT_TICK 159
159 QUEUE_RECEIVE_FAILED q1
159 TASK_INCREMENT_TICK 159
160 TASK_SWITCHED_OUT SUSP_RX
160 TASK_SWITCHED_IN IDLE
160 TASK_INCREMENT_TICK 160
161 TASK_SWITCHED_OUT IDLE
161 TASK_SWITCHED_IN CNT_INC
161 TASK_PRIORITY_SET CNT_INC 1
161 MOVED_TASK_TO_READY_STATE CNT_INC
161 TASK_PRIORITY_SET CNT_INC 0
161 MOVED_TASK_TO_READY_STATE CNT_INC
161 TASK_SWITCHED_OUT CNT_INC
161 TASK_SWITCHED_IN SUSP_RX
161 QUEUE_RECEIVE_FAILED q1
161 QUEUE_RECEIVE_FAILED q1
161 QUEUE_RECEIVE_FAILED q1
161 TASK_INCREMENT_TICK 161
162 TASK_SWITCHED_OUT SUSP_RX
162 TASK_SWITCHED_IN CNT_INC
162 TASK_PRIORITY_SET CNT_INC 1
162 MOVED_TASK_TO_READY_STATE CNT_INC
162 TASK_PRIORITY_SET CNT_INC 0
162 MOVED_TASK_TO_READY_STATE CNT_INC
162 TASK_SWITCHED_OUT CNT_INC
162 TASK_SWITCHED_IN IDLE
162 TASK_SWITCHED_OUT IDLE
162 TASK_SWITCHED_IN CNT_INC
162 TASK_PRIORITY_SET CNT_INC 1
162 MOVED_TASK_TO_READY_STATE CNT_INC
162 TASK_PRIORITY_SET CNT_INC 0
162 MOVED_TASK_TO_READY_STATE CNT_INC
162 TASK_SWITCHED_OUT CNT_INC
162 TASK_SWITCHED_IN SUSP_RX
162 QUEUE_RECEIVE_FAILED q1
162 QUEUE_RECEIVE_FAILED q1
162 TASK_INCREMENT_TICK 162
162 QUEUE_RECEIVE_FAILED q1
162 TASK_INCREMENT_TICK 162
163 TASK_SWITCHED_OUT SUSP_RX
163 TASK_SWITCHED_IN IDLE
163 TASK_INCREMENT_TICK 163
164 TASK_SWITCHED_OUT IDLE
164 TASK_SWITCHED_IN CNT_INC
164 TASK_PRIORITY_SET CNT_INC 1
164 MOVED_TASK_TO_READY_STATE CNT_INC
164 TASK_PRIORITY_SET CNT_INC 0
164 MOVED_TASK_TO_READY_STATE CNT_INC
164 TASK_SWITCHED_OUT CNT_INC
164 TASK_SWITCHED_IN SUSP_RX
164 QUEUE_RECEIVE_FAILED q1
164 QUEUE_RECEIVE_FAILED q1
164 QUEUE_RECEIVE_FAILED q1
164 TASK_INCREMENT_TICK 164
165 TASK_SWITCHED_OUT SUSP_RX
165 TASK_SWITCHED_IN CNT_INC
165 TASK_PRIORITY_SET CNT_INC 1
165 MOVED_TASK_TO_READY_STATE CNT_INC
165 TASK_PRIORITY_SET CNT_INC 0
165 MOVED_TASK_TO_READY_STATE CNT_INC
165 TASK_SWITCHED_OUT CNT_INC
165 TASK_SWITCHED_IN IDLE
165 TASK_SWITCHED_OUT IDLE
165 TASK_SWITCHED_IN CNT_INC
165 TASK_PRIORITY_SET CNT_INC 1
165 MOVED_TASK_TO_READY_STATE CNT_INC
165 TASK_PRIORITY_SET CNT_INC 0
165 MOVED_TASK_TO_READY_STATE CNT_INC
165 TASK_SWITCHED_OUT CNT_INC
165 TASK_SWITCHED_IN SUSP_RX
165 QUEUE_RECEIVE_FAILED q1
165 QUEUE_RECEIVE_FAILED q1
165 TASK_INCREMENT_TICK 165
165 QUEUE_RECEIVE_FAILED q1
165 TASK_INCREMENT_TICK 165
166 TASK_SWITCHED_OUT SUSP_RX
166 TASK_SWITCHED_IN IDLE
166 TASK_INCREMENT_TICK 166
167 TASK_SWITCHED_OUT IDLE
167 TASK_SWITCHED_IN CNT_INC
167 TASK_PRIORITY_SET CNT_INC 1
167 MOVED_TASK_TO_READY_STATE CNT_INC
167 TASK_PRIORITY_SET CNT_INC 0
167 MOVED_TASK_TO_READY_STATE CNT_INC
167 TASK_SWITCHED_OUT CNT_INC
167 TASK_SWITCHED_IN SUSP_RX
167 QUEUE_RECEIVE_FAILED q1
167 QUEUE_RECEIVE_FAILED q1
167 QUEUE_RECEIVE_FAILED q1
167 TASK_INCREMENT_TICK 167
168 TASK_SWITCHED_OUT SUSP_RX
168 TASK_SWITCHED_IN CNT_INC
168 TASK_PRIORITY_SET CNT_INC 1
168 MOVED_TASK_TO_READY_STATE CNT_INC
168 TASK_PRIORITY_SET CNT_INC 0
168 MOVED_TASK_TO_READY_STATE CNT_INC
168 TASK_SWITCHED_OUT CNT_INC
168 TASK_SWITCHED_IN IDLE
168 TASK_SWITCHED_OUT IDLE
168 TASK_SWITCHED_IN CNT_INC
168 TASK_PRIORITY_SET CNT_INC 1
168 MOVED_TASK_TO_READY_STATE CNT_INC
168 TASK_PRIORITY_SET CNT_INC 0
168 MOVED_TASK_TO_READY_STATE CNT_INC
168 TASK_SWITCHED_OUT CNT_INC
168 TASK_SWITCHED_IN SUSP_RX
168 QUEUE_RECEIVE_FAILED q1
168 QUEUE_RECEIVE_FAILED q1
168 TASK_INCREMENT_TICK 168
168 QUEUE_RECEIVE_FAILED q1
168 TASK_INCREMENT_TICK 168
169 TASK_SWITCHED_OUT SUSP_RX
169 TASK_SWITCHED_IN IDLE
169 TASK_INCREMENT_TICK 169
170 TASK_SWITCHED_OUT IDLE
170 TASK_SWITCHED_IN CNT_INC
170 TASK_PRIORITY_SET CNT_INC 1
170 MOVED_TASK_TO_READY_STATE CNT_INC
170 TASK_PRIORITY_SET CNT_INC 0
170 MOVED_TASK_TO_READY_STATE CNT_INC
170 TASK_SWITCHED_OUT CNT_INC
170 TASK_SWITCHED_IN SUSP_RX
170 QUEUE_RECEIVE_FAILED q1
170 QUEUE_RECEIVE_FAILED q1
170 QUEUE_RECEIVE_FAILED q1
170 TASK_INCREMENT_TICK 170
171 TASK_SWITCHED_OUT SUSP_RX
171 TASK_SWITCHED_IN CNT_INC
171 TASK_PRIORITY_SET CNT_INC 1
171 MOVED_TASK_TO_READY_STATE CNT_INC
171 TASK_PRIORITY_SET CNT_INC 0
171 MOVED_TASK_TO_READY_STATE CNT_INC
171 TASK_SWITCHED_OUT CNT_INC
171 TASK_SWITCHED_IN IDLE
171 TASK_SWITCHED_OUT IDLE
171 TASK_SWITCHED_IN CNT_INC
171 TASK_PRIORITY_SET CNT_INC 1
171 MOVED_TASK_TO_READY_STATE CNT_INC
171 TASK_PRIORITY_SET CNT_INC 0
171 MOVED_TASK_TO_READY_STATE CNT_INC
171 TASK_SWITCHED_OUT CNT_INC
171 TASK_SWITCHED_IN SUSP_RX
171 QUEUE_RECEIVE_FAILED q1
171 QUEUE_RECEIVE_FAILED q1
171 TASK_INCREMENT_TICK 171
171 QUEUE_RECEIVE_FAILED q1
171 TASK_INCREMENT_TICK 171
172 TASK_SWITCHED_OUT SUSP_RX
172 TASK_SWITCHED_IN IDLE
172 TASK_INCREMENT_TICK 172
173 TASK_SWITCHED_OUT IDLE
173 TASK_SWITCHED_IN CNT_INC
173 TASK_PRIORITY_SET CNT_INC 1
173 MOVED_TASK_TO_READY_STATE CNT_INC
173 TASK_PRIORITY_SET CNT_INC 0
173 MOVED_TASK_TO_READY_STATE CNT_INC
173 TASK_SWITCHED_OUT CNT_INC
173 TASK_SWITCHED_IN SUSP_RX
173 QUEUE_RECEIVE_FAILED q1
173 QUEUE_RECEIVE_FAILED q1
173 QUEUE_RECEIVE_FAILED q1
173 TASK_INCREMENT_TICK 173
174 TASK_SWITCHED_OUT SUSP_RX
174 TASK_SWITCHED_IN CNT_INC
174 TASK_PRIORITY_SET CNT_INC 1
174 MOVED_TASK_TO_READY_STATE CNT_INC
174 TASK_PRIORITY_SET CNT_INC 0
174 MOVED_TASK_TO_READY_STATE CNT_INC
174 TASK_SWITCHED_OUT CNT_INC
174 TASK_SWITCHED_IN IDLE
174 TASK_SWITCHED_OUT IDLE
174 TASK_SWITCHED_IN CNT_INC
174 TASK_PRIORITY_SET CNT_INC 1
174 MOVED_TASK_TO_READY_STATE CNT_INC
174 TASK_PRIORITY_SET CNT_INC 0
174 MOVED_TASK_TO_READY_STATE CNT_INC
174 TASK_SWITCHED_OUT CNT_INC
174 TASK_SWITCHED_IN SUSP_RX
174 QUEUE_RECEIVE_FAILED q1
174 QUEUE_RECEIVE_FAILED q1
174 TASK_INCREMENT_TICK 174
174 QUEUE_RECEIVE_FAILED q1
174 TASK_INCREMENT_TICK 174
175 TASK_SWITCHED_OUT SUSP_RX
175 TASK_SWITCHED_IN IDLE
175 TASK_INCREMENT_TICK 175
176 TASK_SWITCHED_OUT IDLE
176 TASK_SWITCHED_IN CNT_INC
176 TASK_PRIORITY_SET CNT_INC 1
176 MOVED_TASK_TO_READY_STATE CNT_INC
176 TASK_PRIORITY_SET CNT_INC 0
176 MOVED_TASK_TO_READY_STATE CNT_INC
176 TASK_SWITCHED_OUT CNT_INC
176 TASK_SWITCHED_IN SUSP_RX
176 QUEUE_RECEIVE_FAILED q1
176 QUEUE_RECEIVE_FAILED q1
176 QUEUE_RECEIVE_FAILED q1
176 TASK_INCREMENT_TICK 176
177 TASK_SWITCHED_OUT SUSP_RX
177 TASK_SWITCHED_IN CNT_INC
177 TASK_PRIORITY_SET CNT_INC 1
177 MOVED_TASK_TO_READY_STATE CNT_INC
177 TASK_PRIORITY_SET CNT_INC 0
177 MOVED_TASK_TO_READY_STATE CNT_INC
177 TASK_SWITCHED_OUT CNT_INC
177 TASK_SWITCHED_IN IDLE
177 TASK_SWITCHED_OUT IDLE
177 TASK_SWITCHED_IN CNT_INC
177 TASK_PRIORITY_SET CNT_INC 1
177 MOVED_TASK_TO_READY_STATE CNT_INC
177 TASK_PRIORITY_SET CNT_INC 0
177 MOVED_TASK_TO_READY_STATE CNT_INC
177 TASK_SWITCHED_OUT CNT_INC
177 TASK_SWITCHED_IN SUSP_RX
177 QUEUE_RECEIVE_FAILED q1
177 QUEUE_RECEIVE_FAILED q1
177 TASK_INCREMENT_TICK 177
177 QUEUE_RECEIVE_FAILED q1
177 TASK_INCREMENT_TICK 177
178 TASK_SWITCHED_OUT SUSP_RX
178 TASK_SWITCHED_IN IDLE
178 TASK_INCREMENT_TICK 178
179 TASK_SWITCHED_OUT IDLE
179 TASK_SWITCHED_IN CNT_INC
179 TASK_PRIORITY_SET CNT_INC 1
179 MOVED_TASK_TO_READY_STATE CNT_INC
179 TASK_PRIORITY_SET CNT_INC 0
179 MOVED_TASK_TO_READY_STATE CNT_INC
179 TASK_SWITCHED_OUT CNT_INC
179 TASK_SWITCHED_IN SUSP_RX
179 QUEUE_RECEIVE_FAILED q1
179 QUEUE_RECEIVE_FAILED q1
179 QUEUE_RECEIVE_FAILED q1
179 TASK_INCREMENT_TICK 179
180 TASK_SWITCHED_OUT SUSP_RX
180 TASK_SWITCHED_IN CNT_INC
180 TASK_PRIORITY_SET CNT_INC 1
180 MOVED_TASK_TO_READY_STATE CNT_INC
180 TASK_PRIORITY_SET CNT_INC 0
180 MOVED_TASK_TO_READY_STATE CNT_INC
180 TASK_SWITCHED_OUT CNT_INC
180 TASK_SWITCHED_IN IDLE
180 TASK_SWITCHED_OUT IDLE
180 TASK_SWITCHED_IN CNT_INC
180 TASK_PRIORITY_SET CNT_INC 1
180 MOVED_TASK_TO_READY_STATE CNT_INC
180 TASK_PRIORITY_SET CNT_INC 0
180 MOVED_TASK_TO_READY_STATE CNT_INC
180 TASK_SWITCHED_OUT CNT_INC
180 TASK_SWITCHED_IN SUSP_RX
180 QUEUE_RECEIVE_FAILED q1
180 QUEUE_RECEIVE_FAILED q1
180 TASK_INCREMENT_TICK 180
180 QUEUE_RECEIVE_FAILED q1
180 TASK_INCREMENT_TICK 180
181 TASK_SWITCHED_OUT SUSP_RX
181 TASK_SWITCHED_IN IDLE
181 TASK_INCREMENT_TICK 181
182 TASK_SWITCHED_OUT IDLE
182 TASK_SWITCHED_IN CNT_INC
182 TASK_PRIORITY_SET CNT_INC 1
182 MOVED_TASK_TO_READY_STATE CNT_INC
182 TASK_PRIORITY_SET CNT_INC 0
182 MOVED_TASK_TO_READY_STATE CNT_INC
182 TASK_SWITCHED_OUT CNT_INC
182 TASK_SWITCHED_IN SUSP_RX
182 QUEUE_RECEIVE_FAILED q1
182 QUEUE_RECEIVE_FAILED q1
182 QUEUE_RECEIVE_FAILED q1
182 TASK_INCREMENT_TICK 182
183 TASK_SWITCHED_OUT SUSP_RX
183 TASK_SWITCHED_IN CNT_INC
183 TASK_PRIORITY_SET CNT_INC 1
183 MOVED_TASK_TO_READY_STATE CNT_INC
183 TASK_PRIORITY_SET CNT_INC 0
183 MOVED_TASK_TO_READY_STATE CNT_INC
183 TASK_SWITCHED_OUT CNT_INC
183 TASK_SWITCHED_IN IDLE
183 TASK_SWITCHED_OUT IDLE
183 TASK_SWITCHED_IN CNT_INC
183 TASK_PRIORITY_SET CNT_INC 1
183 MOVED_TASK_TO_READY_STATE CNT_INC
183 TASK_PRIORITY_SET CNT_INC 0
183 MOVED_TASK_TO_READY_STATE CNT_INC
183 TASK_SWITCHED_OUT CNT_INC
183 TASK_SWITCHED_IN SUSP_RX
183 QUEUE_RECEIVE_FAILED q1
183 QUEUE_RECEIVE_FAILED q1
183 TASK_INCREMENT_TICK 183
183 QUEUE_RECEIVE_FAILED q1
183 TASK_INCREMENT_TICK 183
184 TASK_SWITCHED_OUT SUSP_RX
184 TASK_SWITCHED_IN IDLE
184 TASK_INCREMENT_TICK 184
185 TASK_SWITCHED_OUT IDLE
185 TASK_SWITCHED_IN CNT_INC
185 TASK_PRIORITY_SET CNT_INC 1
185 MOVED_TASK_TO_READY_STATE CNT_INC
185 TASK_PRIORITY_SET CNT_INC 0
185 MOVED_TASK_TO_READY_STATE CNT_INC
185 TASK_SWITCHED_OUT CNT_INC
185 TASK_SWITCHED_IN SUSP_RX
185 QUEUE_RECEIVE_FAILED q1
185 QUEUE_RECEIVE_FAILED q1
185 QUEUE_RECEIVE_FAILED q1
185 TASK_INCREMENT_TICK 185
186 TASK_SWITCHED_OUT SUSP_RX
186 TASK_SWITCHED_IN CNT_INC
186 TASK_PRIORITY_SET CNT_INC 1
186 MOVED_TASK_TO_READY_STATE CNT_INC
186 TASK_PRIORITY_SET CNT_INC 0
186 MOVED_TASK_TO_READY_STATE CNT_INC
186 TASK_SWITCHED_OUT CNT_INC
186 TASK_SWITCHED_IN IDLE
186 TASK_SWITCHED_OUT IDLE
186 TASK_SWITCHED_IN CNT_INC
186 TASK_PRIORITY_SET CNT_INC 1
186 MOVED_TASK_TO_READY_STATE CNT_INC
186 TASK_PRIORITY_SET CNT_INC 0
186 MOVED_TASK_TO_READY_STATE CNT_INC
186 TASK_SWITCHED_OUT CNT_INC
186 TASK_SWITCHED_IN SUSP_RX
186 QUEUE_RECEIVE_FAILED q1
186 QUEUE_RECEIVE_FAILED q1
186 TASK_INCREMENT_TICK 186
186 QUEUE_RECEIVE_FAILED q1
186 TASK_INCREMENT_TICK 186
187 TASK_SWITCHED_OUT SUSP_RX
187 TASK_SWITCHED_IN IDLE
187 TASK_INCREMENT_TICK 187
188 TASK_SWITCHED_OUT IDLE
188 TASK_SWITCHED_IN CNT_INC
188 TASK_PRIORITY_SET CNT_INC 1
188 MOVED_TASK_TO_READY_STATE CNT_INC
188 TASK_PRIORITY_SET CNT_INC 0
188 MOVED_TASK_TO_READY_STATE CNT_INC
188 TASK_SWITCHED_OUT CNT_INC
188 TASK_SWITCHED_IN SUSP_RX
188 QUEUE_RECEIVE_FAILED q1
188 QUEUE_RECEIVE_FAILED q1
188 QUEUE_RECEIVE_FAILED q1
188 TASK_INCREMENT_TICK 188
189 TASK_SWITCHED_OUT SUSP_RX
189 TASK_SWITCHED_IN CNT_INC
189 TASK_PRIORITY_SET CNT_INC 1
189 MOVED_TASK_TO_READY_STATE CNT_INC
189 TASK_PRIORITY_SET CNT_INC 0
189 MOVED_TASK_TO_READY_STATE CNT_INC
189 TASK_SWITCHED_OUT CNT_INC
189 TASK_SWITCHED_IN IDLE
189 TASK_SWITCHED_OUT IDLE
189 TASK_SWITCHED_IN CNT_INC
189 TASK_PRIORITY_SET CNT_INC 1
189 MOVED_TASK_TO_READY_STATE CNT_INC
189 TASK_PRIORITY_SET CNT_INC 0
189 MOVED_TASK_TO_READY_STATE CNT_INC
189 TASK_SWITCHED_OUT CNT_INC
189 TASK_SWITCHED_IN SUSP_RX
189 QUEUE_RECEIVE_FAILED q1
189 QUEUE_RECEIVE_FAILED q1
189 TASK_INCREMENT_TICK 189
189 QUEUE_RECEIVE_FAILED q1
189 TASK_INCREMENT_TICK 189
190 TASK_SWITCHED_OUT SUSP_RX
190 TASK_SWITCHED_IN IDLE
190 TASK_INCREMENT_TICK 190
191 TASK_SWITCHED_OUT IDLE
191 TASK_SWITCHED_IN CNT_INC
191 TASK_PRIORITY_SET CNT_INC 1
191 MOVED_TASK_TO_READY_STATE CNT_INC
191 TASK_PRIORITY_SET CNT_INC 0
191 MOVED_TASK_TO_READY_STATE CNT_INC
191 TASK_SWITCHED_OUT CNT_INC
191 TASK_SWITCHED_IN SUSP_RX
191 QUEUE_RECEIVE_FAILED q1
191 QUEUE_RECEIVE_FAILED q1
191 QUEUE_RECEIVE_FAILED q1
191 TASK_INCREMENT_TICK 191
192 TASK_SWITCHED_OUT SUSP_RX
192 TASK_SWITCHED_IN CNT_INC
192 TASK_PRIORITY_SET CNT_INC 1
192 MOVED_TASK_TO_READY_STATE CNT_INC
192 TASK_PRIORITY_SET CNT_INC 0
192 MOVED_TASK_TO_READY_STATE CNT_INC
192 TASK_SWITCHED_OUT CNT_INC
192 TASK_SWITCHED_IN IDLE
192 TASK_SWITCHED_OUT IDLE
192 TASK_SWITCHED_IN CNT_INC
192 TASK_PRIORITY_SET CNT_INC 1
192 MOVED_TASK_TO_READY_STATE CNT_INC
192 TASK_PRIORITY_SET CNT_INC 0
192 MOVED_TASK_TO_READY_STATE CNT_INC
192 TASK_SWITCHED_OUT CNT_INC
192 TASK_SWITCHED_IN SUSP_RX
192 QUEUE_RECEIVE_FAILED q1
192 QUEUE_RECEIVE_FAILED q1
192 TASK_INCREMENT_TICK 192
192 QUEUE_RECEIVE_FAILED q1
192 TASK_INCREMENT_TICK 192
193 TASK_SWITCHED_OUT SUSP_RX
193 TASK_SWITCHED_IN IDLE
193 TASK_INCREMENT_TICK 193
194 TASK_SWITCHED_OUT IDLE
194 TASK_SWITCHED_IN CNT_INC
194 TASK_PRIORITY_SET CNT_INC 1
194 MOVED_TASK_TO_READY_STATE CNT_INC
194 TASK_PRIORITY_SET CNT_INC 0
194 MOVED_TASK_TO_READY_STATE CNT_INC
194 TASK_SWITCHED_OUT CNT_INC
194 TASK_SWITCHED_IN SUSP_RX
194 QUEUE_RECEIVE_FAILED q1
194 QUEUE_RECEIVE_FAILED q1
194 QUEUE_RECEIVE_FAILED q1
194 TASK_INCREMENT_TICK 194
195 TASK_SWITCHED_OUT SUSP_RX
195 TASK_SWITCHED_IN CNT_INC
195 TASK_PRIORITY_SET CNT_INC 1
195 MOVED_TASK_TO_READY_STATE CNT_INC
195 TASK_PRIORITY_SET CNT_INC 0
195 MOVED_TASK_TO_READY_STATE CNT_INC
195 TASK_SWITCHED_OUT CNT_INC
195 TASK_SWITCHED_IN IDLE
195 TASK_SWITCHED_OUT IDLE
195 TASK_SWITCHED_IN CNT_INC
195 TASK_PRIORITY_SET CNT_INC 1
195 MOVED_TASK_TO_READY_STATE CNT_INC
195 TASK_PRIORITY_SET CNT_INC 0
195 MOVED_TASK_TO_READY_STATE CNT_INC
195 TASK_SWITCHED_OUT CNT_INC
195 TASK_SWITCHED_IN SUSP_RX
195 QUEUE_RECEIVE_FAILED q1
195 QUEUE_RECEIVE_FAILED q1
195 TASK_INCREMENT_TICK 195
195 QUEUE_RECEIVE_FAILED q1
195 TASK_INCREMENT_TICK 195
196 TASK_SWITCHED_OUT SUSP_RX
196 TASK_SWITCHED_IN IDLE
196 TASK_INCREMENT_TICK 196
197 TASK_SWITCHED_OUT IDLE
197 TASK_SWITCHED_IN CNT_INC
197 TASK_PRIORITY_SET CNT_INC 1
197 MOVED_TASK_TO_READY_STATE CNT_INC
197 TASK_PRIORITY_SET CNT_INC 0
197 MOVED_TASK_TO_READY_STATE CNT_INC
197 TASK_SWITCHED_OUT CNT_INC
197 TASK_SWITCHED_IN SUSP_RX
197 QUEUE_RECEIVE_FAILED q1
197 QUEUE_RECEIVE_FAILED q1
197 QUEUE_RECEIVE_FAILED q1
197 TASK_INCREMENT_TICK 197
198 TASK_SWITCHED_OUT SUSP_RX
198 TASK_SWITCHED_IN CNT_INC
198 TASK_PRIORITY_SET CNT_INC 1
198 MOVED_TASK_TO_READY_STATE CNT_INC
198 TASK_PRIORITY_SET CNT_INC 0
198 MOVED_TASK_TO_READY_STATE CNT_INC
198 TASK_SWITCHED_OUT CNT_INC
198 TASK_SWITCHED_IN IDLE
198 TASK_SWITCHED_OUT IDLE
198 TASK_SWITCHED_IN CNT_INC
198 TASK_PRIORITY_SET CNT_INC 1
198 MOVED_TASK_TO_READY_STATE CNT_INC
198 TASK_PRIORITY_SET CNT_INC 0
198 MOVED_TASK_TO_READY_STATE CNT_INC
198 TASK_SWITCHED_OUT CNT_INC
198 TASK_SWITCHED_IN SUSP_RX
198 QUEUE_RECEIVE_FAILED q1
198 QUEUE_RECEIVE_FAILED q1
198 TASK_INCREMENT_TICK 198
198 QUEUE_RECEIVE_FAILED q1
198 TASK_INCREMENT_TICK 198
199 TASK_SWITCHED_OUT SUSP_RX
199 TASK_SWITCHED_IN IDLE
199 TASK_INCREMENT_TICK 199
200 MOVED_TASK_TO_READY_STATE CHECK
200 TASK_SWITCHED_OUT IDLE
200 TASK_SWITCHED_IN CHECK
200 TASK_DELAY CHECK 100
200 MOVED_TASK_TO_DELAYED_LIST CHECK
200 TASK_SWITCHED_OUT CHECK
200 TASK_SWITCHED_IN CNT_INC
200 TASK_PRIORITY_SET CNT_INC 1
200 MOVED_TASK_TO_READY_STATE CNT_INC
200 TASK_PRIORITY_SET CNT_INC 0
200 MOVED_TASK_TO_READY_STATE CNT_INC
200 TASK_SWITCHED_OUT CNT_INC
200 TASK_SWITCHED_IN SUSP_RX
200 QUEUE_RECEIVE_FAILED q1
200 QUEUE_RECEIVE_FAILED q1
200 TASK_INCREMENT_TICK 200
200 QUEUE_RECEIVE_FAILED q1
200 TASK_INCREMENT_TICK 200
201 TASK_SWITCHED_OUT SUSP_RX
201 TASK_SWITCHED_IN CNT_INC
201 TASK_PRIORITY_SET CNT_INC 1
201 MOVED_TASK_TO_READY_STATE CNT_INC
201 TASK_PRIORITY_SET CNT_INC 0
201 MOVED_TASK_TO_READY_STATE CNT_INC
201 TASK_SWITCHED_OUT CNT_INC
201 TASK_SWITCHED_IN IDLE
201 TASK_SWITCHED_OUT IDLE
201 TASK_SWITCHED_IN CNT_INC
201 TASK_PRIORITY_SET CNT_INC 1
201 MOVED_TASK_TO_READY_STATE CNT_INC
201 TASK_PRIORITY_SET CNT_INC 0
201 MOVED_TASK_TO_READY_STATE CNT_INC
201 TASK_SWITCHED_OUT CNT_INC
201 TASK_SWITCHED_IN SUSP_RX
201 QUEUE_RECEIVE_FAILED q1
201 QUEUE_RECEIVE_FAILED q1
201 TASK_INCREMENT_TICK 201
201 TASK_INCREMENT_TICK 201
202 TASK_SWITCHED_OUT SUSP_RX
202 TASK_SWITCHED_IN IDLE
202 TASK_INCREMENT_TICK 202
203 TASK_SWITCHED_OUT IDLE
203 TASK_SWITCHED_IN CNT_INC
203 TASK_PRIORITY_SET CNT_INC 1
203 MOVED_TASK_TO_READY_STATE CNT_INC
203 TASK_PRIORITY_SET CNT_INC 0
203 MOVED_TASK_TO_READY_STATE CNT_INC
203 TASK_SWITCHED_OUT CNT_INC
203 TASK_SWITCHED_IN SUSP_RX
203 QUEUE_RECEIVE_FAILED q1
203 QUEUE_RECEIVE_FAILED q1
203 QUEUE_RECEIVE_FAILED q1
203 TASK_INCREMENT_TICK 203
203 QUEUE_RECEIVE_FAILED q1
203 TASK_INCREMENT_TICK 203
204 TASK_SWITCHED_OUT SUSP_RX
204 TASK_SWITCHED_IN CNT_INC
204 TASK_PRIORITY_SET CNT_INC 1
204 MOVED_TASK_TO_READY_STATE CNT_INC
204 TASK_PRIORITY_SET CNT_INC 0
204 MOVED_TASK_TO_READY_STATE CNT_INC
204 TASK_SWITCHED_OUT CNT_INC
204 TASK_SWITCHED_IN IDLE
204 TASK_SWITCHED_OUT IDLE
204 TASK_SWITCHED_IN CNT_INC
204 TASK_PRIORITY_SET CNT_INC 1
204 MOVED_TASK_TO_READY_STATE CNT_INC
204 TASK_PRIORITY_SET CNT_INC 0
204 MOVED_TASK_TO_READY_STATE CNT_INC
204 TASK_SWITCHED_OUT CNT_INC
204 TASK_SWITCHED_IN SUSP_RX
204 QUEUE_RECEIVE_FAILED q1
204 QUEUE_RECEIVE_FAILED q1
204 TASK_INCREMENT_TICK 204
204 TASK_INCREMENT_TICK 204
205 TASK_SWITCHED_OUT SUSP_RX
205 TASK_SWITCHED_IN IDLE
205 TASK_INCREMENT_TICK 205
206 TASK_SWITCHED_OUT IDLE
206 TASK_SWITCHED_IN CNT_INC
206 TASK_PRIORITY_SET CNT_INC 1
206 MOVED_TASK_TO_READY_STATE CNT_INC
206 TASK_PRIORITY_SET CNT_INC 0
206 MOVED_TASK_TO_READY_STATE CNT_INC
206 TASK_SWITCHED_OUT CNT_INC
206 TASK_SWITCHED_IN SUSP_RX
206 QUEUE_RECEIVE_FAILED q1
206 QUEUE_RECEIVE_FAILED q1
206 QUEUE_RECEIVE_FAILED q1
206 TASK_INCREMENT_TICK 206
206 QUEUE_RECEIVE_FAILED q1
206 TASK_INCREMENT_TICK 206
207 TASK_SWITCHED_OUT SUSP_RX
207 TASK_SWITCHED_IN CNT_INC
207 TASK_PRIORITY_SET CNT_INC 1
207 MOVED_TASK_TO_READY_STATE CNT_INC
207 TASK_PRIORITY_SET CNT_INC 0
207 MOVED_TASK_TO_READY_STATE CNT_INC
207 TASK_SWITCHED_OUT CNT_INC
207 TASK_SWITCHED_IN IDLE
207 TASK_SWITCHED_OUT IDLE
207 TASK_SWITCHED_IN CNT_INC
207 TASK_PRIORITY_SET CNT_INC 1
207 MOVED_TASK_TO_READY_STATE CNT_INC
207 TASK_PRIORITY_SET CNT_INC 0
207 MOVED_TASK_TO_READY_STATE CNT_INC
207 TASK_SWITCHED_OUT CNT_INC
207 TASK_SWITCHED_IN SUSP_RX
207 QUEUE_RECEIVE_FAILED q1
207 QUEUE_RECEIVE_FAILED q1
207 TASK_INCREMENT_TICK 207
207 TASK_INCREMENT_TICK 207
208 TASK_SWITCHED_OUT SUSP_RX
208 TASK_SWITCHED_IN IDLE
208 TASK_INCREMENT_TICK 208
209 TASK_SWITCHED_OUT IDLE
209 TASK_SWITCHED_IN CNT_INC
209 TASK_PRIORITY_SET CNT_INC 1
209 MOVED_TASK_TO_READY_STATE CNT_INC
209 TASK_PRIORITY_SET CNT_INC 0
209 MOVED_TASK_TO_READY_STATE CNT_INC
209 TASK_SWITCHED_OUT CNT_INC
209 TASK_SWITCHED_IN SUSP_RX
209 QUEUE_RECEIVE_FAILED q1
209 QUEUE_RECEIVE_FAILED q1
209 QUEUE_RECEIVE_FAILED q1
209 TASK_INCREMENT_TICK 209
209 QUEUE_RECEIVE_FAILED q1
209 TASK_INCREMENT_TICK 209
210 TASK_SWITCHED_OUT SUSP_RX
210 TASK_SWITCHED_IN CNT_INC
210 TASK_PRIORITY_SET CNT_INC 1
210 MOVED_TASK_TO_READY_STATE CNT_INC
210 TASK_PRIORITY_SET CNT_INC 0
210 MOVED_TASK_TO_READY_STATE CNT_INC
210 TASK_SWITCHED_OUT CNT_INC
210 TASK_SWITCHED_IN IDLE
210 TASK_SWITCHED_OUT IDLE
210 TASK_SWITCHED_IN CNT_INC
210 TASK_PRIORITY_SET CNT_INC 1
210 MOVED_TASK_TO_READY_STATE CNT_INC
210 TASK_PRIORITY_SET CNT_INC 0
210 MOVED_TASK_TO_READY_STATE CNT_INC
210 TASK_SWITCHED_OUT CNT_INC
210 TASK_SWITCHED_IN SUSP_RX
210 QUEUE_RECEIVE_FAILED q1
210 QUEUE_RECEIVE_FAILED q1
210 TASK_INCREMENT_TICK 210
210 TASK_INCREMENT_TICK 210
211 TASK_SWITCHED_OUT SUSP_RX
211 TASK_SWITCHED_IN IDLE
211 TASK_INCREMENT_TICK 211
212 TASK_SWITCHED_OUT IDLE
212 TASK_SWITCHED_IN CNT_INC
212 TASK_PRIORITY_SET CNT_INC 1
212 MOVED_TASK_TO_READY_STATE CNT_INC
212 TASK_PRIORITY_SET CNT_INC 0
212 MOVED_TASK_TO_READY_STATE CNT_INC
212 TASK_SWITCHED_OUT CNT_INC
212 TASK_SWITCHED_IN SUSP_RX
212 QUEUE_RECEIVE_FAILED q1
212 QUEUE_RECEIVE_FAILED q1
212 QUEUE_RECEIVE_FAILED q1
212 TASK_INCREMENT_TICK 212
212 QUEUE_RECEIVE_FAILED q1
212 TASK_INCREMENT_TICK 212
213 TASK_SWITCHED_OUT SUSP_RX
213 TASK_SWITCHED_IN CNT_INC
213 TASK_PRIORITY_SET CNT_INC 1
213 MOVED_TASK_TO_READY_STATE CNT_INC
213 TASK_PRIORITY_SET CNT_INC 0
213 MOVED_TASK_TO_READY_STATE CNT_INC
213 TASK_SWITCHED_OUT CNT_INC
213 TASK_SWITCHED_IN IDLE
213 TASK_SWITCHED_OUT IDLE
213 TASK_SWITCHED_IN CNT_INC
213 TASK_PRIORITY_SET CNT_INC 1
213 MOVED_TASK_TO_READY_STATE CNT_INC
213 TASK_PRIORITY_SET CNT_INC 0
213 MOVED_TASK_TO_READY_STATE CNT_INC
213 TASK_SWITCHED_OUT CNT_INC
213 TASK_SWITCHED_IN SUSP_RX
213 QUEUE_RECEIVE_FAILED q1
213 QUEUE_RECEIVE_FAILED q1
213 TASK_INCREMENT_TICK 213
213 TASK_INCREMENT_TICK 213
214 TASK_SWITCHED_OUT SUSP_RX
214 TASK_SWITCHED_IN IDLE
214 TASK_INCREMENT_TICK 214
215 TASK_SWITCHED_OUT IDLE
215 TASK_SWITCHED_IN CNT_INC
215 TASK_PRIORITY_SET CNT_INC 1
215 MOVED_TASK_TO_READY_STATE CNT_INC
215 TASK_PRIORITY_SET CNT_INC 0
215 MOVED_TASK_TO_READY_STATE CNT_INC
215 TASK_SWITCHED_OUT CNT_INC
215 TASK_SWITCHED_IN SUSP_RX
215 QUEUE_RECEIVE_FAILED q1
215 QUEUE_RECEIVE_FAILED q1
215 QUEUE_RECEIVE_FAILED q1
215 TASK_INCREMENT_TICK 215
215 QUEUE_RECEIVE_FAILED q1
215 TASK_INCREMENT_TICK 215
216 TASK_SWITCHED_OUT SUSP_RX
216 TASK_SWITCHED_IN CNT_INC
216 TASK_PRIORITY_SET CNT_INC 1
216 MOVED_TASK_TO_READY_STATE CNT_INC
216 TASK_PRIORITY_SET CNT_INC 0
216 MOVED_TASK_TO_READY_STATE CNT_INC
216 TASK_SWITCHED_OUT CNT_INC
216 TASK_SWITCHED_IN IDLE
216 TASK_SWITCHED_OUT IDLE
216 TASK_SWITCHED_IN CNT_INC
216 TASK_PRIORITY_SET CNT_INC 1
216 MOVED_TASK_TO_READY_STATE CNT_INC
216 TASK_PRIORITY_SET CNT_INC 0
216 MOVED_TASK_TO_READY_STATE CNT_INC
216 TASK_SWITCHED_OUT CNT_INC
216 TASK_SWITCHED_IN SUSP_RX
216 QUEUE_RECEIVE_FAILED q1
216 QUEUE_RECEIVE_FAILED q1
216 TASK_INCREMENT_TICK 216
216 TASK_INCREMENT_TICK 216
217 TASK_SWITCHED_OUT SUSP_RX
217 TASK_SWITCHED_IN IDLE
217 TASK_INCREMENT_TICK 217
218 TASK_SWITCHED_OUT IDLE
218 TASK_SWITCHED_IN CNT_INC
218 TASK_PRIORITY_SET CNT_INC 1
218 MOVED_TASK_TO_READY_STATE CNT_INC
218 TASK_PRIORITY_SET CNT_INC 0
218 MOVED_TASK_TO_READY_STATE CNT_INC
218 TASK_SWITCHED_OUT CNT_INC
218 TASK_SWITCHED_IN SUSP_RX
218 QUEUE_RECEIVE_FAILED q1
218 QUEUE_RECEIVE_FAILED q1
218 QUEUE_RECEIVE_FAILED q1
218 TASK_INCREMENT_TICK 218
218 QUEUE_RECEIVE_FAILED q1
218 TASK_INCREMENT_TICK 218
219 TASK_SWITCHED_OUT SUSP_RX
219 TASK_SWITCHED_IN CNT_INC
219 TASK_PRIORITY_SET CNT_INC 1
219 MOVED_TASK_TO_READY_STATE CNT_INC
219 TASK_PRIORITY_SET CNT_INC 0
219 MOVED_TASK_TO_READY_STATE CNT_INC
219 TASK_SWITCHED_OUT CNT_INC
219 TASK_SWITCHED_IN IDLE
219 TASK_SWITCHED_OUT IDLE
219 TASK_SWITCHED_IN CNT_INC
219 TASK_PRIORITY_SET CNT_INC 1
219 MOVED_TASK_TO_READY_STATE CNT_INC
219 TASK_PRIORITY_SET CNT_INC 0
219 MOVED_TASK_TO_READY_STATE CNT_INC
219 TASK_SWITCHED_OUT CNT_INC
219 TASK_SWITCHED_IN SUSP_RX
219 QUEUE_RECEIVE_FAILED q1
219 QUEUE_RECEIVE_FAILED q1
219 TASK_INCREMENT_TICK 219
219 TASK_INCREMENT_TICK 219
220 TASK_SWITCHED_OUT SUSP_RX
220 TASK_SWITCHED_IN IDLE
220 TASK_INCREMENT_TICK 220
221 TASK_SWITCHED_OUT IDLE
221 TASK_SWITCHED_IN CNT_INC
221 TASK_PRIORITY_SET CNT_INC 1
221 MOVED_TASK_TO_READY_STATE CNT_INC
221 TASK_PRIORITY_SET CNT_INC 0
221 MOVED_TASK_TO_READY_STATE CNT_INC
221 TASK_SWITCHED_OUT CNT_INC
221 TASK_SWITCHED_IN SUSP_RX
221 QUEUE_RECEIVE_FAILED q1
221 QUEUE_RECEIVE_FAILED q1
221 QUEUE_RECEIVE_FAILED q1
221 TASK_INCREMENT_TICK 221
221 QUEUE_RECEIVE_FAILED q1
221 TASK_INCREMENT_TICK 221
222 TASK_SWITCHED_OUT SUSP_RX
222 TASK_SWITCHED_IN CNT_INC
222 TASK_PRIORITY_SET CNT_INC 1
222 MOVED_TASK_TO_READY_STATE CNT_INC
222 TASK_PRIORITY_SET CNT_INC 0
222 MOVED_TASK_TO_READY_STATE CNT_INC
222 TASK_SWITCHED_OUT CNT_INC
222 TASK_SWITCHED_IN IDLE
222 TASK_SWITCHED_OUT IDLE
222 TASK_SWITCHED_IN CNT_INC
222 TASK_PRIORITY_SET CNT_INC 1
222 MOVED_TASK_TO_READY_STATE CNT_INC
222 TASK_PRIORITY_SET CNT_INC 0
222 MOVED_TASK_TO_READY_STATE CNT_INC
222 TASK_SWITCHED_OUT CNT_INC
222 TASK_SWITCHED_IN SUSP_RX
222 QUEUE_RECEIVE_FAILED q1
222 QUEUE_RECEIVE_FAILED q1
222 TASK_INCREMENT_TICK 222
222 TASK_INCREMENT_TICK 222
223 TASK_SWITCHED_OUT SUSP_RX
223 TASK_SWITCHED_IN IDLE
223 TASK_INCREMENT_TICK 223
224 TASK_SWITCHED_OUT IDLE
224 TASK_SWITCHED_IN CNT_INC
224 TASK_PRIORITY_SET CNT_INC 1
224 MOVED_TASK_TO_READY_STATE CNT_INC
224 TASK_PRIORITY_SET CNT_INC 0
224 MOVED_TASK_TO_READY_STATE CNT_INC
224 TASK_SWITCHED_OUT CNT_INC
224 TASK_SWITCHED_IN SUSP_RX
224 QUEUE_RECEIVE_FAILED q1
224 QUEUE_RECEIVE_FAILED q1
224 QUEUE_RECEIVE_FAILED q1
224 TASK_INCREMENT_TICK 224
224 QUEUE_RECEIVE_FAILED q1
224 TASK_INCREMENT_TICK 224
225 TASK_SWITCHED_OUT SUSP_RX
225 TASK_SWITCHED_IN CNT_INC
225 TASK_PRIORITY_SET CNT_INC 1
225 MOVED_TASK_TO_READY_STATE CNT_INC
225 TASK_PRIORITY_SET CNT_INC 0
225 MOVED_TASK_TO_READY_STATE CNT_INC
225 TASK_SWITCHED_OUT CNT_INC
225 TASK_SWITCHED_IN IDLE
225 TASK_SWITCHED_OUT IDLE
225 TASK_SWITCHED_IN CNT_INC
225 TASK_PRIORITY_SET CNT_INC 1
225 MOVED_TASK_TO_READY_STATE CNT_INC
225 TASK_PRIORITY_SET CNT_INC 0
225 MOVED_TASK_TO_READY_STATE CNT_INC
225 TASK_SWITCHED_OUT CNT_INC
225 TASK_SWITCHED_IN SUSP_RX
225 QUEUE_RECEIVE_FAILED q1
225 QUEUE_RECEIVE_FAILED q1
225 TASK_INCREMENT_TICK 225
225 TASK_INCREMENT_TICK 225
226 TASK_SWITCHED_OUT SUSP_RX
226 TASK_SWITCHED_IN IDLE
226 TASK_INCREMENT_TICK 226
227 TASK_SWITCHED_OUT IDLE
227 TASK_SWITCHED_IN CNT_INC
227 TASK_PRIORITY_SET CNT_INC 1
227 MOVED_TASK_TO_READY_STATE CNT_INC
227 TASK_PRIORITY_SET CNT_INC 0
227 MOVED_TASK_TO_READY_STATE CNT_INC
227 TASK_SWITCHED_OUT CNT_INC
227 TASK_SWITCHED_IN SUSP_RX
227 QUEUE_RECEIVE_FAILED q1
227 QUEUE_RECEIVE_FAILED q1
227 QUEUE_RECEIVE_FAILED q1
227 TASK_INCREMENT_TICK 227
227 QUEUE_RECEIVE_FAILED q1
227 TASK_INCREMENT_TICK 227
228 TASK_SWITCHED_OUT SUSP_RX
228 TASK_SWITCHED_IN CNT_INC
228 TASK_PRIORITY_SET CNT_INC 1
228 MOVED_TASK_TO_READY_STATE CNT_INC
228 TASK_PRIORITY_SET CNT_INC 0
228 MOVED_TASK_TO_READY_STATE CNT_INC
228 TASK_SWITCHED_OUT CNT_INC
228 TASK_SWITCHED_IN IDLE
228 TASK_SWITCHED_OUT IDLE
228 TASK_SWITCHED_IN CNT_INC
228 TASK_PRIORITY_SET CNT_INC 1
228 MOVED_TASK_TO_READY_STATE CNT_INC
228 TASK_PRIORITY_SET CNT_INC 0
228 MOVED_TASK_TO_READY_STATE CNT_INC
228 TASK_SWITCHED_OUT CNT_INC
228 TASK_SWITCHED_IN SUSP_RX
228 QUEUE_RECEIVE_FAILED q1
228 QUEUE_RECEIVE_FAILED q1
228 TASK_INCREMENT_TICK 228
228 TASK_INCREMENT_TICK 228
229 TASK_SWITCHED_OUT SUSP_RX
229 TASK_SWITCHED_IN IDLE
229 TASK_INCREMENT_TICK 229
230 TASK_SWITCHED_OUT IDLE
230 TASK_SWITCHED_IN CNT_INC
230 TASK_PRIORITY_SET CNT_INC 1
230 MOVED_TASK_TO_READY_STATE CNT_INC
230 TASK_PRIORITY_SET CNT_INC 0
230 MOVED_TASK_TO_READY_STATE CNT_INC
230 TASK_SWITCHED_OUT CNT_INC
230 TASK_SWITCHED_IN SUSP_RX
230 QUEUE_RECEIVE_FAILED q1
230 QUEUE_RECEIVE_FAILED q1
230 QUEUE_RECEIVE_FAILED q1
230 TASK_INCREMENT_TICK 230
230 QUEUE_RECEIVE_FAILED q1
230 TASK_INCREMENT_TICK 230
231 TASK_SWITCHED_OUT SUSP_RX
231 TASK_SWITCHED_IN CNT_INC
231 TASK_PRIORITY_SET CNT_INC 1
231 MOVED_TASK_TO_READY_STATE CNT_INC
231 TASK_PRIORITY_SET CNT_INC 0
231 MOVED_TASK_TO_READY_STATE CNT_INC
231 TASK_SWITCHED_OUT CNT_INC
231 TASK_SWITCHED_IN IDLE
231 TASK_SWITCHED_OUT IDLE
231 TASK_SWITCHED_IN CNT_INC
231 TASK_PRIORITY_SET CNT_INC 1
231 MOVED_TASK_TO_READY_STATE CNT_INC
231 TASK_PRIORITY_SET CNT_INC 0
231 MOVED_TASK_TO_READY_STATE CNT_INC
231 TASK_SWITCHED_OUT CNT_INC
231 TASK_SWITCHED_IN SUSP_RX
231 QUEUE_RECEIVE_FAILED q1
231 QUEUE_RECEIVE_FAILED q1
231 TASK_INCREMENT_TICK 231
231 TASK_INCREMENT_TICK 231
232 TASK_SWITCHED_OUT SUSP_RX
232 TASK_SWITCHED_IN IDLE
232 TASK_INCREMENT_TICK 232
233 TASK_SWITCHED_OUT IDLE
233 TASK_SWITCHED_IN CNT_INC
233 TASK_PRIORITY_SET CNT_INC 1
233 MOVED_TASK_TO_READY_STATE CNT_INC
233 TASK_PRIORITY_SET CNT_INC 0
233 MOVED_TASK_TO_READY_STATE CNT_INC
233 TASK_SWITCHED_OUT CNT_INC
233 TASK_SWITCHED_IN SUSP_RX
233 QUEUE_RECEIVE_FAILED q1
233 QUEUE_RECEIVE_FAILED q1
233 QUEUE_RECEIVE_FAILED q1
233 TASK_INCREMENT_TICK 233
233 QUEUE_RECEIVE_FAILED q1
233 TASK_INCREMENT_TICK 233
234 TASK_SWITCHED_OUT SUSP_RX
234 TASK_SWITCHED_IN CNT_INC
234 TASK_PRIORITY_SET CNT_INC 1
234 MOVED_TASK_TO_READY_STATE CNT_INC
234 TASK_PRIORITY_SET CNT_INC 0
234 MOVED_TASK_TO_READY_STATE CNT_INC
234 TASK_SWITCHED_OUT CNT_INC
234 TASK_SWITCHED_IN IDLE
234 TASK_SWITCHED_OUT IDLE
234 TASK_SWITCHED_IN CNT_INC
234 TASK_PRIORITY_SET CNT_INC 1
234 MOVED_TASK_TO_READY_STATE CNT_INC
234 TASK_PRIORITY_SET CNT_INC 0
234 MOVED_TASK_TO_READY_STATE CNT_INC
234 TASK_SWITCHED_OUT CNT_INC
234 TASK_SWITCHED_IN SUSP_RX
234 QUEUE_RECEIVE_FAILED q1
234 QUEUE_RECEIVE_FAILED q1
234 TASK_INCREMENT_TICK 234
234 TASK_INCREMENT_TICK 234
235 TASK_SWITCHED_OUT SUSP_RX
235 TASK_SWITCHED_IN IDLE
235 TASK_INCREMENT_TICK 235
236 TASK_SWITCHED_OUT IDLE
236 TASK_SWITCHED_IN CNT_INC
236 TASK_PRIORITY_SET CNT_INC 1
236 MOVED_TASK_TO_READY_STATE CNT_INC
236 TASK_PRIORITY_SET CNT_INC 0
236 MOVED_TASK_TO_READY_STATE CNT_INC
236 TASK_SWITCHED_OUT CNT_INC
236 TASK_SWITCHED_IN SUSP_RX
236 QUEUE_RECEIVE_FAILED q1
236 QUEUE_RECEIVE_FAILED q1
236 QUEUE_RECEIVE_FAILED q1
236 TASK_INCREMENT_TICK 236
236 QUEUE_RECEIVE_FAILED q1
236 TASK_INCREMENT_TICK 236
237 TASK_SWITCHED_OUT SUSP_RX
237 TASK_SWITCHED_IN CNT_INC
237 TASK_PRIORITY_SET CNT_INC 1
237 MOVED_TASK_TO_READY_STATE CNT_INC
237 TASK_PRIORITY_SET CNT_INC 0
237 MOVED_TASK_TO_READY_STATE CNT_INC
237 TASK_SWITCHED_OUT CNT_INC
237 TASK_SWITCHED_IN IDLE
237 TASK_SWITCHED_OUT IDLE
237 TASK_SWITCHED_IN CNT_INC
237 TASK_PRIORITY_SET CNT_INC 1
237 MOVED_TASK_TO_READY_STATE CNT_INC
237 TASK_PRIORITY_SET CNT_INC 0
237 MOVED_TASK_TO_READY_STATE CNT_INC
237 TASK_SWITCHED_OUT CNT_INC
237 TASK_SWITCHED_IN SUSP_RX
237 QUEUE_RECEIVE_FAILED q1
237 QUEUE_RECEIVE_FAILED q1
237 TASK_INCREMENT_TICK 237
237 TASK_INCREMENT_TICK 237
238 TASK_SWITCHED_OUT SUSP_RX
238 TASK_SWITCHED_IN IDLE
238 TASK_INCREMENT_TICK 238
239 TASK_SWITCHED_OUT IDLE
239 TASK_SWITCHED_IN CNT_INC
239 TASK_PRIORITY_SET CNT_INC 1
239 MOVED_TASK_TO_READY_STATE CNT_INC
239 TASK_PRIORITY_SET CNT_INC 0
239 MOVED_TASK_TO_READY_STATE CNT_INC
239 TASK_SWITCHED_OUT CNT_INC
239 TASK_SWITCHED_IN SUSP_RX
239 QUEUE_RECEIVE_FAILED q1
239 QUEUE_RECEIVE_FAILED q1
239 QUEUE_RECEIVE_FAILED q1
239 TASK_INCREMENT_TICK 239
239 QUEUE_RECEIVE_FAILED q1
239 TASK_INCREMENT_TICK 239
240 TASK_SWITCHED_OUT SUSP_RX
240 TASK_SWITCHED_IN CNT_INC
240 TASK_PRIORITY_SET CNT_INC 1
240 MOVED_TASK_TO_READY_STATE CNT_INC
240 TASK_PRIORITY_SET CNT_INC 0
240 MOVED_TASK_TO_READY_STATE CNT_INC
240 TASK_SWITCHED_OUT CNT_INC
240 TASK_SWITCHED_IN IDLE
240 TASK_SWITCHED_OUT IDLE
240 TASK_SWITCHED_IN CNT_INC
240 TASK_PRIORITY_SET CNT_INC 1
240 MOVED_TASK_TO_READY_STATE CNT_INC
240 TASK_PRIORITY_SET CNT_INC 0
240 MOVED_TASK_TO_READY_STATE CNT_INC
240 TASK_SWITCHED_OUT CNT_INC
240 TASK_SWITCHED_IN SUSP_RX
240 QUEUE_RECEIVE_FAILED q1
240 QUEUE_RECEIVE_FAILED q1
240 TASK_INCREMENT_TICK 240
240 TASK_INCREMENT_TICK 240
241 TASK_SWITCHED_OUT SUSP_RX
241 TASK_SWITCHED_IN IDLE
241 TASK_INCREMENT_TICK 241
242 TASK_SWITCHED_OUT IDLE
242 TASK_SWITCHED_IN CNT_INC
242 TASK_PRIORITY_SET CNT_INC 1
242 MOVED_TASK_TO_READY_STATE CNT_INC
242 TASK_PRIORITY_SET CNT_INC 0
242 MOVED_TASK_TO_READY_STATE CNT_INC
242 TASK_SWITCHED_OUT CNT_INC
242 TASK_SWITCHED_IN SUSP_RX
242 QUEUE_RECEIVE_FAILED q1
242 QUEUE_RECEIVE_FAILED q1
242 QUEUE_RECEIVE_FAILED q1
242 TASK_INCREMENT_TICK 242
242 QUEUE_RECEIVE_FAILED q1
242 TASK_INCREMENT_TICK 242
243 TASK_SWITCHED_OUT SUSP_RX
243 TASK_SWITCHED_IN CNT_INC
243 TASK_PRIORITY_SET CNT_INC 1
243 MOVED_TASK_TO_READY_STATE CNT_INC
243 TASK_PRIORITY_SET CNT_INC 0
243 MOVED_TASK_TO_READY_STATE CNT_INC
243 TASK_SWITCHED_OUT CNT_INC
243 TASK_SWITCHED_IN IDLE
243 TASK_SWITCHED_OUT IDLE
243 TASK_SWITCHED_IN CNT_INC
243 TASK_PRIORITY_SET CNT_INC 1
243 MOVED_TASK_TO_READY_STATE CNT_INC
243 TASK_PRIORITY_SET CNT_INC 0
243 MOVED_TASK_TO_READY_STATE CNT_INC
243 TASK_SWITCHED_OUT CNT_INC
243 TASK_SWITCHED_IN SUSP_RX
243 QUEUE_RECEIVE_FAILED q1
243 QUEUE_RECEIVE_FAILED q1
243 TASK_INCREMENT_TICK 243
243 TASK_INCREMENT_TICK 243
244 TASK_SWITCHED_OUT SUSP_RX
244 TASK_SWITCHED_IN IDLE
244 TASK_INCREMENT_TICK 244
245 TASK_SWITCHED_OUT IDLE
245 TASK_SWITCHED_IN CNT_INC
245 TASK_PRIORITY_SET CNT_INC 1
245 MOVED_TASK_TO_READY_STATE CNT_INC
245 TASK_PRIORITY_SET CNT_INC 0
245 MOVED_TASK_TO_READY_STATE CNT_INC
245 TASK_SWITCHED_OUT CNT_INC
245 TASK_SWITCHED_IN SUSP_RX
245 QUEUE_RECEIVE_FAILED q1
245 QUEUE_RECEIVE_FAILED q1
245 QUEUE_RECEIVE_FAILED q1
245 TASK_INCREMENT_TICK 245
245 QUEUE_RECEIVE_FAILED q1
245 TASK_INCREMENT_TICK 245
246 TASK_SWITCHED_OUT SUSP_RX
246 TASK_SWITCHED_IN CNT_INC
246 TASK_PRIORITY_SET CNT_INC 1
246 MOVED_TASK_TO_READY_STATE CNT_INC
246 TASK_PRIORITY_SET CNT_INC 0
246 MOVED_TASK_TO_READY_STATE CNT_INC
246 TASK_SWITCHED_OUT CNT_INC
246 TASK_SWITCHED_IN IDLE
246 TASK_SWITCHED_OUT IDLE
246 TASK_SWITCHED_IN CNT_INC
246 TASK_PRIORITY_SET CNT_INC 1
246 MOVED_TASK_TO_READY_STATE CNT_INC
246 TASK_PRIORITY_SET CNT_INC 0
246 MOVED_TASK_TO_READY_STATE CNT_INC
246 TASK_SWITCHED_OUT CNT_INC
246 TASK_SWITCHED_IN SUSP_RX
246 QUEUE_RECEIVE_FAILED q1
246 QUEUE_RECEIVE_FAILED q1
246 TASK_INCREMENT_TICK 246
246 TASK_INCREMENT_TICK 246
247 TASK_SWITCHED_OUT SUSP_RX
247 TASK_SWITCHED_IN IDLE
247 TASK_INCREMENT_TICK 247
248 TASK_SWITCHED_OUT IDLE
248 TASK_SWITCHED_IN CNT_INC
248 TASK_PRIORITY_SET CNT_INC 1
248 MOVED_TASK_TO_READY_STATE CNT_INC
248 TASK_PRIORITY_SET CNT_INC 0
248 MOVED_TASK_TO_READY_STATE CNT_INC
248 TASK_SWITCHED_OUT CNT_INC
248 TASK_SWITCHED_IN SUSP_RX
248 QUEUE_RECEIVE_FAILED q1
248 QUEUE_RECEIVE_FAILED q1
248 QUEUE_RECEIVE_FAILED q1
248 TASK_INCREMENT_TICK 248
248 QUEUE_RECEIVE_FAILED q1
248 TASK_INCREMENT_TICK 248
249 TASK_SWITCHED_OUT SUSP_RX
249 TASK_SWITCHED_IN CNT_INC
249 TASK_PRIORITY_SET CNT_INC 1
249 MOVED_TASK_TO_READY_STATE CNT_INC
249 TASK_PRIORITY_SET CNT_INC 0
249 MOVED_TASK_TO_READY_STATE CNT_INC
249 TASK_SWITCHED_OUT CNT_INC
249 TASK_SWITCHED_IN IDLE
249 TASK_SWITCHED_OUT IDLE
249 TASK_SWITCHED_IN CNT_INC
249 TASK_PRIORITY_SET CNT_INC 1
249 MOVED_TASK_TO_READY_STATE CNT_INC
249 TASK_PRIORITY_SET CNT_INC 0
249 MOVED_TASK_TO_READY_STATE CNT_INC
249 TASK_SWITCHED_OUT CNT_INC
249 TASK_SWITCHED_IN SUSP_RX
249 QUEUE_RECEIVE_FAILED q1
249 QUEUE_RECEIVE_FAILED q1
249 TASK_INCREMENT_TICK 249
249 TASK_INCREMENT_TICK 249
250 TASK_SWITCHED_OUT SUSP_RX
250 TASK_SWITCHED_IN IDLE
250 TASK_INCREMENT_TICK 250
251 TASK_SWITCHED_OUT IDLE
251 TASK_SWITCHED_IN CNT_INC
251 TASK_PRIORITY_SET CNT_INC 1
251 MOVED_TASK_TO_READY_STATE CNT_INC
251 TASK_PRIORITY_SET CNT_INC 0
251 MOVED_TASK_TO_READY_STATE CNT_INC
251 TASK_SWITCHED_OUT CNT_INC
251 TASK_SWITCHED_IN SUSP_RX
251 QUEUE_RECEIVE_FAILED q1
251 QUEUE_RECEIVE_FAILED q1
251 QUEUE_RECEIVE_FAILED q1
251 TASK_INCREMENT_TICK 251
251 QUEUE_RECEIVE_FAILED q1
251 TASK_INCREMENT_TICK 251
252 TASK_SWITCHED_OUT SUSP_RX
252 TASK_SWITCHED_IN CNT_INC
252 TASK_PRIORITY_SET CNT_INC 1
252 MOVED_TASK_TO_READY_STATE CNT_INC
252 TASK_PRIORITY_SET CNT_INC 0
252 MOVED_TASK_TO_READY_STATE CNT_INC
252 TASK_SWITCHED_OUT CNT_INC
252 TASK_SWITCHED_IN IDLE
252 TASK_SWITCHED_OUT IDLE
252 TASK_SWITCHED_IN CNT_INC
252 TASK_PRIORITY_SET CNT_INC 1
252 MOVED_TASK_TO_READY_STATE CNT_INC
252 TASK_PRIORITY_SET CNT_INC 0
252 MOVED_TASK_TO_READY_STATE CNT_INC
252 TASK_SWITCHED_OUT CNT_INC
252 TASK_SWITCHED_IN SUSP_RX
252 QUEUE_RECEIVE_FAILED q1
252 QUEUE_RECEIVE_FAILED q1
252 TASK_INCREMENT_TICK 252
252 TASK_INCREMENT_TICK 252
253 TASK_SWITCHED_OUT SUSP_RX
253 TASK_SWITCHED_IN IDLE
253 TASK_INCREMENT_TICK 253
254 TASK_SWITCHED_OUT IDLE
254 TASK_SWITCHED_IN CNT_INC
254 TASK_PRIORITY_SET CNT_INC 1
254 MOVED_TASK_TO_READY_STATE CNT_INC
254 TASK_PRIORITY_SET CNT_INC 0
254 MOVED_TASK_TO_READY_STATE CNT_INC
254 TASK_SWITCHED_OUT CNT_INC
254 TASK_SWITCHED_IN SUSP_RX
254 QUEUE_RECEIVE_FAILED q1
254 QUEUE_RECEIVE_FAILED q1
254 QUEUE_RECEIVE_FAILED q1
254 TASK_INCREMENT_TICK 254
254 QUEUE_RECEIVE_FAILED q1
254 TASK_INCREMENT_TICK 254
255 TASK_SWITCHED_OUT SUSP_RX
255 TASK_SWITCHED_IN CNT_INC
255 TASK_PRIORITY_SET CNT_INC 1
255 MOVED_TASK_TO_READY_STATE CNT_INC
255 TASK_PRIORITY_SET CNT_INC 0
255 MOVED_TASK_TO_READY_STATE CNT_INC
255 TASK_SWITCHED_OUT CNT_INC
255 TASK_SWITCHED_IN IDLE
255 TASK_SWITCHED_OUT IDLE
255 TASK_SWITCHED_IN CNT_INC
255 TASK_PRIORITY_SET CNT_INC 1
255 MOVED_TASK_TO_READY_STATE CNT_INC
255 TASK_PRIORITY_SET CNT_INC 0
255 MOVED_TASK_TO_READY_STATE CNT_INC
255 TASK_SWITCHED_OUT CNT_INC
255 TASK_SWITCHED_IN SUSP_RX
255 QUEUE_RECEIVE_FAILED q1
255 QUEUE_RECEIVE_FAILED q1
255 TASK_INCREMENT_TICK 255
255 TASK_INCREMENT_TICK 255
256 TASK_SWITCHED_OUT SUSP_RX
256 TASK_SWITCHED_IN IDLE
256 TASK_INCREMENT_TICK 256
257 TASK_SWITCHED_OUT IDLE
257 TASK_SWITCHED_IN CNT_INC
257 TASK_PRIORITY_SET CNT_INC 1
257 MOVED_TASK_TO_READY_STATE CNT_INC
257 TASK_PRIORITY_SET CNT_INC 0
257 MOVED_TASK_TO_READY_STATE CNT_INC
257 TASK_SWITCHED_OUT CNT_INC
257 TASK_SWITCHED_IN SUSP_RX
257 QUEUE_RECEIVE_FAILED q1
257 QUEUE_RECEIVE_FAILED q1
257 QUEUE_RECEIVE_FAILED q1
257 TASK_INCREMENT_TICK 257
257 QUEUE_RECEIVE_FAILED q1
257 TASK_INCREMENT_TICK 257
258 MOVED_TASK_TO_READY_STATE C_CTRL
258 TASK_SWITCHED_OUT SUSP_RX
258 TASK_SWITCHED_IN CNT_INC
258 TASK_PRIORITY_SET CNT_INC 1
258 MOVED_TASK_TO_READY_STATE CNT_INC
258 TASK_PRIORITY_SET CNT_INC 0
258 MOVED_TASK_TO_READY_STATE CNT_INC
258 TASK_SWITCHED_OUT CNT_INC
258 TASK_SWITCHED_IN IDLE
258 TASK_SWITCHED_OUT IDLE
258 TASK_SWITCHED_IN C_CTRL
258 TASK_SUSPEND CNT_INC
258 TASK_RESUME CNT_INC
258 MOVED_TASK_TO_READY_STATE CNT_INC
258 TASK_DELAY C_CTRL 128
258 MOVED_TASK_TO_DELAYED_LIST C_CTRL
258 TASK_SWITCHED_OUT C_CTRL
258 TASK_SWITCHED_IN SUSP_RX
258 TASK_INCREMENT_TICK 258
258 QUEUE_RECEIVE_FAILED q1
258 TASK_INCREMENT_TICK 258
259 TASK_SWITCHED_OUT SUSP_RX
259 TASK_SWITCHED_IN IDLE
259 TASK_INCREMENT_TICK 259
260 MOVED_TASK_TO_READY_STATE SUSP_TX
260 TASK_SWITCHED_OUT IDLE
260 TASK_SWITCHED_IN CNT_INC
260 TASK_PRIORITY_SET CNT_INC 1
260 MOVED_TASK_TO_READY_STATE CNT_INC
260 TASK_PRIORITY_SET CNT_INC 0
260 MOVED_TASK_TO_READY_STATE CNT_INC
260 TASK_SWITCHED_OUT CNT_INC
260 TASK_SWITCHED_IN SUSP_RX
260 QUEUE_RECEIVE_FAILED q1
260 QUEUE_RECEIVE_FAILED q1
260 QUEUE_RECEIVE_FAILED q1
260 TASK_INCREMENT_TICK 260
261 TASK_SWITCHED_OUT SUSP_RX
261 TASK_SWITCHED_IN SUSP_TX
261 QUEUE_SEND q1
261 TASK_DELAY SUSP_TX 128
261 MOVED_TASK_TO_DELAYED_LIST SUSP_TX
261 TASK_SWITCHED_OUT SUSP_TX
261 TASK_SWITCHED_IN IDLE
261 TASK_SWITCHED_OUT IDLE
261 TASK_SWITCHED_IN CNT_INC
261 TASK_PRIORITY_SET CNT_INC 1
261 MOVED_TASK_TO_READY_STATE CNT_INC
261 TASK_PRIORITY_SET CNT_INC 0
261 MOVED_TASK_TO_READY_STATE CNT_INC
261 TASK_SWITCHED_OUT CNT_INC
261 TASK_SWITCHED_IN SUSP_RX
261 QUEUE_RECEIVE q1
261 QUEUE_RECEIVE_FAILED q1
261 TASK_INCREMENT_TICK 261
261 QUEUE_RECEIVE_FAILED q1
261 TASK_INCREMENT_TICK 261
262 TASK_SWITCHED_OUT SUSP_RX
262 TASK_SWITCHED_IN CNT_INC
262 TASK_PRIORITY_SET CNT_INC 1
262 MOVED_TASK_TO_READY_STATE CNT_INC
262 TASK_PRIORITY_SET CNT_INC 0
262 MOVED_TASK_TO_READY_STATE CNT_INC
262 TASK_SWITCHED_OUT CNT_INC
262 TASK_SWITCHED_IN IDLE
262 TASK_INCREMENT_TICK 262
263 TASK_SWITCHED_OUT IDLE
263 TASK_SWITCHED_IN CNT_INC
263 TASK_PRIORITY_SET CNT_INC 1
263 MOVED_TASK_TO_READY_STATE CNT_INC
263 TASK_PRIORITY_SET CNT_INC 0
263 MOVED_TASK_TO_READY_STATE CNT_INC
263 TASK_SWITCHED_OUT CNT_INC
263 TASK_SWITCHED_IN SUSP_RX
263 QUEUE_RECEIVE_FAILED q1
263 QUEUE_RECEIVE_FAILED q1
263 TASK_INCREMENT_TICK 263
263 TASK_INCREMENT_TICK 263
264 TASK_SWITCHED_OUT SUSP_RX
264 TASK_SWITCHED_IN IDLE
264 TASK_SWITCHED_OUT IDLE
264 TASK_SWITCHED_IN CNT_INC
264 TASK_PRIORITY_SET CNT_INC 1
264 MOVED_TASK_TO_READY_STATE CNT_INC
264 TASK_PRIORITY_SET CNT_INC 0
264 MOVED_TASK_TO_READY_STATE CNT_INC
264 TASK_SWITCHED_OUT CNT_INC
264 TASK_SWITCHED_IN SUSP_RX
264 QUEUE_RECEIVE_FAILED q1
264 QUEUE_RECEIVE_FAILED q1
264 QUEUE_RECEIVE_FAILED q1
264 TASK_INCREMENT_TICK 264
264 QUEUE_RECEIVE_FAILED q1
264 TASK_INCREMENT_TICK 264
265 TASK_SWITCHED_OUT SUSP_RX
265 TASK_SWITCHED_IN CNT_INC
265 TASK_PRIORITY_SET CNT_INC 1
265 MOVED_TASK_TO_READY_STATE CNT_INC
265 TASK_PRIORITY_SET CNT_INC 0
265 MOVED_TASK_TO_READY_STATE CNT_INC
265 TASK_SWITCHED_OUT CNT_INC
265 TASK_SWITCHED_IN IDLE
265 TASK_INCREMENT_TICK 265
266 TASK_SWITCHED_OUT IDLE
266 TASK_SWITCHED_IN CNT_INC
266 TASK_PRIORITY_SET CNT_INC 1
266 MOVED_TASK_TO_READY_STATE CNT_INC
266 TASK_PRIORITY_SET CNT_INC 0
266 MOVED_TASK_TO_READY_STATE CNT_INC
266 TASK_SWITCHED_OUT CNT_INC
266 TASK_SWITCHED_IN SUSP_RX
266 QUEUE_RECEIVE_FAILED q1
266 QUEUE_RECEIVE_FAILED q1
266 TASK_INCREMENT_TICK 266
266 TASK_INCREMENT_TICK 266
267 TASK_SWITCHED_OUT SUSP_RX
267 TASK_SWITCHED_IN IDLE
267 TASK_SWITCHED_OUT IDLE
267 TASK_SWITCHED_IN CNT_INC
267 TASK_PRIORITY_SET CNT_INC 1
267 MOVED_TASK_TO_READY_STATE CNT_INC
267 TASK_PRIORITY_SET CNT_INC 0
267 MOVED_TASK_TO_READY_STATE CNT_INC
267 TASK_SWITCHED_OUT CNT_INC
267 TASK_SWITCHED_IN SUSP_RX
267 QUEUE_RECEIVE_FAILED q1
267 QUEUE_RECEIVE_FAILED q1
267 QUEUE_RECEIVE_FAILED q1
267 TASK_INCREMENT_TICK 267
267 QUEUE_RECEIVE_FAILED q1
267 TASK_INCREMENT_TICK 267
268 TASK_SWITCHED_OUT SUSP_RX
268 TASK_SWITCHED_IN CNT_INC
268 TASK_PRIORITY_SET CNT_INC 1
268 MOVED_TASK_TO_READY_STATE CNT_INC
268 TASK_PRIORITY_SET CNT_INC 0
268 MOVED_TASK_TO_READY_STATE CNT_INC
268 TASK_SWITCHED_OUT CNT_INC
268 TASK_SWITCHED_IN IDLE
268 TASK_INCREMENT_TICK 268
269 TASK_SWITCHED_OUT IDLE
269 TASK_SWITCHED_IN CNT_INC
269 TASK_PRIORITY_SET CNT_INC 1
269 MOVED_TASK_TO_READY_STATE CNT_INC
269 TASK_PRIORITY_SET CNT_INC 0
269 MOVED_TASK_TO_READY_STATE CNT_INC
269 TASK_SWITCHED_OUT CNT_INC
269 TASK_SWITCHED_IN SUSP_RX
269 QUEUE_RECEIVE_FAILED q1
269 QUEUE_RECEIVE_FAILED q1
269 TASK_INCREMENT_TICK 269
269 TASK_INCREMENT_TICK 269
270 TASK_SWITCHED_OUT SUSP_RX
270 TASK_SWITCHED_IN IDLE
270 TASK_SWITCHED_OUT IDLE
270 TASK_SWITCHED_IN CNT_INC
270 TASK_PRIORITY_SET CNT_INC 1
270 MOVED_TASK_TO_READY_STATE CNT_INC
270 TASK_PRIORITY_SET CNT_INC 0
270 MOVED_TASK_TO_READY_STATE CNT_INC
270 TASK_SWITCHED_OUT CNT_INC
270 TASK_SWITCHED_IN SUSP_RX
270 QUEUE_RECEIVE_FAILED q1
270 QUEUE_RECEIVE_FAILED q1
270 QUEUE_RECEIVE_FAILED q1
270 TASK_INCREMENT_TICK 270
270 QUEUE_RECEIVE_FAILED q1
270 TASK_INCREMENT_TICK 270
271 TASK_SWITCHED_OUT SUSP_RX
271 TASK_SWITCHED_IN CNT_INC
271 TASK_PRIORITY_SET CNT_INC 1
271 MOVED_TASK_TO_READY_STATE CNT_INC
271 TASK_PRIORITY_SET CNT_INC 0
271 MOVED_TASK_TO_READY_STATE CNT_INC
271 TASK_SWITCHED_OUT CNT_INC
271 TASK_SWITCHED_IN IDLE
271 TASK_INCREMENT_TICK 271
272 TASK_SWITCHED_OUT IDLE
272 TASK_SWITCHED_IN CNT_INC
272 TASK_PRIORITY_SET CNT_INC 1
272 MOVED_TASK_TO_READY_STATE CNT_INC
272 TASK_PRIORITY_SET CNT_INC 0
272 MOVED_TASK_TO_READY_STATE CNT_INC
272 TASK_SWITCHED_OUT CNT_INC
272 TASK_SWITCHED_IN SUSP_RX
272 QUEUE_RECEIVE_FAILED q1
272 QUEUE_RECEIVE_FAILED q1
272 TASK_INCREMENT_TICK 272
272 TASK_INCREMENT_TICK 272
273 TASK_SWITCHED_OUT SUSP_RX
273 TASK_SWITCHED_IN IDLE
273 TASK_SWITCHED_OUT IDLE
273 TASK_SWITCHED_IN CNT_INC
273 TASK_PRIORITY_SET CNT_INC 1
273 MOVED_TASK_TO_READY_STATE CNT_INC
273 TASK_PRIORITY_SET CNT_INC 0
273 MOVED_TASK_TO_READY_STATE CNT_INC
273 TASK_SWITCHED_OUT CNT_INC
273 TASK_SWITCHED_IN SUSP_RX
273 QUEUE_RECEIVE_FAILED q1
273 QUEUE_RECEIVE_FAILED q1
273 QUEUE_RECEIVE_FAILED q1
273 TASK_INCREMENT_TICK 273
273 QUEUE_RECEIVE_FAILED q1
273 TASK_INCREMENT_TICK 273
274 TASK_SWITCHED_OUT SUSP_RX
274 TASK_SWITCHED_IN CNT_INC
274 TASK_PRIORITY_SET CNT_INC 1
274 MOVED_TASK_TO_READY_STATE CNT_INC
274 TASK_PRIORITY_SET CNT_INC 0
274 MOVED_TASK_TO_READY_STATE CNT_INC
274 TASK_SWITCHED_OUT CNT_INC
274 TASK_SWITCHED_IN IDLE
274 TASK_INCREMENT_TICK 274
275 TASK_SWITCHED_OUT IDLE
275 TASK_SWITCHED_IN CNT_INC
275 TASK_PRIORITY_SET CNT_INC 1
275 MOVED_TASK_TO_READY_STATE CNT_INC
275 TASK_PRIORITY_SET CNT_INC 0
275 MOVED_TASK_TO_READY_STATE CNT_INC
275 TASK_SWITCHED_OUT CNT_INC
275 TASK_SWITCHED_IN SUSP_RX
275 QUEUE_RECEIVE_FAILED q1
275 QUEUE_RECEIVE_FAILED q1
275 TASK_INCREMENT_TICK 275
275 TASK_INCREMENT_TICK 275
276 TASK_SWITCHED_OUT SUSP_RX
276 TASK_SWITCHED_IN IDLE
276 TASK_SWITCHED_OUT IDLE
276 TASK_SWITCHED_IN CNT_INC
276 TASK_PRIORITY_SET CNT_INC 1
276 MOVED_TASK_TO_READY_STATE CNT_INC
276 TASK_PRIORITY_SET CNT_INC 0
276 MOVED_TASK_TO_READY_STATE CNT_INC
276 TASK_SWITCHED_OUT CNT_INC
276 TASK_SWITCHED_IN SUSP_RX
276 QUEUE_RECEIVE_FAILED q1
276 QUEUE_RECEIVE_FAILED q1
276 QUEUE_RECEIVE_FAILED q1
276 TASK_INCREMENT_TICK 276
276 QUEUE_RECEIVE_FAILED q1
276 TASK_INCREMENT_TICK 276
277 TASK_SWITCHED_OUT SUSP_RX
277 TASK_SWITCHED_IN CNT_INC
277 TASK_PRIORITY_SET CNT_INC 1
277 MOVED_TASK_TO_READY_STATE CNT_INC
277 TASK_PRIORITY_SET CNT_INC 0
277 MOVED_TASK_TO_READY_STATE CNT_INC
277 TASK_SWITCHED_OUT CNT_INC
277 TASK_SWITCHED_IN IDLE
277 TASK_INCREMENT_TICK 277
278 TASK_SWITCHED_OUT IDLE
278 TASK_SWITCHED_IN CNT_INC
278 TASK_PRIORITY_SET CNT_INC 1
278 MOVED_TASK_TO_READY_STATE CNT_INC
278 TASK_PRIORITY_SET CNT_INC 0
278 MOVED_TASK_TO_READY_STATE CNT_INC
278 TASK_SWITCHED_OUT CNT_INC
278 TASK_SWITCHED_IN SUSP_RX
278 QUEUE_RECEIVE_FAILED q1
278 QUEUE_RECEIVE_FAILED q1
278 TASK_INCREMENT_TICK 278
278 TASK_INCREMENT_TICK 278
279 TASK_SWITCHED_OUT SUSP_RX
279 TASK_SWITCHED_IN IDLE
279 TASK_SWITCHED_OUT IDLE
279 TASK_SWITCHED_IN CNT_INC
279 TASK_PRIORITY_SET CNT_INC 1
279 MOVED_TASK_TO_READY_STATE CNT_INC
279 TASK_PRIORITY_SET CNT_INC 0
279 MOVED_TASK_TO_READY_STATE CNT_INC
279 TASK_SWITCHED_OUT CNT_INC
279 TASK_SWITCHED_IN SUSP_RX
279 QUEUE_RECEIVE_FAILED q1
279 QUEUE_RECEIVE_FAILED q1
279 QUEUE_RECEIVE_FAILED q1
279 TASK_INCREMENT_TICK 279
279 QUEUE_RECEIVE_FAILED q1
279 TASK_INCREMENT_TICK 279
280 TASK_SWITCHED_OUT SUSP_RX
280 TASK_SWITCHED_IN CNT_INC
280 TASK_PRIORITY_SET CNT_INC 1
280 MOVED_TASK_TO_READY_STATE CNT_INC
280 TASK_PRIORITY_SET CNT_INC 0
280 MOVED_TASK_TO_READY_STATE CNT_INC
280 TASK_SWITCHED_OUT CNT_INC
280 TASK_SWITCHED_IN IDLE
280 TASK_INCREMENT_TICK 280
281 TASK_SWITCHED_OUT IDLE
281 TASK_SWITCHED_IN CNT_INC
281 TASK_PRIORITY_SET CNT_INC 1
281 MOVED_TASK_TO_READY_STATE CNT_INC
281 TASK_PRIORITY_SET CNT_INC 0
281 MOVED_TASK_TO_READY_STATE CNT_INC
281 TASK_SWITCHED_OUT CNT_INC
281 TASK_SWITCHED_IN SUSP_RX
281 QUEUE_RECEIVE_FAILED q1
281 QUEUE_RECEIVE_FAILED q1
281 TASK_INCREMENT_TICK 281
281 TASK_INCREMENT_TICK 281
282 TASK_SWITCHED_OUT SUSP_RX
282 TASK_SWITCHED_IN IDLE
282 TASK_SWITCHED_OUT IDLE
282 TASK_SWITCHED_IN CNT_INC
282 TASK_PRIORITY_SET CNT_INC 1
282 MOVED_TASK_TO_READY_STATE CNT_INC
282 TASK_PRIORITY_SET CNT_INC 0
282 MOVED_TASK_TO_READY_STATE CNT_INC
282 TASK_SWITCHED_OUT CNT_INC
282 TASK_SWITCHED_IN SUSP_RX
282 QUEUE_RECEIVE_FAILED q1
282 QUEUE_RECEIVE_FAILED q1
282 QUEUE_RECEIVE_FAILED q1
282 TASK_INCREMENT_TICK 282
282 QUEUE_RECEIVE_FAILED q1
282 TASK_INCREMENT_TICK 282
283 TASK_SWITCHED_OUT SUSP_RX
283 TASK_SWITCHED_IN CNT_INC
283 TASK_PRIORITY_SET CNT_INC 1
283 MOVED_TASK_TO_READY_STATE CNT_INC
283 TASK_PRIORITY_SET CNT_INC 0
283 MOVED_TASK_TO_READY_STATE CNT_INC
283 TASK_SWITCHED_OUT CNT_INC
283 TASK_SWITCHED_IN IDLE
283 TASK_INCREMENT_TICK 283
284 TASK_SWITCHED_OUT IDLE
284 TASK_SWITCHED_IN CNT_INC
284 TASK_PRIORITY_SET CNT_INC 1
284 MOVED_TASK_TO_READY_STATE CNT_INC
284 TASK_PRIORITY_SET CNT_INC 0
284 MOVED_TASK_TO_READY_STATE CNT_INC
284 TASK_SWITCHED_OUT CNT_INC
284 TASK_SWITCHED_IN SUSP_RX
284 QUEUE_RECEIVE_FAILED q1
284 QUEUE_RECEIVE_FAILED q1
284 TASK_INCREMENT_TICK 284
284 TASK_INCREMENT_TICK 284
285 TASK_SWITCHED_OUT SUSP_RX
285 TASK_SWITCHED_IN IDLE
285 TASK_SWITCHED_OUT IDLE
285 TASK_SWITCHED_IN CNT_INC
285 TASK_PRIORITY_SET CNT_INC 1
285 MOVED_TASK_TO_READY_STATE CNT_INC
285 TASK_PRIORITY_SET CNT_INC 0
285 MOVED_TASK_TO_READY_STATE CNT_INC
285 TASK_SWITCHED_OUT CNT_INC
285 TASK_SWITCHED_IN SUSP_RX
285 QUEUE_RECEIVE_FAILED q1
285 QUEUE_RECEIVE_FAILED q1
285 QUEUE_RECEIVE_FAILED q1
285 TASK_INCREMENT_TICK 285
285 QUEUE_RECEIVE_FAILED q1
285 TASK_INCREMENT_TICK 285
286 TASK_SWITCHED_OUT SUSP_RX
286 TASK_SWITCHED_IN CNT_INC
286 TASK_PRIORITY_SET CNT_INC 1
286 MOVED_TASK_TO_READY_STATE CNT_INC
286 TASK_PRIORITY_SET CNT_INC 0
286 MOVED_TASK_TO_READY_STATE CNT_INC
286 TASK_SWITCHED_OUT CNT_INC
286 TASK_SWITCHED_IN IDLE
286 TASK_INCREMENT_TICK 286
287 TASK_SWITCHED_OUT IDLE
287 TASK_SWITCHED_IN CNT_INC
287 TASK_PRIORITY_SET CNT_INC 1
287 MOVED_TASK_TO_READY_STATE CNT_INC
287 TASK_PRIORITY_SET CNT_INC 0
287 MOVED_TASK_TO_READY_STATE CNT_INC
287 TASK_SWITCHED_OUT CNT_INC
287 TASK_SWITCHED_IN SUSP_RX
287 QUEUE_RECEIVE_FAILED q1
287 QUEUE_RECEIVE_FAILED q1
287 TASK_INCREMENT_TICK 287
287 TASK_INCREMENT_TICK 287
288 TASK_SWITCHED_OUT SUSP_RX
288 TASK_SWITCHED_IN IDLE
288 TASK_SWITCHED_OUT IDLE
288 TASK_SWITCHED_IN CNT_INC
288 TASK_PRIORITY_SET CNT_INC 1
288 MOVED_TASK_TO_READY_STATE CNT_INC
288 TASK_PRIORITY_SET CNT_INC 0
288 MOVED_TASK_TO_READY_STATE CNT_INC
288 TASK_SWITCHED_OUT CNT_INC
288 TASK_SWITCHED_IN SUSP_RX
288 QUEUE_RECEIVE_FAILED q1
288 QUEUE_RECEIVE_FAILED q1
288 QUEUE_RECEIVE_FAILED q1
288 TASK_INCREMENT_TICK 288
288 QUEUE_RECEIVE_FAILED q1
288 TASK_INCREMENT_TICK 288
289 TASK_SWITCHED_OUT SUSP_RX
289 TASK_SWITCHED_IN CNT_INC
289 TASK_PRIORITY_SET CNT_INC 1
289 MOVED_TASK_TO_READY_STATE CNT_INC
289 TASK_PRIORITY_SET CNT_INC 0
289 MOVED_TASK_TO_READY_STATE CNT_INC
289 TASK_SWITCHED_OUT CNT_INC
289 TASK_SWITCHED_IN IDLE
289 TASK_INCREMENT_TICK 289
290 TASK_SWITCHED_OUT IDLE
290 TASK_SWITCHED_IN CNT_INC
290 TASK_PRIORITY_SET CNT_INC 1
290 MOVED_TASK_TO_READY_STATE CNT_INC
290 TASK_PRIORITY_SET CNT_INC 0
290 MOVED_TASK_TO_READY_STATE CNT_INC
290 TASK_SWITCHED_OUT CNT_INC
290 TASK_SWITCHED_IN SUSP_RX
290 QUEUE_RECEIVE_FAILED q1
290 QUEUE_RECEIVE_FAILED q1
290 TASK_INCREMENT_TICK 290
290 TASK_INCREMENT_TICK 290
291 TASK_SWITCHED_OUT SUSP_RX
291 TASK_SWITCHED_IN IDLE
291 TASK_SWITCHED_OUT IDLE
291 TASK_SWITCHED_IN CNT_INC
291 TASK_PRIORITY_SET CNT_INC 1
291 MOVED_TASK_TO_READY_STATE CNT_INC
291 TASK_PRIORITY_SET CNT_INC 0
291 MOVED_TASK_TO_READY_STATE CNT_INC
291 TASK_SWITCHED_OUT CNT_INC
291 TASK_SWITCHED_IN SUSP_RX
291 QUEUE_RECEIVE_FAILED q1
291 QUEUE_RECEIVE_FAILED q1
291 QUEUE_RECEIVE_FAILED q1
291 TASK_INCREMENT_TICK 291
291 QUEUE_RECEIVE_FAILED q1
291 TASK_INCREMENT_TICK 291
292 TASK_SWITCHED_OUT SUSP_RX
292 TASK_SWITCHED_IN CNT_INC
292 TASK_PRIORITY_SET CNT_INC 1
292 MOVED_TASK_TO_READY_STATE CNT_INC
292 TASK_PRIORITY_SET CNT_INC 0
292 MOVED_TASK_TO_READY_STATE CNT_INC
292 TASK_SWITCHED_OUT CNT_INC
292 TASK_SWITCHED_IN IDLE
292 TASK_INCREMENT_TICK 292
293 TASK_SWITCHED_OUT IDLE
293 TASK_SWITCHED_IN CNT_INC
293 TASK_PRIORITY_SET CNT_INC 1
293 MOVED_TASK_TO_READY_STATE CNT_INC
293 TASK_PRIORITY_SET CNT_INC 0
293 MOVED_TASK_TO_READY_STATE CNT_INC
293 TASK_SWITCHED_OUT CNT_INC
293 TASK_SWITCHED_IN SUSP_RX
293 QUEUE_RECEIVE_FAILED q1
293 QUEUE_RECEIVE_FAILED q1
293 TASK_INCREMENT_TICK 293
293 TASK_INCREMENT_TICK 293
294 TASK_SWITCHED_OUT SUSP_RX
294 TASK_SWITCHED_IN IDLE
294 TASK_SWITCHED_OUT IDLE
294 TASK_SWITCHED_IN CNT_INC
294 TASK_PRIORITY_SET CNT_INC 1
294 MOVED_TASK_TO_READY_STATE CNT_INC
294 TASK_PRIORITY_SET CNT_INC 0
294 MOVED_TASK_TO_READY_STATE CNT_INC
294 TASK_SWITCHED_OUT CNT_INC
294 TASK_SWITCHED_IN SUSP_RX
294 QUEUE_RECEIVE_FAILED q1
294 QUEUE_RECEIVE_FAILED q1
294 QUEUE_RECEIVE_FAILED q1
294 TASK_INCREMENT_TICK 294
294 QUEUE_RECEIVE_FAILED q1
294 TASK_INCREMENT_TICK 294
295 TASK_SWITCHED_OUT SUSP_RX
295 TASK_SWITCHED_IN CNT_INC
295 TASK_PRIORITY_SET CNT_INC 1
295 MOVED_TASK_TO_READY_STATE CNT_INC
295 TASK_PRIORITY_SET CNT_INC 0
295 MOVED_TASK_TO_READY_STATE CNT_INC
295 TASK_SWITCHED_OUT CNT_INC
295 TASK_SWITCHED_IN IDLE
295 TASK_INCREMENT_TICK 295
296 TASK_SWITCHED_OUT IDLE
296 TASK_SWITCHED_IN CNT_INC
296 TASK_PRIORITY_SET CNT_INC 1
296 MOVED_TASK_TO_READY_STATE CNT_INC
296 TASK_PRIORITY_SET CNT_INC 0
296 MOVED_TASK_TO_READY_STATE CNT_INC
296 TASK_SWITCHED_OUT CNT_INC
296 TASK_SWITCHED_IN SUSP_RX
296 QUEUE_RECEIVE_FAILED q1
296 QUEUE_RECEIVE_FAILED q1
296 TASK_INCREMENT_TICK 296
296 TASK_INCREMENT_TICK 296
297 TASK_SWITCHED_OUT SUSP_RX
297 TASK_SWITCHED_IN IDLE
297 TASK_SWITCHED_OUT IDLE
297 TASK_SWITCHED_IN CNT_INC
297 TASK_PRIORITY_SET CNT_INC 1
297 MOVED_TASK_TO_READY_STATE CNT_INC
297 TASK_PRIORITY_SET CNT_INC 0
297 MOVED_TASK_TO_READY_STATE CNT_INC
297 TASK_SWITCHED_OUT CNT_INC
297 TASK_SWITCHED_IN SUSP_RX
297 QUEUE_RECEIVE_FAILED q1
297 QUEUE_RECEIVE_FAILED q1
297 QUEUE_RECEIVE_FAILED q1
297 TASK_INCREMENT_TICK 297
297 QUEUE_RECEIVE_FAILED q1
297 TASK_INCREMENT_TICK 297
298 TASK_SWITCHED_OUT SUSP_RX
298 TASK_SWITCHED_IN CNT_INC
298 TASK_PRIORITY_SET CNT_INC 1
298 MOVED_TASK_TO_READY_STATE CNT_INC
298 TASK_PRIORITY_SET CNT_INC 0
298 MOVED_TASK_TO_READY_STATE CNT_INC
298 TASK_SWITCHED_OUT CNT_INC
298 TASK_SWITCHED_IN IDLE
298 TASK_INCREMENT_TICK 298
299 TASK_SWITCHED_OUT IDLE
299 TASK_SWITCHED_IN CNT_INC
299 TASK_PRIORITY_SET CNT_INC 1
299 MOVED_TASK_TO_READY_STATE CNT_INC
299 TASK_PRIORITY_SET CNT_INC 0
299 MOVED_TASK_TO_READY_STATE CNT_INC
299 TASK_SWITCHED_OUT CNT_INC
299 TASK_SWITCHED_IN SUSP_RX
299 QUEUE_RECEIVE_FAILED q1
299 QUEUE_RECEIVE_FAILED q1
299 TASK_INCREMENT_TICK 299
299 TASK_INCREMENT_TICK 299
300 MOVED_TASK_TO_READY_STATE CHECK
300 TASK_SWITCHED_OUT SUSP_RX
300 TASK_SWITCHED_IN CHECK
300 TASK_DELAY CHECK 100
300 MOVED_TASK_TO_DELAYED_LIST CHECK
300 TASK_SWITCHED_OUT CHECK
300 TASK_SWITCHED_IN IDLE
300 TASK_SWITCHED_OUT IDLE
300 TASK_SWITCHED_IN CNT_INC
300 TASK_PRIORITY_SET CNT_INC 1
300 MOVED_TASK_TO_READY_STATE CNT_INC
300 TASK_PRIORITY_SET CNT_INC 0
300 MOVED_TASK_TO_READY_STATE CNT_INC
300 TASK_SWITCHED_OUT CNT_INC
300 TASK_SWITCHED_IN SUSP_RX
300 QUEUE_RECEIVE_FAILED q1
300 QUEUE_RECEIVE_FAILED q1
300 QUEUE_RECEIVE_FAILED q1
300 TASK_INCREMENT_TICK 300
300 TASK_INCREMENT_TICK 300
301 TASK_SWITCHED_OUT SUSP_RX
301 TASK_SWITCHED_IN CNT_INC
301 TASK_PRIORITY_SET CNT_INC 1
301 MOVED_TASK_TO_READY_STATE CNT_INC
301 TASK_PRIORITY_SET CNT_INC 0
301 MOVED_TASK_TO_READY_STATE CNT_INC
301 TASK_SWITCHED_OUT CNT_INC
301 TASK_SWITCHED_IN IDLE
301 TASK_INCREMENT_TICK 301
302 TASK_SWITCHED_OUT IDLE
302 TASK_SWITCHED_IN CNT_INC
302 TASK_PRIORITY_SET CNT_INC 1
302 MOVED_TASK_TO_READY_STATE CNT_INC
302 TASK_PRIORITY_SET CNT_INC 0
302 MOVED_TASK_TO_READY_STATE CNT_INC
302 TASK_SWITCHED_OUT CNT_INC
302 TASK_SWITCHED_IN SUSP_RX
302 QUEUE_RECEIVE_FAILED q1
302 QUEUE_RECEIVE_FAILED q1
302 TASK_INCREMENT_TICK 302
303 TASK_SWITCHED_OUT SUSP_RX
303 TASK_SWITCHED_IN IDLE
303 TASK_SWITCHED_OUT IDLE
303 TASK_SWITCHED_IN CNT_INC
303 TASK_PRIORITY_SET CNT_INC 1
303 MOVED_TASK_TO_READY_STATE CNT_INC
303 TASK_PRIORITY_SET CNT_INC 0
303 MOVED_TASK_TO_READY_STATE CNT_INC
303 TASK_SWITCHED_OUT CNT_INC
303 TASK_SWITCHED_IN SUSP_RX
303 QUEUE_RECEIVE_FAILED q1
303 QUEUE_RECEIVE_FAILED q1
303 QUEUE_RECEIVE_FAILED q1
303 QUEUE_RECEIVE_FAILED q1
303 TASK_INCREMENT_TICK 303
303 TASK_INCREMENT_TICK 303
304 TASK_SWITCHED_OUT SUSP_RX
304 TASK_SWITCHED_IN CNT_INC
304 TASK_PRIORITY_SET CNT_INC 1
304 MOVED_TASK_TO_READY_STATE CNT_INC
304 TASK_PRIORITY_SET CNT_INC 0
304 MOVED_TASK_TO_READY_STATE CNT_INC
304 TASK_SWITCHED_OUT CNT_INC
304 TASK_SWITCHED_IN IDLE
304 TASK_INCREMENT_TICK 304
305 TASK_SWITCHED_OUT IDLE
305 TASK_SWITCHED_IN CNT_INC
305 TASK_PRIORITY_SET CNT_INC 1
305 MOVED_TASK_TO_READY_STATE CNT_INC
305 TASK_PRIORITY_SET CNT_INC 0
305 MOVED_TASK_TO_READY_STATE CNT_INC
305 TASK_SWITCHED_OUT CNT_INC
305 TASK_SWITCHED_IN SUSP_RX
305 QUEUE_RECEIVE_FAILED q1
305 QUEUE_RECEIVE_FAILED q1
305 TASK_INCREMENT_TICK 305
306 TASK_SWITCHED_OUT SUSP_RX
306 TASK_SWITCHED_IN IDLE
306 TASK_SWITCHED_OUT IDLE
306 TASK_SWITCHED_IN CNT_INC
306 TASK_PRIORITY_SET CNT_INC 1
306 MOVED_TASK_TO_READY_STATE CNT_INC
306 TASK_PRIORITY_SET CNT_INC 0
306 MOVED_TASK_TO_READY_STATE CNT_INC
306 TASK_SWITCHED_OUT CNT_INC
306 TASK_SWITCHED_IN SUSP_RX
306 QUEUE_RECEIVE_FAILED q1
306 QUEUE_RECEIVE_FAILED q1
306 QUEUE_RECEIVE_FAILED q1
306 QUEUE_RECEIVE_FAILED q1
306 TASK_INCREMENT_TICK 306
306 TASK_INCREMENT_TICK 306
307 TASK_SWITCHED_OUT SUSP_RX
307 TASK_SWITCHED_IN CNT_INC
307 TASK_PRIORITY_SET CNT_INC 1
307 MOVED_TASK_TO_READY_STATE CNT_INC
307 TASK_PRIORITY_SET CNT_INC 0
307 MOVED_TASK_TO_READY_STATE CNT_INC
307 TASK_SWITCHED_OUT CNT_INC
307 TASK_SWITCHED_IN IDLE
307 TASK_INCREMENT_TICK 307
308 TASK_SWITCHED_OUT IDLE
308 TASK_SWITCHED_IN CNT_INC
308 TASK_PRIORITY_SET CNT_INC 1
308 MOVED_TASK_TO_READY_STATE CNT_INC
308 TASK_PRIORITY_SET CNT_INC 0
308 MOVED_TASK_TO_READY_STATE CNT_INC
308 TASK_SWITCHED_OUT CNT_INC
308 TASK_SWITCHED_IN SUSP_RX
308 QUEUE_RECEIVE_FAILED q1
308 QUEUE_RECEIVE_FAILED q1
308 TASK_INCREMENT_TICK 308
309 TASK_SWITCHED_OUT SUSP_RX
309 TASK_SWITCHED_IN IDLE
309 TASK_SWITCHED_OUT IDLE
309 TASK_SWITCHED_IN CNT_INC
309 TASK_PRIORITY_SET CNT_INC 1
309 MOVED_TASK_TO_READY_STATE CNT_INC
309 TASK_PRIORITY_SET CNT_INC 0
309 MOVED_TASK_TO_READY_STATE CNT_INC
309 TASK_SWITCHED_OUT CNT_INC
309 TASK_SWITCHED_IN SUSP_RX
309 QUEUE_RECEIVE_FAILED q1
309 QUEUE_RECEIVE_FAILED q1
309 QUEUE_RECEIVE_FAILED q1
309 QUEUE_RECEIVE_FAILED q1
309 TASK_INCREMENT_TICK 309
309 TASK_INCREMENT_TICK 309
310 TASK_SWITCHED_OUT SUSP_RX
310 TASK_SWITCHED_IN CNT_INC
310 TASK_PRIORITY_SET CNT_INC 1
310 MOVED_TASK_TO_READY_STATE CNT_INC
310 TASK_PRIORITY_SET CNT_INC 0
310 MOVED_TASK_TO_READY_STATE CNT_INC
310 TASK_SWITCHED_OUT CNT_INC
310 TASK_SWITCHED_IN IDLE
310 TASK_INCREMENT_TICK 310
311 TASK_SWITCHED_OUT IDLE
311 TASK_SWITCHED_IN CNT_INC
311 TASK_PRIORITY_SET CNT_INC 1
311 MOVED_TASK_TO_READY_STATE CNT_INC
311 TASK_PRIORITY_SET CNT_INC 0
311 MOVED_TASK_TO_READY_STATE CNT_INC
311 TASK_SWITCHED_OUT CNT_INC
311 TASK_SWITCHED_IN SUSP_RX
311 QUEUE_RECEIVE_FAILED q1
311 QUEUE_RECEIVE_FAILED q1
311 TASK_INCREMENT_TICK 311
312 TASK_SWITCHED_OUT SUSP_RX
312 TASK_SWITCHED_IN IDLE
312 TASK_SWITCHED_OUT IDLE
312 TASK_SWITCHED_IN CNT_INC
312 TASK_PRIORITY_SET CNT_INC 1
312 MOVED_TASK_TO_READY_STATE CNT_INC
312 TASK_PRIORITY_SET CNT_INC 0
312 MOVED_TASK_TO_READY_STATE CNT_INC
312 TASK_SWITCHED_OUT CNT_INC
312 TASK_SWITCHED_IN SUSP_RX
312 QUEUE_RECEIVE_FAILED q1
312 QUEUE_RECEIVE_FAILED q1
312 QUEUE_RECEIVE_FAILED q1
312 QUEUE_RECEIVE_FAILED q1
312 TASK_INCREMENT_TICK 312
312 TASK_INCREMENT_TICK 312
313 TASK_SWITCHED_OUT SUSP_RX
313 TASK_SWITCHED_IN CNT_INC
313 TASK_PRIORITY_SET CNT_INC 1
313 MOVED_TASK_TO_READY_STATE CNT_INC
313 TASK_PRIORITY_SET CNT_INC 0
313 MOVED_TASK_TO_READY_STATE CNT_INC
313 TASK_SWITCHED_OUT CNT_INC
313 TASK_SWITCHED_IN IDLE
313 TASK_INCREMENT_TICK 313
314 TASK_SWITCHED_OUT IDLE
314 TASK_SWITCHED_IN CNT_INC
314 TASK_PRIORITY_SET CNT_INC 1
314 MOVED_TASK_TO_READY_STATE CNT_INC
314 TASK_PRIORITY_SET CNT_INC 0
314 MOVED_TASK_TO_READY_STATE CNT_INC
314 TASK_SWITCHED_OUT CNT_INC
314 TASK_SWITCHED_IN SUSP_RX
314 QUEUE_RECEIVE_FAILED q1
314 QUEUE_RECEIVE_FAILED q1
314 TASK_INCREMENT_TICK 314
315 TASK_SWITCHED_OUT SUSP_RX
315 TASK_SWITCHED_IN IDLE
315 TASK_SWITCHED_OUT IDLE
315 TASK_SWITCHED_IN CNT_INC
315 TASK_PRIORITY_SET CNT_INC 1
315 MOVED_TASK_TO_READY_STATE CNT_INC
315 TASK_PRIORITY_SET CNT_INC 0
315 MOVED_TASK_TO_READY_STATE CNT_INC
315 TASK_SWITCHED_OUT CNT_INC
315 TASK_SWITCHED_IN SUSP_RX
315 QUEUE_RECEIVE_FAILED q1
315 QUEUE_RECEIVE_FAILED q1
315 QUEUE_RECEIVE_FAILED q1
315 QUEUE_RECEIVE_FAILED q1
315 TASK_INCREMENT_TICK 315
315 TASK_INCREMENT_TICK 315
316 TASK_SWITCHED_OUT SUSP_RX
316 TASK_SWITCHED_IN CNT_INC
316 TASK_PRIORITY_SET CNT_INC 1
316 MOVED_TASK_TO_READY_STATE CNT_INC
316 TASK_PRIORITY_SET CNT_INC 0
316 MOVED_TASK_TO_READY_STATE CNT_INC
316 TASK_SWITCHED_OUT CNT_INC
316 TASK_SWITCHED_IN IDLE
316 TASK_INCREMENT_TICK 316
317 TASK_SWITCHED_OUT IDLE
317 TASK_SWITCHED_IN CNT_INC
317 TASK_PRIORITY_SET CNT_INC 1
317 MOVED_TASK_TO_READY_STATE CNT_INC
317 TASK_PRIORITY_SET CNT_INC 0
317 MOVED_TASK_TO_READY_STATE CNT_INC
317 TASK_SWITCHED_OUT CNT_INC
317 TASK_SWITCHED_IN SUSP_RX
317 QUEUE_RECEIVE_FAILED q1
317 QUEUE_RECEIVE_FAILED q1
317 TASK_INCREMENT_TICK 317
318 TASK_SWITCHED_OUT SUSP_RX
318 TASK_SWITCHED_IN IDLE
318 TASK_SWITCHED_OUT IDLE
318 TASK_SWITCHED_IN CNT_INC
318 TASK_PRIORITY_SET CNT_INC 1
318 MOVED_TASK_TO_READY_STATE CNT_INC
318 TASK_PRIORITY_SET CNT_INC 0
318 MOVED_TASK_TO_READY_STATE CNT_INC
318 TASK_SWITCHED_OUT CNT_INC
318 TASK_SWITCHED_IN SUSP_RX
318 QUEUE_RECEIVE_FAILED q1
318 QUEUE_RECEIVE_FAILED q1
318 QUEUE_RECEIVE_FAILED q1
318 QUEUE_RECEIVE_FAILED q1
318 TASK_INCREMENT_TICK 318
318 TASK_INCREMENT_TICK 318
319 TASK_SWITCHED_OUT SUSP_RX
319 TASK_SWITCHED_IN CNT_INC
319 TASK_PRIORITY_SET CNT_INC 1
319 MOVED_TASK_TO_READY_STATE CNT_INC
319 TASK_PRIORITY_SET CNT_INC 0
319 MOVED_TASK_TO_READY_STATE CNT_INC
319 TASK_SWITCHED_OUT CNT_INC
319 TASK_SWITCHED_IN IDLE
319 TASK_INCREMENT_TICK 319
320 TASK_SWITCHED_OUT IDLE
320 TASK_SWITCHED_IN CNT_INC
320 TASK_PRIORITY_SET CNT_INC 1
320 MOVED_TASK_TO_READY_STATE CNT_INC
320 TASK_PRIORITY_SET CNT_INC 0
320 MOVED_TASK_TO_READY_STATE CNT_INC
320 TASK_SWITCHED_OUT CNT_INC
320 TASK_SWITCHED_IN SUSP_RX
320 QUEUE_RECEIVE_FAILED q1
320 QUEUE_RECEIVE_FAILED q1
320 TASK_INCREMENT_TICK 320
321 TASK_SWITCHED_OUT SUSP_RX
321 TASK_SWITCHED_IN IDLE
321 TASK_SWITCHED_OUT IDLE
321 TASK_SWITCHED_IN CNT_INC
321 TASK_PRIORITY_SET CNT_INC 1
321 MOVED_TASK_TO_READY_STATE CNT_INC
321 TASK_PRIORITY_SET CNT_INC 0
321 MOVED_TASK_TO_READY_STATE CNT_INC
321 TASK_SWITCHED_OUT CNT_INC
321 TASK_SWITCHED_IN SUSP_RX
321 QUEUE_RECEIVE_FAILED q1
321 QUEUE_RECEIVE_FAILED q1
321 QUEUE_RECEIVE_FAILED q1
321 QUEUE_RECEIVE_FAILED q1
321 TASK_INCREMENT_TICK 321
321 TASK_INCREMENT_TICK 321
322 TASK_SWITCHED_OUT SUSP_RX
322 TASK_SWITCHED_IN CNT_INC
322 TASK_PRIORITY_SET CNT_INC 1
322 MOVED_TASK_TO_READY_STATE CNT_INC
322 TASK_PRIORITY_SET CNT_INC 0
322 MOVED_TASK_TO_READY_STATE CNT_INC
322 TASK_SWITCHED_OUT CNT_INC
322 TASK_SWITCHED_IN IDLE
322 TASK_INCREMENT_TICK 322
323 TASK_SWITCHED_OUT IDLE
323 TASK_SWITCHED_IN CNT_INC
323 TASK_PRIORITY_SET CNT_INC 1
323 MOVED_TASK_TO_READY_STATE CNT_INC
323 TASK_PRIORITY_SET CNT_INC 0
323 MOVED_TASK_TO_READY_STATE CNT_INC
323 TASK_SWITCHED_OUT CNT_INC
323 TASK_SWITCHED_IN SUSP_RX
323 QUEUE_RECEIVE_FAILED q1
323 QUEUE_RECEIVE_FAILED q1
323 TASK_INCREMENT_TICK 323
324 TASK_SWITCHED_OUT SUSP_RX
324 TASK_SWITCHED_IN IDLE
324 TASK_SWITCHED_OUT IDLE
324 TASK_SWITCHED_IN CNT_INC
324 TASK_PRIORITY_SET CNT_INC 1
324 MOVED_TASK_TO_READY_STATE CNT_INC
324 TASK_PRIORITY_SET CNT_INC 0
324 MOVED_TASK_TO_READY_STATE CNT_INC
324 TASK_SWITCHED_OUT CNT_INC
324 TASK_SWITCHED_IN SUSP_RX
324 QUEUE_RECEIVE_FAILED q1
324 QUEUE_RECEIVE_FAILED q1
324 QUEUE_RECEIVE_FAILED q1
324 QUEUE_RECEIVE_FAILED q1
324 TASK_INCREMENT_TICK 324
324 TASK_INCREMENT_TICK 324
325 TASK_SWITCHED_OUT SUSP_RX
325 TASK_SWITCHED_IN CNT_INC
325 TASK_PRIORITY_SET CNT_INC 1
325 MOVED_TASK_TO_READY_STATE CNT_INC
325 TASK_PRIORITY_SET CNT_INC 0
325 MOVED_TASK_TO_READY_STATE CNT_INC
325 TASK_SWITCHED_OUT CNT_INC
325 TASK_SWITCHED_IN IDLE
325 TASK_INCREMENT_TICK 325
326 TASK_SWITCHED_OUT IDLE
326 TASK_SWITCHED_IN CNT_INC
326 TASK_PRIORITY_SET CNT_INC 1
326 MOVED_TASK_TO_READY_STATE CNT_INC
326 TASK_PRIORITY_SET CNT_INC 0
326 MOVED_TASK_TO_READY_STATE CNT_INC
326 TASK_SWITCHED_OUT CNT_INC
326 TASK_SWITCHED_IN SUSP_RX
326 QUEUE_RECEIVE_FAILED q1
326 QUEUE_RECEIVE_FAILED q1
326 TASK_INCREMENT_TICK 326
327 TASK_SWITCHED_OUT SUSP_RX
327 TASK_SWITCHED_IN IDLE
327 TASK_SWITCHED_OUT IDLE
327 TASK_SWITCHED_IN CNT_INC
327 TASK_PRIORITY_SET CNT_INC 1
327 MOVED_TASK_TO_READY_STATE CNT_INC
327 TASK_PRIORITY_SET CNT_INC 0
327 MOVED_TASK_TO_READY_STATE CNT_INC
327 TASK_SWITCHED_OUT CNT_INC
327 TASK_SWITCHED_IN SUSP_RX
327 QUEUE_RECEIVE_FAILED q1
327 QUEUE_RECEIVE_FAILED q1
327 QUEUE_RECEIVE_FAILED q1
327 QUEUE_RECEIVE_FAILED q1
327 TASK_INCREMENT_TICK 327
327 TASK_INCREMENT_TICK 327
328 TASK_SWITCHED_OUT SUSP_RX
328 TASK_SWITCHED_IN CNT_INC
328 TASK_PRIORITY_SET CNT_INC 1
328 MOVED_TASK_TO_READY_STATE CNT_INC
328 TASK_PRIORITY_SET CNT_INC 0
328 MOVED_TASK_TO_READY_STATE CNT_INC
328 TASK_SWITCHED_OUT CNT_INC
328 TASK_SWITCHED_IN IDLE
328 TASK_INCREMENT_TICK 328
329 TASK_SWITCHED_OUT IDLE
329 TASK_SWITCHED_IN CNT_INC
329 TASK_PRIORITY_SET CNT_INC 1
329 MOVED_TASK_TO_READY_STATE CNT_INC
329 TASK_PRIORITY_SET CNT_INC 0
329 MOVED_TASK_TO_READY_STATE CNT_INC
329 TASK_SWITCHED_OUT CNT_INC
329 TASK_SWITCHED_IN SUSP_RX
329 QUEUE_RECEIVE_FAILED q1
329 QUEUE_RECEIVE_FAILED q1
329 TASK_INCREMENT_TICK 329
330 TASK_SWITCHED_OUT SUSP_RX
330 TASK_SWITCHED_IN IDLE
330 TASK_SWITCHED_OUT IDLE
330 TASK_SWITCHED_IN CNT_INC
330 TASK_PRIORITY_SET CNT_INC 1
330 MOVED_TASK_TO_READY_STATE CNT_INC
330 TASK_PRIORITY_SET CNT_INC 0
330 MOVED_TASK_TO_READY_STATE CNT_INC
330 TASK_SWITCHED_OUT CNT_INC
330 TASK_SWITCHED_IN SUSP_RX
330 QUEUE_RECEIVE_FAILED q1
330 QUEUE_RECEIVE_FAILED q1
330 QUEUE_RECEIVE_FAILED q1
330 QUEUE_RECEIVE_FAILED q1
330 TASK_INCREMENT_TICK 330
330 TASK_INCREMENT_TICK 330
331 TASK_SWITCHED_OUT SUSP_RX
331 TASK_SWITCHED_IN CNT_INC
331 TASK_PRIORITY_SET CNT_INC 1
331 MOVED_TASK_TO_READY_STATE CNT_INC
331 TASK_PRIORITY_SET CNT_INC 0
331 MOVED_TASK_TO_READY_STATE CNT_INC
331 TASK_SWITCHED_OUT CNT_INC
331 TASK_SWITCHED_IN IDLE
331 TASK_INCREMENT_TICK 331
332 TASK_SWITCHED_OUT IDLE
332 TASK_SWITCHED_IN CNT_INC
332 TASK_PRIORITY_SET CNT_INC 1
332 MOVED_TASK_TO_READY_STATE CNT_INC
332 TASK_PRIORITY_SET CNT_INC 0
332 MOVED_TASK_TO_READY_STATE CNT_INC
332 TASK_SWITCHED_OUT CNT_INC
332 TASK_SWITCHED_IN SUSP_RX
332 QUEUE_RECEIVE_FAILED q1
332 QUEUE_RECEIVE_FAILED q1
332 TASK_INCREMENT_TICK 332
333 TASK_SWITCHED_OUT SUSP_RX
333 TASK_SWITCHED_IN IDLE
333 TASK_SWITCHED_OUT IDLE
333 TASK_SWITCHED_IN CNT_INC
333 TASK_PRIORITY_SET CNT_INC 1
333 MOVED_TASK_TO_READY_STATE CNT_INC
333 TASK_PRIORITY_SET CNT_INC 0
333 MOVED_TASK_TO_READY_STATE CNT_INC
333 TASK_SWITCHED_OUT CNT_INC
333 TASK_SWITCHED_IN SUSP_RX
333 QUEUE_RECEIVE_FAILED q1
333 QUEUE_RECEIVE_FAILED q1
333 QUEUE_RECEIVE_FAILED q1
333 QUEUE_RECEIVE_FAILED q1
333 TASK_INCREMENT_TICK 333
333 TASK_INCREMENT_TICK 333
334 TASK_SWITCHED_OUT SUSP_RX
334 TASK_SWITCHED_IN CNT_INC
334 TASK_PRIORITY_SET CNT_INC 1
334 MOVED_TASK_TO_READY_STATE CNT_INC
334 TASK_PRIORITY_SET CNT_INC 0
334 MOVED_TASK_TO_READY_STATE CNT_INC
334 TASK_SWITCHED_OUT CNT_INC
334 TASK_SWITCHED_IN IDLE
334 TASK_INCREMENT_TICK 334
335 TASK_SWITCHED_OUT IDLE
335 TASK_SWITCHED_IN CNT_INC
335 TASK_PRIORITY_SET CNT_INC 1
335 MOVED_TASK_TO_READY_STATE CNT_INC
335 TASK_PRIORITY_SET CNT_INC 0
335 MOVED_TASK_TO_READY_STATE CNT_INC
335 TASK_SWITCHED_OUT CNT_INC
335 TASK_SWITCHED_IN SUSP_RX
335 QUEUE_RECEIVE_FAILED q1
335 QUEUE_RECEIVE_FAILED q1
335 TASK_INCREMENT_TICK 335
336 TASK_SWITCHED_OUT SUSP_RX
336 TASK_SWITCHED_IN IDLE
336 TASK_SWITCHED_OUT IDLE
336 TASK_SWITCHED_IN CNT_INC
336 TASK_PRIORITY_SET CNT_INC 1
336 MOVED_TASK_TO_READY_STATE CNT_INC
336 TASK_PRIORITY_SET CNT_INC 0
336 MOVED_TASK_TO_READY_STATE CNT_INC
336 TASK_SWITCHED_OUT CNT_INC
336 TASK_SWITCHED_IN SUSP_RX
336 QUEUE_RECEIVE_FAILED q1
336 QUEUE_RECEIVE_FAILED q1
336 QUEUE_RECEIVE_FAILED q1
336 QUEUE_RECEIVE_FAILED q1
336 TASK_INCREMENT_TICK 336
336 TASK_INCREMENT_TICK 336
337 TASK_SWITCHED_OUT SUSP_RX
337 TASK_SWITCHED_IN CNT_INC
337 TASK_PRIORITY_SET CNT_INC 1
337 MOVED_TASK_TO_READY_STATE CNT_INC
337 TASK_PRIORITY_SET CNT_INC 0
337 MOVED_TASK_TO_READY_STATE CNT_INC
337 TASK_SWITCHED_OUT CNT_INC
337 TASK_SWITCHED_IN IDLE
337 TASK_INCREMENT_TICK 337
338 TASK_SWITCHED_OUT IDLE
338 TASK_SWITCHED_IN CNT_INC
338 TASK_PRIORITY_SET CNT_INC 1
338 MOVED_TASK_TO_READY_STATE CNT_INC
338 TASK_PRIORITY_SET CNT_INC 0
338 MOVED_TASK_TO_READY_STATE CNT_INC
338 TASK_SWITCHED_OUT CNT_INC
338 TASK_SWITCHED_IN SUSP_RX
338 QUEUE_RECEIVE_FAILED q1
338 QUEUE_RECEIVE_FAILED q1
338 TASK_INCREMENT_TICK 338
339 TASK_SWITCHED_OUT SUSP_RX
339 TASK_SWITCHED_IN IDLE
339 TASK_SWITCHED_OUT IDLE
339 TASK_SWITCHED_IN CNT_INC
339 TASK_PRIORITY_SET CNT_INC 1
339 MOVED_TASK_TO_READY_STATE CNT_INC
339 TASK_PRIORITY_SET CNT_INC 0
339 MOVED_TASK_TO_READY_STATE CNT_INC
339 TASK_SWITCHED_OUT CNT_INC
339 TASK_SWITCHED_IN SUSP_RX
339 QUEUE_RECEIVE_FAILED q1
339 QUEUE_RECEIVE_FAILED q1
339 QUEUE_RECEIVE_FAILED q1
339 QUEUE_RECEIVE_FAILED q1
339 TASK_INCREMENT_TICK 339
339 TASK_INCREMENT_TICK 339
340 TASK_SWITCHED_OUT SUSP_RX
340 TASK_SWITCHED_IN CNT_INC
340 TASK_PRIORITY_SET CNT_INC 1
340 MOVED_TASK_TO_READY_STATE CNT_INC
340 TASK_PRIORITY_SET CNT_INC 0
340 MOVED_TASK_TO_READY_STATE CNT_INC
340 TASK_SWITCHED_OUT CNT_INC
340 TASK_SWITCHED_IN IDLE
340 TASK_INCREMENT_TICK 340
341 TASK_SWITCHED_OUT IDLE
341 TASK_SWITCHED_IN CNT_INC
341 TASK_PRIORITY_SET CNT_INC 1
341 MOVED_TASK_TO_READY_STATE CNT_INC
341 TASK_PRIORITY_SET CNT_INC 0
341 MOVED_TASK_TO_READY_STATE CNT_INC
341 TASK_SWITCHED_OUT CNT_INC
341 TASK_SWITCHED_IN SUSP_RX
341 QUEUE_RECEIVE_FAILED q1
341 QUEUE_RECEIVE_FAILED q1
341 TASK_INCREMENT_TICK 341
342 TASK_SWITCHED_OUT SUSP_RX
342 TASK_SWITCHED_IN IDLE
342 TASK_SWITCHED_OUT IDLE
342 TASK_SWITCHED_IN CNT_INC
342 TASK_PRIORITY_SET CNT_INC 1
342 MOVED_TASK_TO_READY_STATE CNT_INC
342 TASK_PRIORITY_SET CNT_INC 0
342 MOVED_TASK_TO_READY_STATE CNT_INC
342 TASK_SWITCHED_OUT CNT_INC
342 TASK_SWITCHED_IN SUSP_RX
342 QUEUE_RECEIVE_FAILED q1
342 QUEUE_RECEIVE_FAILED q1
342 QUEUE_RECEIVE_FAILED q1
342 QUEUE_RECEIVE_FAILED q1
342 TASK_INCREMENT_TICK 342
342 TASK_INCREMENT_TICK 342
343 TASK_SWITCHED_OUT SUSP_RX
343 TASK_SWITCHED_IN CNT_INC
343 TASK_PRIORITY_SET CNT_INC 1
343 MOVED_TASK_TO_READY_STATE CNT_INC
343 TASK_PRIORITY_SET CNT_INC 0
343 MOVED_TASK_TO_READY_STATE CNT_INC
343 TASK_SWITCHED_OUT CNT_INC
343 TASK_SWITCHED_IN IDLE
343 TASK_INCREMENT_TICK 343
344 TASK_SWITCHED_OUT IDLE
344 TASK_SWITCHED_IN CNT_INC
344 TASK_PRIORITY_SET CNT_INC 1
344 MOVED_TASK_TO_READY_STATE CNT_INC
344 TASK_PRIORITY_SET CNT_INC 0
344 MOVED_TASK_TO_READY_STATE CNT_INC
344 TASK_SWITCHED_OUT CNT_INC
344 TASK_SWITCHED_IN SUSP_RX
344 QUEUE_RECEIVE_FAILED q1
344 QUEUE_RECEIVE_FAILED q1
344 TASK_INCREMENT_TICK 344
345 TASK_SWITCHED_OUT SUSP_RX
345 TASK_SWITCHED_IN IDLE
345 TASK_SWITCHED_OUT IDLE
345 TASK_SWITCHED_IN CNT_INC
345 TASK_PRIORITY_SET CNT_INC 1
345 MOVED_TASK_TO_READY_STATE CNT_INC
345 TASK_PRIORITY_SET CNT_INC 0
345 MOVED_TASK_TO_READY_STATE CNT_INC
345 TASK_SWITCHED_OUT CNT_INC
345 TASK_SWITCHED_IN SUSP_RX
345 QUEUE_RECEIVE_FAILED q1
345 QUEUE_RECEIVE_FAILED q1
345 QUEUE_RECEIVE_FAILED q1
345 QUEUE_RECEIVE_FAILED q1
345 TASK_INCREMENT_TICK 345
345 TASK_INCREMENT_TICK 345
346 TASK_SWITCHED_OUT SUSP_RX
346 TASK_SWITCHED_IN CNT_INC
346 TASK_PRIORITY_SET CNT_INC 1
346 MOVED_TASK_TO_READY_STATE CNT_INC
346 TASK_PRIORITY_SET CNT_INC 0
346 MOVED_TASK_TO_READY_STATE CNT_INC
346 TASK_SWITCHED_OUT CNT_INC
346 TASK_SWITCHED_IN IDLE
346 TASK_INCREMENT_TICK 346
347 TASK_SWITCHED_OUT IDLE
347 TASK_SWITCHED_IN CNT_INC
347 TASK_PRIORITY_SET CNT_INC 1
347 MOVED_TASK_TO_READY_STATE CNT_INC
347 TASK_PRIORITY_SET CNT_INC 0
347 MOVED_TASK_TO_READY_STATE CNT_INC
347 TASK_SWITCHED_OUT CNT_INC
347 TASK_SWITCHED_IN SUSP_RX
347 QUEUE_RECEIVE_FAILED q1
347 QUEUE_RECEIVE_FAILED q1
347 TASK_INCREMENT_TICK 347
348 TASK_SWITCHED_OUT SUSP_RX
348 TASK_SWITCHED_IN IDLE
348 TASK_SWITCHED_OUT IDLE
348 TASK_SWITCHED_IN CNT_INC
348 TASK_PRIORITY_SET CNT_INC 1
348 MOVED_TASK_TO_READY_STATE CNT_INC
348 TASK_PRIORITY_SET CNT_INC 0
348 MOVED_TASK_TO_READY_STATE CNT_INC
348 TASK_SWITCHED_OUT CNT_INC
348 TASK_SWITCHED_IN SUSP_RX
348 QUEUE_RECEIVE_FAILED q1
348 QUEUE_RECEIVE_FAILED q1
348 QUEUE_RECEIVE_FAILED q1
348 QUEUE_RECEIVE_FAILED q1
348 TASK_INCREMENT_TICK 348
348 TASK_INCREMENT_TICK 348
349 TASK_SWITCHED_OUT SUSP_RX
349 TASK_SWITCHED_IN CNT_INC
349 TASK_PRIORITY_SET CNT_INC 1
349 MOVED_TASK_TO_READY_STATE CNT_INC
349 TASK_PRIORITY_SET CNT_INC 0
349 MOVED_TASK_TO_READY_STATE CNT_INC
349 TASK_SWITCHED_OUT CNT_INC
349 TASK_SWITCHED_IN IDLE
349 TASK_INCREMENT_TICK 349
350 TASK_SWITCHED_OUT IDLE
350 TASK_SWITCHED_IN CNT_INC
350 TASK_PRIORITY_SET CNT_INC 1
350 MOVED_TASK_TO_READY_STATE CNT_INC
350 TASK_PRIORITY_SET CNT_INC 0
350 MOVED_TASK_TO_READY_STATE CNT_INC
350 TASK_SWITCHED_OUT CNT_INC
350 TASK_SWITCHED_IN SUSP_RX
350 QUEUE_RECEIVE_FAILED q1
350 QUEUE_RECEIVE_FAILED q1
350 TASK_INCREMENT_TICK 350
351 TASK_SWITCHED_OUT SUSP_RX
351 TASK_SWITCHED_IN IDLE
351 TASK_SWITCHED_OUT IDLE
351 TASK_SWITCHED_IN CNT_INC
351 TASK_PRIORITY_SET CNT_INC 1
351 MOVED_TASK_TO_READY_STATE CNT_INC
351 TASK_PRIORITY_SET CNT_INC 0
351 MOVED_TASK_TO_READY_STATE CNT_INC
351 TASK_SWITCHED_OUT CNT_INC
351 TASK_SWITCHED_IN SUSP_RX
351 QUEUE_RECEIVE_FAILED q1
351 QUEUE_RECEIVE_FAILED q1
351 QUEUE_RECEIVE_FAILED q1
351 QUEUE_RECEIVE_FAILED q1
351 TASK_INCREMENT_TICK 351
351 TASK_INCREMENT_TICK 351
352 TASK_SWITCHED_OUT SUSP_RX
352 TASK_SWITCHED_IN CNT_INC
352 TASK_PRIORITY_SET CNT_INC 1
352 MOVED_TASK_TO_READY_STATE CNT_INC
352 TASK_PRIORITY_SET CNT_INC 0
352 MOVED_TASK_TO_READY_STATE CNT_INC
352 TASK_SWITCHED_OUT CNT_INC
352 TASK_SWITCHED_IN IDLE
352 TASK_INCREMENT_TICK 352
353 TASK_SWITCHED_OUT IDLE
353 TASK_SWITCHED_IN CNT_INC
353 TASK_PRIORITY_SET CNT_INC 1
353 MOVED_TASK_TO_READY_STATE CNT_INC
353 TASK_PRIORITY_SET CNT_INC 0
353 MOVED_TASK_TO_READY_STATE CNT_INC
353 TASK_SWITCHED_OUT CNT_INC
353 TASK_SWITCHED_IN SUSP_RX
353 QUEUE_RECEIVE_FAILED q1
353 QUEUE_RECEIVE_FAILED q1
353 TASK_INCREMENT_TICK 353
354 TASK_SWITCHED_OUT SUSP_RX
354 TASK_SWITCHED_IN IDLE
354 TASK_SWITCHED_OUT IDLE
354 TASK_SWITCHED_IN CNT_INC
354 TASK_PRIORITY_SET CNT_INC 1
354 MOVED_TASK_TO_READY_STATE CNT_INC
354 TASK_PRIORITY_SET CNT_INC 0
354 MOVED_TASK_TO_READY_STATE CNT_INC
354 TASK_SWITCHED_OUT CNT_INC
354 TASK_SWITCHED_IN SUSP_RX
354 QUEUE_RECEIVE_FAILED q1
354 QUEUE_RECEIVE_FAILED q1
354 QUEUE_RECEIVE_FAILED q1
354 QUEUE_RECEIVE_FAILED q1
354 TASK_INCREMENT_TICK 354
354 TASK_INCREMENT_TICK 354
355 TASK_SWITCHED_OUT SUSP_RX
355 TASK_SWITCHED_IN CNT_INC
355 TASK_PRIORITY_SET CNT_INC 1
355 MOVED_TASK_TO_READY_STATE CNT_INC
355 TASK_PRIORITY_SET CNT_INC 0
355 MOVED_TASK_TO_READY_STATE CNT_INC
355 TASK_SWITCHED_OUT CNT_INC
355 TASK_SWITCHED_IN IDLE
355 TASK_INCREMENT_TICK 355
356 TASK_SWITCHED_OUT IDLE
356 TASK_SWITCHED_IN CNT_INC
356 TASK_PRIORITY_SET CNT_INC 1
356 MOVED_TASK_TO_READY_STATE CNT_INC
356 TASK_PRIORITY_SET CNT_INC 0
356 MOVED_TASK_TO_READY_STATE CNT_INC
356 TASK_SWITCHED_OUT CNT_INC
356 TASK_SWITCHED_IN SUSP_RX
356 QUEUE_RECEIVE_FAILED q1
356 QUEUE_RECEIVE_FAILED q1
356 TASK_INCREMENT_TICK 356
357 TASK_SWITCHED_OUT SUSP_RX
357 TASK_SWITCHED_IN IDLE
357 TASK_SWITCHED_OUT IDLE
357 TASK_SWITCHED_IN CNT_INC
357 TASK_PRIORITY_SET CNT_INC 1
357 MOVED_TASK_TO_READY_STATE CNT_INC
357 TASK_PRIORITY_SET CNT_INC 0
357 MOVED_TASK_TO_READY_STATE CNT_INC
357 TASK_SWITCHED_OUT CNT_INC
357 TASK_SWITCHED_IN SUSP_RX
357 QUEUE_RECEIVE_FAILED q1
357 QUEUE_RECEIVE_FAILED q1
357 QUEUE_RECEIVE_FAILED q1
357 QUEUE_RECEIVE_FAILED q1
357 TASK_INCREMENT_TICK 357
357 TASK_INCREMENT_TICK 357
358 TASK_SWITCHED_OUT SUSP_RX
358 TASK_SWITCHED_IN CNT_INC
358 TASK_PRIORITY_SET CNT_INC 1
358 MOVED_TASK_TO_READY_STATE CNT_INC
358 TASK_PRIORITY_SET CNT_INC 0
358 MOVED_TASK_TO_READY_STATE CNT_INC
358 TASK_SWITCHED_OUT CNT_INC
358 TASK_SWITCHED_IN IDLE
358 TASK_INCREMENT_TICK 358
359 TASK_SWITCHED_OUT IDLE
359 TASK_SWITCHED_IN CNT_INC
359 TASK_PRIORITY_SET CNT_INC 1
359 MOVED_TASK_TO_READY_STATE CNT_INC
359 TASK_PRIORITY_SET CNT_INC 0
359 MOVED_TASK_TO_READY_STATE CNT_INC
359 TASK_SWITCHED_OUT CNT_INC
359 TASK_SWITCHED_IN SUSP_RX
359 QUEUE_RECEIVE_FAILED q1
359 QUEUE_RECEIVE_FAILED q1
359 TASK_INCREMENT_TICK 359
360 TASK_SWITCHED_OUT SUSP_RX
360 TASK_SWITCHED_IN IDLE
360 TASK_SWITCHED_OUT IDLE
360 TASK_SWITCHED_IN CNT_INC
360 TASK_PRIORITY_SET CNT_INC 1
360 MOVED_TASK_TO_READY_STATE CNT_INC
360 TASK_PRIORITY_SET CNT_INC 0
360 MOVED_TASK_TO_READY_STATE CNT_INC
360 TASK_SWITCHED_OUT CNT_INC
360 TASK_SWITCHED_IN SUSP_RX
360 QUEUE_RECEIVE_FAILED q1
360 QUEUE_RECEIVE_FAILED q1
360 QUEUE_RECEIVE_FAILED q1
360 QUEUE_RECEIVE_FAILED q1
360 TASK_INCREMENT_TICK 360
360 TASK_INCREMENT_TICK 360
361 TASK_SWITCHED_OUT SUSP_RX
361 TASK_SWITCHED_IN CNT_INC
361 TASK_PRIORITY_SET CNT_INC 1
361 MOVED_TASK_TO_READY_STATE CNT_INC
361 TASK_PRIORITY_SET CNT_INC 0
361 MOVED_TASK_TO_READY_STATE CNT_INC
361 TASK_SWITCHED_OUT CNT_INC
361 TASK_SWITCHED_IN IDLE
361 TASK_INCREMENT_TICK 361
362 TASK_SWITCHED_OUT IDLE
362 TASK_SWITCHED_IN CNT_INC
362 TASK_PRIORITY_SET CNT_INC 1
362 MOVED_TASK_TO_READY_STATE CNT_INC
362 TASK_PRIORITY_SET CNT_INC 0
362 MOVED_TASK_TO_READY_STATE CNT_INC
362 TASK_SWITCHED_OUT CNT_INC
362 TASK_SWITCHED_IN SUSP_RX
362 QUEUE_RECEIVE_FAILED q1
362 QUEUE_RECEIVE_FAILED q1
362 TASK_INCREMENT_TICK 362
363 TASK_SWITCHED_OUT SUSP_RX
363 TASK_SWITCHED_IN IDLE
363 TASK_SWITCHED_OUT IDLE
363 TASK_SWITCHED_IN CNT_INC
363 TASK_PRIORITY_SET CNT_INC 1
363 MOVED_TASK_TO_READY_STATE CNT_INC
363 TASK_PRIORITY_SET CNT_INC 0
363 MOVED_TASK_TO_READY_STATE CNT_INC
363 TASK_SWITCHED_OUT CNT_INC
363 TASK_SWITCHED_IN SUSP_RX
363 QUEUE_RECEIVE_FAILED q1
363 QUEUE_RECEIVE_FAILED q1
363 QUEUE_RECEIVE_FAILED q1
363 QUEUE_RECEIVE_FAILED q1
363 TASK_INCREMENT_TICK 363
363 TASK_INCREMENT_TICK 363
364 TASK_SWITCHED_OUT SUSP_RX
364 TASK_SWITCHED_IN CNT_INC
364 TASK_PRIORITY_SET CNT_INC 1
364 MOVED_TASK_TO_READY_STATE CNT_INC
364 TASK_PRIORITY_SET CNT_INC 0
364 MOVED_TASK_TO_READY_STATE CNT_INC
364 TASK_SWITCHED_OUT CNT_INC
364 TASK_SWITCHED_IN IDLE
364 TASK_INCREMENT_TICK 364
365 TASK_SWITCHED_OUT IDLE
365 TASK_SWITCHED_IN CNT_INC
365 TASK_PRIORITY_SET CNT_INC 1
365 MOVED_TASK_TO_READY_STATE CNT_INC
365 TASK_PRIORITY_SET CNT_INC 0
365 MOVED_TASK_TO_READY_STATE CNT_INC
365 TASK_SWITCHED_OUT CNT_INC
365 TASK_SWITCHED_IN SUSP_RX
365 QUEUE_RECEIVE_FAILED q1
365 QUEUE_RECEIVE_FAILED q1
365 TASK_INCREMENT_TICK 365
366 TASK_SWITCHED_OUT SUSP_RX
366 TASK_SWITCHED_IN IDLE
366 TASK_SWITCHED_OUT IDLE
366 TASK_SWITCHED_IN CNT_INC
366 TASK_PRIORITY_SET CNT_INC 1
366 MOVED_TASK_TO_READY_STATE CNT_INC
366 TASK_PRIORITY_SET CNT_INC 0
366 MOVED_TASK_TO_READY_STATE CNT_INC
366 TASK_SWITCHED_OUT CNT_INC
366 TASK_SWITCHED_IN SUSP_RX
366 QUEUE_RECEIVE_FAILED q1
366 QUEUE_RECEIVE_FAILED q1
366 QUEUE_RECEIVE_FAILED q1
366 QUEUE_RECEIVE_FAILED q1
366 TASK_INCREMENT_TICK 366
366 TASK_INCREMENT_TICK 366
367 TASK_SWITCHED_OUT SUSP_RX
367 TASK_SWITCHED_IN CNT_INC
367 TASK_PRIORITY_SET CNT_INC 1
367 MOVED_TASK_TO_READY_STATE CNT_INC
367 TASK_PRIORITY_SET CNT_INC 0
367 MOVED_TASK_TO_READY_STATE CNT_INC
367 TASK_SWITCHED_OUT CNT_INC
367 TASK_SWITCHED_IN IDLE
367 TASK_INCREMENT_TICK 367
368 TASK_SWITCHED_OUT IDLE
368 TASK_SWITCHED_IN CNT_INC
368 TASK_PRIORITY_SET CNT_INC 1
368 MOVED_TASK_TO_READY_STATE CNT_INC
368 TASK_PRIORITY_SET CNT_INC 0
368 MOVED_TASK_TO_READY_STATE CNT_INC
368 TASK_SWITCHED_OUT CNT_INC
368 TASK_SWITCHED_IN SUSP_RX
368 QUEUE_RECEIVE_FAILED q1
368 QUEUE_RECEIVE_FAILED q1
368 TASK_INCREMENT_TICK 368
369 TASK_SWITCHED_OUT SUSP_RX
369 TASK_SWITCHED_IN IDLE
369 TASK_SWITCHED_OUT IDLE
369 TASK_SWITCHED_IN CNT_INC
369 TASK_PRIORITY_SET CNT_INC 1
369 MOVED_TASK_TO_READY_STATE CNT_INC
369 TASK_PRIORITY_SET CNT_INC 0
369 MOVED_TASK_TO_READY_STATE CNT_INC
369 TASK_SWITCHED_OUT CNT_INC
369 TASK_SWITCHED_IN SUSP_RX
369 QUEUE_RECEIVE_FAILED q1
369 QUEUE_RECEIVE_FAILED q1
369 QUEUE_RECEIVE_FAILED q1
369 QUEUE_RECEIVE_FAILED q1
369 TASK_INCREMENT_TICK 369
369 TASK_INCREMENT_TICK 369
370 TASK_SWITCHED_OUT SUSP_RX
370 TASK_SWITCHED_IN CNT_INC
370 TASK_PRIORITY_SET CNT_INC 1
370 MOVED_TASK_TO_READY_STATE CNT_INC
370 TASK_PRIORITY_SET CNT_INC 0
370 MOVED_TASK_TO_READY_STATE CNT_INC
370 TASK_SWITCHED_OUT CNT_INC
370 TASK_SWITCHED_IN IDLE
370 TASK_INCREMENT_TICK 370
371 TASK_SWITCHED_OUT IDLE
371 TASK_SWITCHED_IN CNT_INC
371 TASK_PRIORITY_SET CNT_INC 1
371 MOVED_TASK_TO_READY_STATE CNT_INC
371 TASK_PRIORITY_SET CNT_INC 0
371 MOVED_TASK_TO_READY_STATE CNT_INC
371 TASK_SWITCHED_OUT CNT_INC
371 TASK_SWITCHED_IN SUSP_RX
371 QUEUE_RECEIVE_FAILED q1
371 QUEUE_RECEIVE_FAILED q1
371 TASK_INCREMENT_TICK 371
372 TASK_SWITCHED_OUT SUSP_RX
372 TASK_SWITCHED_IN IDLE
372 TASK_SWITCHED_OUT IDLE
372 TASK_SWITCHED_IN CNT_INC
372 TASK_PRIORITY_SET CNT_INC 1
372 MOVED_TASK_TO_READY_STATE CNT_INC
372 TASK_PRIORITY_SET CNT_INC 0
372 MOVED_TASK_TO_READY_STATE CNT_INC
372 TASK_SWITCHED_OUT CNT_INC
372 TASK_SWITCHED_IN SUSP_RX
372 QUEUE_RECEIVE_FAILED q1
372 QUEUE_RECEIVE_FAILED q1
372 QUEUE_RECEIVE_FAILED q1
372 QUEUE_RECEIVE_FAILED q1
372 TASK_INCREMENT_TICK 372
372 TASK_INCREMENT_TICK 372
373 TASK_SWITCHED_OUT SUSP_RX
373 TASK_SWITCHED_IN CNT_INC
373 TASK_PRIORITY_SET CNT_INC 1
373 MOVED_TASK_TO_READY_STATE CNT_INC
373 TASK_PRIORITY_SET CNT_INC 0
373 MOVED_TASK_TO_READY_STATE CNT_INC
373 TASK_SWITCHED_OUT CNT_INC
373 TASK_SWITCHED_IN IDLE
373 TASK_INCREMENT_TICK 373
374 TASK_SWITCHED_OUT IDLE
374 TASK_SWITCHED_IN CNT_INC
374 TASK_PRIORITY_SET CNT_INC 1
374 MOVED_TASK_TO_READY_STATE CNT_INC
374 TASK_PRIORITY_SET CNT_INC 0
374 MOVED_TASK_TO_READY_STATE CNT_INC
374 TASK_SWITCHED_OUT CNT_INC
374 TASK_SWITCHED_IN SUSP_RX
374 QUEUE_RECEIVE_FAILED q1
374 QUEUE_RECEIVE_FAILED q1
374 TASK_INCREMENT_TICK 374
375 TASK_SWITCHED_OUT SUSP_RX
375 TASK_SWITCHED_IN IDLE
375 TASK_SWITCHED_OUT IDLE
375 TASK_SWITCHED_IN CNT_INC
375 TASK_PRIORITY_SET CNT_INC 1
375 MOVED_TASK_TO_READY_STATE CNT_INC
375 TASK_PRIORITY_SET CNT_INC 0
375 MOVED_TASK_TO_READY_STATE CNT_INC
375 TASK_SWITCHED_OUT CNT_INC
375 TASK_SWITCHED_IN SUSP_RX
375 QUEUE_RECEIVE_FAILED q1
375 QUEUE_RECEIVE_FAILED q1
375 QUEUE_RECEIVE_FAILED q1
375 QUEUE_RECEIVE_FAILED q1
375 TASK_INCREMENT_TICK 375
375 TASK_INCREMENT_TICK 375
376 TASK_SWITCHED_OUT SUSP_RX
376 TASK_SWITCHED_IN CNT_INC
376 TASK_PRIORITY_SET CNT_INC 1
376 MOVED_TASK_TO_READY_STATE CNT_INC
376 TASK_PRIORITY_SET CNT_INC 0
376 MOVED_TASK_TO_READY_STATE CNT_INC
376 TASK_SWITCHED_OUT CNT_INC
376 TASK_SWITCHED_IN IDLE
376 TASK_INCREMENT_TICK 376
377 TASK_SWITCHED_OUT IDLE
377 TASK_SWITCHED_IN CNT_INC
377 TASK_PRIORITY_SET CNT_INC 1
377 MOVED_TASK_TO_READY_STATE CNT_INC
377 TASK_PRIORITY_SET CNT_INC 0
377 MOVED_TASK_TO_READY_STATE CNT_INC
377 TASK_SWITCHED_OUT CNT_INC
377 TASK_SWITCHED_IN SUSP_RX
377 QUEUE_RECEIVE_FAILED q1
377 QUEUE_RECEIVE_FAILED q1
377 TASK_INCREMENT_TICK 377
378 TASK_SWITCHED_OUT SUSP_RX
378 TASK_SWITCHED_IN IDLE
378 TASK_SWITCHED_OUT IDLE
378 TASK_SWITCHED_IN CNT_INC
378 TASK_PRIORITY_SET CNT_INC 1
378 MOVED_TASK_TO_READY_STATE CNT_INC
378 TASK_PRIORITY_SET CNT_INC 0
378 MOVED_TASK_TO_READY_STATE CNT_INC
378 TASK_SWITCHED_OUT CNT_INC
378 TASK_SWITCHED_IN SUSP_RX
378 QUEUE_RECEIVE_FAILED q1
378 QUEUE_RECEIVE_FAILED q1
378 QUEUE_RECEIVE_FAILED q1
378 QUEUE_RECEIVE_FAILED q1
378 TASK_INCREMENT_TICK 378
378 TASK_INCREMENT_TICK 378
379 TASK_SWITCHED_OUT SUSP_RX
379 TASK_SWITCHED_IN CNT_INC
379 TASK_PRIORITY_SET CNT_INC 1
379 MOVED_TASK_TO_READY_STATE CNT_INC
379 TASK_PRIORITY_SET CNT_INC 0
379 MOVED_TASK_TO_READY_STATE CNT_INC
379 TASK_SWITCHED_OUT CNT_INC
379 TASK_SWITCHED_IN IDLE
379 TASK_INCREMENT_TICK 379
380 TASK_SWITCHED_OUT IDLE
380 TASK_SWITCHED_IN CNT_INC
380 TASK_PRIORITY_SET CNT_INC 1
380 MOVED_TASK_TO_READY_STATE CNT_INC
380 TASK_PRIORITY_SET CNT_INC 0
380 MOVED_TASK_TO_READY_STATE CNT_INC
380 TASK_SWITCHED_OUT CNT_INC
380 TASK_SWITCHED_IN SUSP_RX
380 QUEUE_RECEIVE_FAILED q1
380 QUEUE_RECEIVE_FAILED q1
380 TASK_INCREMENT_TICK 380
381 TASK_SWITCHED_OUT SUSP_RX
381 TASK_SWITCHED_IN IDLE
381 TASK_SWITCHED_OUT IDLE
381 TASK_SWITCHED_IN CNT_INC
381 TASK_PRIORITY_SET CNT_INC 1
381 MOVED_TASK_TO_READY_STATE CNT_INC
381 TASK_PRIORITY_SET CNT_INC 0
381 MOVED_TASK_TO_READY_STATE CNT_INC
381 TASK_SWITCHED_OUT CNT_INC
381 TASK_SWITCHED_IN SUSP_RX
381 QUEUE_RECEIVE_FAILED q1
381 QUEUE_RECEIVE_FAILED q1
381 QUEUE_RECEIVE_FAILED q1
381 QUEUE_RECEIVE_FAILED q1
381 TASK_INCREMENT_TICK 381
381 TASK_INCREMENT_TICK 381
382 TASK_SWITCHED_OUT SUSP_RX
382 TASK_SWITCHED_IN CNT_INC
382 TASK_PRIORITY_SET CNT_INC 1
382 MOVED_TASK_TO_READY_STATE CNT_INC
382 TASK_PRIORITY_SET CNT_INC 0
382 MOVED_TASK_TO_READY_STATE CNT_INC
382 TASK_SWITCHED_OUT CNT_INC
382 TASK_SWITCHED_IN IDLE
382 TASK_INCREMENT_TICK 382
383 TASK_SWITCHED_OUT IDLE
383 TASK_SWITCHED_IN CNT_INC
383 TASK_PRIORITY_SET CNT_INC 1
383 MOVED_TASK_TO_READY_STATE CNT_INC
383 TASK_PRIORITY_SET CNT_INC 0
383 MOVED_TASK_TO_READY_STATE CNT_INC
383 TASK_SWITCHED_OUT CNT_INC
383 TASK_SWITCHED_IN SUSP_RX
383 QUEUE_RECEIVE_FAILED q1
383 QUEUE_RECEIVE_FAILED q1
383 TASK_INCREMENT_TICK 383
384 TASK_SWITCHED_OUT SUSP_RX
384 TASK_SWITCHED_IN IDLE
384 TASK_SWITCHED_OUT IDLE
384 TASK_SWITCHED_IN CNT_INC
384 TASK_PRIORITY_SET CNT_INC 1
384 MOVED_TASK_TO_READY_STATE CNT_INC
384 TASK_PRIORITY_SET CNT_INC 0
384 MOVED_TASK_TO_READY_STATE CNT_INC
384 TASK_SWITCHED_OUT CNT_INC
384 TASK_SWITCHED_IN SUSP_RX
384 QUEUE_RECEIVE_FAILED q1
384 QUEUE_RECEIVE_FAILED q1
384 QUEUE_RECEIVE_FAILED q1
384 QUEUE_RECEIVE_FAILED q1
384 TASK_INCREMENT_TICK 384
384 TASK_INCREMENT_TICK 384
385 TASK_SWITCHED_OUT SUSP_RX
385 TASK_SWITCHED_IN CNT_INC
385 TASK_PRIORITY_SET CNT_INC 1
385 MOVED_TASK_TO_READY_STATE CNT_INC
385 TASK_PRIORITY_SET CNT_INC 0
385 MOVED_TASK_TO_READY_STATE CNT_INC
385 TASK_SWITCHED_OUT CNT_INC
385 TASK_SWITCHED_IN IDLE
385 TASK_INCREMENT_TICK 385
386 MOVED_TASK_TO_READY_STATE C_CTRL
386 TASK_SWITCHED_OUT IDLE
386 TASK_SWITCHED_IN CNT_INC
386 TASK_PRIORITY_SET CNT_INC 1
386 MOVED_TASK_TO_READY_STATE CNT_INC
386 TASK_PRIORITY_SET CNT_INC 0
386 MOVED_TASK_TO_READY_STATE CNT_INC
386 TASK_SWITCHED_OUT CNT_INC
386 TASK_SWITCHED_IN SUSP_RX
386 QUEUE_RECEIVE_FAILED q1
386 QUEUE_RECEIVE_FAILED q1
386 TASK_INCREMENT_TICK 386
387 TASK_SWITCHED_OUT SUSP_RX
387 TASK_SWITCHED_IN C_CTRL
387 TASK_SUSPEND CNT_INC
387 TASK_RESUME CNT_INC
387 MOVED_TASK_TO_READY_STATE CNT_INC
387 TASK_DELAY C_CTRL 128
387 MOVED_TASK_TO_DELAYED_LIST C_CTRL
387 TASK_SWITCHED_OUT C_CTRL
387 TASK_SWITCHED_IN IDLE
387 TASK_SWITCHED_OUT IDLE
387 TASK_SWITCHED_IN SUSP_RX
387 QUEUE_RECEIVE_FAILED q1
387 QUEUE_RECEIVE_FAILED q1
387 TASK_INCREMENT_TICK 387
387 QUEUE_RECEIVE_FAILED q1
387 TASK_INCREMENT_TICK 387
388 TASK_SWITCHED_OUT SUSP_RX
388 TASK_SWITCHED_IN CNT_INC
388 TASK_PRIORITY_SET CNT_INC 1
388 MOVED_TASK_TO_READY_STATE CNT_INC
388 TASK_PRIORITY_SET CNT_INC 0
388 MOVED_TASK_TO_READY_STATE CNT_INC
388 TASK_SWITCHED_OUT CNT_INC
388 TASK_SWITCHED_IN IDLE
388 TASK_INCREMENT_TICK 388
389 MOVED_TASK_TO_READY_STATE SUSP_TX
389 TASK_SWITCHED_OUT IDLE
389 TASK_SWITCHED_IN CNT_INC
389 TASK_PRIORITY_SET CNT_INC 1
389 MOVED_TASK_TO_READY_STATE CNT_INC
389 TASK_PRIORITY_SET CNT_INC 0
389 MOVED_TASK_TO_READY_STATE CNT_INC
389 TASK_SWITCHED_OUT CNT_INC
389 TASK_SWITCHED_IN SUSP_RX
389 QUEUE_RECEIVE_FAILED q1
389 QUEUE_RECEIVE_FAILED q1
389 TASK_INCREMENT_TICK 389
389 TASK_INCREMENT_TICK 389
390 TASK_SWITCHED_OUT SUSP_RX
390 TASK_SWITCHED_IN SUSP_TX
390 QUEUE_SEND q1
390 TASK_DELAY SUSP_TX 128
390 MOVED_TASK_TO_DELAYED_LIST SUSP_TX
390 TASK_SWITCHED_OUT SUSP_TX
390 TASK_SWITCHED_IN IDLE
390 TASK_SWITCHED_OUT IDLE
390 TASK_SWITCHED_IN CNT_INC
390 TASK_PRIORITY_SET CNT_INC 1
390 MOVED_TASK_TO_READY_STATE CNT_INC
390 TASK_PRIORITY_SET CNT_INC 0
390 MOVED_TASK_TO_READY_STATE CNT_INC
390 TASK_SWITCHED_OUT CNT_INC
390 TASK_SWITCHED_IN SUSP_RX
390 QUEUE_RECEIVE q1
390 QUEUE_RECEIVE_FAILED q1
390 TASK_INCREMENT_TICK 390
391 TASK_SWITCHED_OUT SUSP_RX
391 TASK_SWITCHED_IN CNT_INC
391 TASK_PRIORITY_SET CNT_INC 1
391 MOVED_TASK_TO_READY_STATE CNT_INC
391 TASK_PRIORITY_SET CNT_INC 0
391 MOVED_TASK_TO_READY_STATE CNT_INC
391 TASK_SWITCHED_OUT CNT_INC
391 TASK_SWITCHED_IN IDLE
391 TASK_INCREMENT_TICK 391
392 TASK_SWITCHED_OUT IDLE
392 TASK_SWITCHED_IN CNT_INC
392 TASK_PRIORITY_SET CNT_INC 1
392 MOVED_TASK_TO_READY_STATE CNT_INC
392 TASK_PRIORITY_SET CNT_INC 0
392 MOVED_TASK_TO_READY_STATE CNT_INC
392 TASK_SWITCHED_OUT CNT_INC
392 TASK_SWITCHED_IN SUSP_RX
392 QUEUE_RECEIVE_FAILED q1
392 QUEUE_RECEIVE_FAILED q1
392 TASK_INCREMENT_TICK 392
392 QUEUE_RECEIVE_FAILED q1
392 TASK_INCREMENT_TICK 392
393 TASK_SWITCHED_OUT SUSP_RX
393 TASK_SWITCHED_IN IDLE
393 TASK_SWITCHED_OUT IDLE
393 TASK_SWITCHED_IN CNT_INC
393 TASK_PRIORITY_SET CNT_INC 1
393 MOVED_TASK_TO_READY_STATE CNT_INC
393 TASK_PRIORITY_SET CNT_INC 0
393 MOVED_TASK_TO_READY_STATE CNT_INC
393 TASK_SWITCHED_OUT CNT_INC
393 TASK_SWITCHED_IN SUSP_RX
393 QUEUE_RECEIVE_FAILED q1
393 QUEUE_RECEIVE_FAILED q1
393 QUEUE_RECEIVE_FAILED q1
393 TASK_INCREMENT_TICK 393
394 TASK_SWITCHED_OUT SUSP_RX
394 TASK_SWITCHED_IN CNT_INC
394 TASK_PRIORITY_SET CNT_INC 1
394 MOVED_TASK_TO_READY_STATE CNT_INC
394 TASK_PRIORITY_SET CNT_INC 0
394 MOVED_TASK_TO_READY_STATE CNT_INC
394 TASK_SWITCHED_OUT CNT_INC
394 TASK_SWITCHED_IN IDLE
394 TASK_INCREMENT_TICK 394
395 TASK_SWITCHED_OUT IDLE
395 TASK_SWITCHED_IN CNT_INC
395 TASK_PRIORITY_SET CNT_INC 1
395 MOVED_TASK_TO_READY_STATE CNT_INC
395 TASK_PRIORITY_SET CNT_INC 0
395 MOVED_TASK_TO_READY_STATE CNT_INC
395 TASK_SWITCHED_OUT CNT_INC
395 TASK_SWITCHED_IN SUSP_RX
395 QUEUE_RECEIVE_FAILED q1
395 QUEUE_RECEIVE_FAILED q1
395 TASK_INCREMENT_TICK 395
395 QUEUE_RECEIVE_FAILED q1
395 TASK_INCREMENT_TICK 395
396 TASK_SWITCHED_OUT SUSP_RX
396 TASK_SWITCHED_IN IDLE
396 TASK_SWITCHED_OUT IDLE
396 TASK_SWITCHED_IN CNT_INC
396 TASK_PRIORITY_SET CNT_INC 1
396 MOVED_TASK_TO_READY_STATE CNT_INC
396 TASK_PRIORITY_SET CNT_INC 0
396 MOVED_TASK_TO_READY_STATE CNT_INC
396 TASK_SWITCHED_OUT CNT_INC
396 TASK_SWITCHED_IN SUSP_RX
396 QUEUE_RECEIVE_FAILED q1
396 QUEUE_RECEIVE_FAILED q1
396 QUEUE_RECEIVE_FAILED q1
396 TASK_INCREMENT_TICK 396
397 TASK_SWITCHED_OUT SUSP_RX
397 TASK_SWITCHED_IN CNT_INC
397 TASK_PRIORITY_SET CNT_INC 1
397 MOVED_TASK_TO_READY_STATE CNT_INC
397 TASK_PRIORITY_SET CNT_INC 0
397 MOVED_TASK_TO_READY_STATE CNT_INC
397 TASK_SWITCHED_OUT CNT_INC
397 TASK_SWITCHED_IN IDLE
397 TASK_INCREMENT_TICK 397
398 TASK_SWITCHED_OUT IDLE
398 TASK_SWITCHED_IN CNT_INC
398 TASK_PRIORITY_SET CNT_INC 1
398 MOVED_TASK_TO_READY_STATE CNT_INC
398 TASK_PRIORITY_SET CNT_INC 0
398 MOVED_TASK_TO_READY_STATE CNT_INC
398 TASK_SWITCHED_OUT CNT_INC
398 TASK_SWITCHED_IN SUSP_RX
398 QUEUE_RECEIVE_FAILED q1
398 QUEUE_RECEIVE_FAILED q1
398 TASK_INCREMENT_TICK 398
398 QUEUE_RECEIVE_FAILED q1
398 TASK_INCREMENT_TICK 398
399 TASK_SWITCHED_OUT SUSP_RX
399 TASK_SWITCHED_IN IDLE
399 TASK_SWITCHED_OUT IDLE
399 TASK_SWITCHED_IN CNT_INC
399 TASK_PRIORITY_SET CNT_INC 1
399 MOVED_TASK_TO_READY_STATE CNT_INC
399 TASK_PRIORITY_SET CNT_INC 0
399 MOVED_TASK_TO_READY_STATE CNT_INC
399 TASK_SWITCHED_OUT CNT_INC
399 TASK_SWITCHED_IN SUSP_RX
399 QUEUE_RECEIVE_FAILED q1
399 QUEUE_RECEIVE_FAILED q1
399 QUEUE_RECEIVE_FAILED q1
399 TASK_INCREMENT_TICK 399
400 MOVED_TASK_TO_READY_STATE CHECK
400 TASK_SWITCHED_OUT SUSP_RX
400 TASK_SWITCHED_IN CHECK
400 TASK_DELAY CHECK 100
400 MOVED_TASK_TO_DELAYED_LIST CHECK
400 TASK_SWITCHED_OUT CHECK
400 TASK_SWITCHED_IN CNT_INC
400 TASK_PRIORITY_SET CNT_INC 1
400 MOVED_TASK_TO_READY_STATE CNT_INC
400 TASK_PRIORITY_SET CNT_INC 0
400 MOVED_TASK_TO_READY_STATE CNT_INC
400 TASK_SWITCHED_OUT CNT_INC
400 TASK_SWITCHED_IN IDLE
400 TASK_INCREMENT_TICK 400
401 TASK_SWITCHED_OUT IDLE
401 TASK_SWITCHED_IN CNT_INC
401 TASK_PRIORITY_SET CNT_INC 1
401 MOVED_TASK_TO_READY_STATE CNT_INC
401 TASK_PRIORITY_SET CNT_INC 0
401 MOVED_TASK_TO_READY_STATE CNT_INC
401 TASK_SWITCHED_OUT CNT_INC
401 TASK_SWITCHED_IN SUSP_RX
401 QUEUE_RECEIVE_FAILED q1
401 QUEUE_RECEIVE_FAILED q1
401 TASK_INCREMENT_TICK 401
401 TASK_INCREMENT_TICK 401
402 TASK_SWITCHED_OUT SUSP_RX
402 TASK_SWITCHED_IN IDLE
402 TASK_SWITCHED_OUT IDLE
402 TASK_SWITCHED_IN CNT_INC
402 TASK_PRIORITY_SET CNT_INC 1
402 MOVED_TASK_TO_READY_STATE CNT_INC
402 TASK_PRIORITY_SET CNT_INC 0
402 MOVED_TASK_TO_READY_STATE CNT_INC
402 TASK_SWITCHED_OUT CNT_INC
402 TASK_SWITCHED_IN SUSP_RX
402 QUEUE_RECEIVE_FAILED q1
402 QUEUE_RECEIVE_FAILED q1
402 QUEUE_RECEIVE_FAILED q1
402 TASK_INCREMENT_TICK 402
402 QUEUE_RECEIVE_FAILED q1
402 TASK_INCREMENT_TICK 402
403 TASK_SWITCHED_OUT SUSP_RX
403 TASK_SWITCHED_IN CNT_INC
403 TASK_PRIORITY_SET CNT_INC 1
403 MOVED_TASK_TO_READY_STATE CNT_INC
403 TASK_PRIORITY_SET CNT_INC 0
403 MOVED_TASK_TO_READY_STATE CNT_INC
403 TASK_SWITCHED_OUT CNT_INC
403 TASK_SWITCHED_IN IDLE
403 TASK_INCREMENT_TICK 403
404 TASK_SWITCHED_OUT IDLE
404 TASK_SWITCHED_IN CNT_INC
404 TASK_PRIORITY_SET CNT_INC 1
404 MOVED_TASK_TO_READY_STATE CNT_INC
404 TASK_PRIORITY_SET CNT_INC 0
404 MOVED_TASK_TO_READY_STATE CNT_INC
404 TASK_SWITCHED_OUT CNT_INC
404 TASK_SWITCHED_IN SUSP_RX
404 QUEUE_RECEIVE_FAILED q1
404 QUEUE_RECEIVE_FAILED q1
404 TASK_INCREMENT_TICK 404
404 TASK_INCREMENT_TICK 404
405 TASK_SWITCHED_OUT SUSP_RX
405 TASK_SWITCHED_IN IDLE
405 TASK_SWITCHED_OUT IDLE
405 TASK_SWITCHED_IN CNT_INC
405 TASK_PRIORITY_SET CNT_INC 1
405 MOVED_TASK_TO_READY_STATE CNT_INC
405 TASK_PRIORITY_SET CNT_INC 0
405 MOVED_TASK_TO_READY_STATE CNT_INC
405 TASK_SWITCHED_OUT CNT_INC
405 TASK_SWITCHED_IN SUSP_RX
405 QUEUE_RECEIVE_FAILED q1
405 QUEUE_RECEIVE_FAILED q1
405 QUEUE_RECEIVE_FAILED q1
405 TASK_INCREMENT_TICK 405
405 QUEUE_RECEIVE_FAILED q1
405 TASK_INCREMENT_TICK 405
406 TASK_SWITCHED_OUT SUSP_RX
406 TASK_SWITCHED_IN CNT_INC
406 TASK_PRIORITY_SET CNT_INC 1
406 MOVED_TASK_TO_READY_STATE CNT_INC
406 TASK_PRIORITY_SET CNT_INC 0
406 MOVED_TASK_TO_READY_STATE CNT_INC
406 TASK_SWITCHED_OUT CNT_INC
406 TASK_SWITCHED_IN IDLE
406 TASK_INCREMENT_TICK 406
407 TASK_SWITCHED_OUT IDLE
407 TASK_SWITCHED_IN CNT_INC
407 TASK_PRIORITY_SET CNT_INC 1
407 MOVED_TASK_TO_READY_STATE CNT_INC
407 TASK_PRIORITY_SET CNT_INC 0
407 MOVED_TASK_TO_READY_STATE CNT_INC
407 TASK_SWITCHED_OUT CNT_INC
407 TASK_SWITCHED_IN SUSP_RX
407 QUEUE_RECEIVE_FAILED q1
407 QUEUE_RECEIVE_FAILED q1
407 TASK_INCREMENT_TICK 407
407 TASK_INCREMENT_TICK 407
408 TASK_SWITCHED_OUT SUSP_RX
408 TASK_SWITCHED_IN IDLE
408 TASK_SWITCHED_OUT IDLE
408 TASK_SWITCHED_IN CNT_INC
408 TASK_PRIORITY_SET CNT_INC 1
408 MOVED_TASK_TO_READY_STATE CNT_INC
408 TASK_PRIORITY_SET CNT_INC 0
408 MOVED_TASK_TO_READY_STATE CNT_INC
408 TASK_SWITCHED_OUT CNT_INC
408 TASK_SWITCHED_IN SUSP_RX
408 QUEUE_RECEIVE_FAILED q1
408 QUEUE_RECEIVE_FAILED q1
408 QUEUE_RECEIVE_FAILED q1
408 TASK_INCREMENT_TICK 408
408 QUEUE_RECEIVE_FAILED q1
408 TASK_INCREMENT_TICK 408
409 TASK_SWITCHED_OUT SUSP_RX
409 TASK_SWITCHED_IN CNT_INC
409 TASK_PRIORITY_SET CNT_INC 1
409 MOVED_TASK_TO_READY_STATE CNT_INC
409 TASK_PRIORITY_SET CNT_INC 0
409 MOVED_TASK_TO_READY_STATE CNT_INC
409 TASK_SWITCHED_OUT CNT_INC
409 TASK_SWITCHED_IN IDLE
409 TASK_INCREMENT_TICK 409
410 TASK_SWITCHED_OUT IDLE
410 TASK_SWITCHED_IN CNT_INC
410 TASK_PRIORITY_SET CNT_INC 1
410 MOVED_TASK_TO_READY_STATE CNT_INC
410 TASK_PRIORITY_SET CNT_INC 0
410 MOVED_TASK_TO_READY_STATE CNT_INC
410 TASK_SWITCHED_OUT CNT_INC
410 TASK_SWITCHED_IN SUSP_RX
410 QUEUE_RECEIVE_FAILED q1
410 QUEUE_RECEIVE_FAILED q1
410 TASK_INCREMENT_TICK 410
410 TASK_INCREMENT_TICK 410
411 TASK_SWITCHED_OUT SUSP_RX
411 TASK_SWITCHED_IN IDLE
411 TASK_SWITCHED_OUT IDLE
411 TASK_SWITCHED_IN CNT_INC
411 TASK_PRIORITY_SET CNT_INC 1
411 MOVED_TASK_TO_READY_STATE CNT_INC
411 TASK_PRIORITY_SET CNT_INC 0
411 MOVED_TASK_TO_READY_STATE CNT_INC
411 TASK_SWITCHED_OUT CNT_INC
411 TASK_SWITCHED_IN SUSP_RX
411 QUEUE_RECEIVE_FAILED q1
411 QUEUE_RECEIVE_FAILED q1
411 QUEUE_RECEIVE_FAILED q1
411 TASK_INCREMENT_TICK 411
411 QUEUE_RECEIVE_FAILED q1
411 TASK_INCREMENT_TICK 411
412 TASK_SWITCHED_OUT SUSP_RX
412 TASK_SWITCHED_IN CNT_INC
412 TASK_PRIORITY_SET CNT_INC 1
412 MOVED_TASK_TO_READY_STATE CNT_INC
412 TASK_PRIORITY_SET CNT_INC 0
412 MOVED_TASK_TO_READY_STATE CNT_INC
412 TASK_SWITCHED_OUT CNT_INC
412 TASK_SWITCHED_IN IDLE
412 TASK_INCREMENT_TICK 412
413 TASK_SWITCHED_OUT IDLE
413 TASK_SWITCHED_IN CNT_INC
413 TASK_PRIORITY_SET CNT_INC 1
413 MOVED_TASK_TO_READY_STATE CNT_INC
413 TASK_PRIORITY_SET CNT_INC 0
413 MOVED_TASK_TO_READY_STATE CNT_INC
413 TASK_SWITCHED_OUT CNT_INC
413 TASK_SWITCHED_IN SUSP_RX
413 QUEUE_RECEIVE_FAILED q1
413 QUEUE_RECEIVE_FAILED q1
413 TASK_INCREMENT_TICK 413
413 TASK_INCREMENT_TICK 413
414 TASK_SWITCHED_OUT SUSP_RX
414 TASK_SWITCHED_IN IDLE
414 TASK_SWITCHED_OUT IDLE
414 TASK_SWITCHED_IN CNT_INC
414 TASK_PRIORITY_SET CNT_INC 1
414 MOVED_TASK_TO_READY_STATE CNT_INC
414 TASK_PRIORITY_SET CNT_INC 0
414 MOVED_TASK_TO_READY_STATE CNT_INC
414 TASK_SWITCHED_OUT CNT_INC
414 TASK_SWITCHED_IN SUSP_RX
414 QUEUE_RECEIVE_FAILED q1
414 QUEUE_RECEIVE_FAILED q1
414 QUEUE_RECEIVE_FAILED q1
414 TASK_INCREMENT_TICK 414
414 QUEUE_RECEIVE_FAILED q1
414 TASK_INCREMENT_TICK 414
415 TASK_SWITCHED_OUT SUSP_RX
415 TASK_SWITCHED_IN CNT_INC
415 TASK_PRIORITY_SET CNT_INC 1
415 MOVED_TASK_TO_READY_STATE CNT_INC
415 TASK_PRIORITY_SET CNT_INC 0
415 MOVED_TASK_TO_READY_STATE CNT_INC
415 TASK_SWITCHED_OUT CNT_INC
415 TASK_SWITCHED_IN IDLE
415 TASK_INCREMENT_TICK 415
416 TASK_SWITCHED_OUT IDLE
416 TASK_SWITCHED_IN CNT_INC
416 TASK_PRIORITY_SET CNT_INC 1
416 MOVED_TASK_TO_READY_STATE CNT_INC
416 TASK_PRIORITY_SET CNT_INC 0
416 MOVED_TASK_TO_READY_STATE CNT_INC
416 TASK_SWITCHED_OUT CNT_INC
416 TASK_SWITCHED_IN SUSP_RX
416 QUEUE_RECEIVE_FAILED q1
416 QUEUE_RECEIVE_FAILED q1
416 TASK_INCREMENT_TICK 416
416 TASK_INCREMENT_TICK 416
417 TASK_SWITCHED_OUT SUSP_RX
417 TASK_SWITCHED_IN IDLE
417 TASK_SWITCHED_OUT IDLE
417 TASK_SWITCHED_IN CNT_INC
417 TASK_PRIORITY_SET CNT_INC 1
417 MOVED_TASK_TO_READY_STATE CNT_INC
417 TASK_PRIORITY_SET CNT_INC 0
417 MOVED_TASK_TO_READY_STATE CNT_INC
417 TASK_SWITCHED_OUT CNT_INC
417 TASK_SWITCHED_IN SUSP_RX
417 QUEUE_RECEIVE_FAILED q1
417 QUEUE_RECEIVE_FAILED q1
417 QUEUE_RECEIVE_FAILED q1
417 TASK_INCREMENT_TICK 417
417 QUEUE_RECEIVE_FAILED q1
417 TASK_INCREMENT_TICK 417
418 TASK_SWITCHED_OUT SUSP_RX
418 TASK_SWITCHED_IN CNT_INC
418 TASK_PRIORITY_SET CNT_INC 1
418 MOVED_TASK_TO_READY_STATE CNT_INC
418 TASK_PRIORITY_SET CNT_INC 0
418 MOVED_TASK_TO_READY_STATE CNT_INC
418 TASK_SWITCHED_OUT CNT_INC
418 TASK_SWITCHED_IN IDLE
418 TASK_INCREMENT_TICK 418
419 TASK_SWITCHED_OUT IDLE
419 TASK_SWITCHED_IN CNT_INC
419 TASK_PRIORITY_SET CNT_INC 1
419 MOVED_TASK_TO_READY_STATE CNT_INC
419 TASK_PRIORITY_SET CNT_INC 0
419 MOVED_TASK_TO_READY_STATE CNT_INC
419 TASK_SWITCHED_OUT CNT_INC
419 TASK_SWITCHED_IN SUSP_RX
419 QUEUE_RECEIVE_FAILED q1
419 QUEUE_RECEIVE_FAILED q1
419 TASK_INCREMENT_TICK 419
419 TASK_INCREMENT_TICK 419
420 TASK_SWITCHED_OUT SUSP_RX
420 TASK_SWITCHED_IN IDLE
420 TASK_SWITCHED_OUT IDLE
420 TASK_SWITCHED_IN CNT_INC
420 TASK_PRIORITY_SET CNT_INC 1
420 MOVED_TASK_TO_READY_STATE CNT_INC
420 TASK_PRIORITY_SET CNT_INC 0
420 MOVED_TASK_TO_READY_STATE CNT_INC
420 TASK_SWITCHED_OUT CNT_INC
420 TASK_SWITCHED_IN SUSP_RX
420 QUEUE_RECEIVE_FAILED q1
420 QUEUE_RECEIVE_FAILED q1
420 QUEUE_RECEIVE_FAILED q1
420 TASK_INCREMENT_TICK 420
420 QUEUE_RECEIVE_FAILED q1
420 TASK_INCREMENT_TICK 420
421 TASK_SWITCHED_OUT SUSP_RX
421 TASK_SWITCHED_IN CNT_INC
421 TASK_PRIORITY_SET CNT_INC 1
421 MOVED_TASK_TO_READY_STATE CNT_INC
421 TASK_PRIORITY_SET CNT_INC 0
421 MOVED_TASK_TO_READY_STATE CNT_INC
421 TASK_SWITCHED_OUT CNT_INC
421 TASK_SWITCHED_IN IDLE
421 TASK_INCREMENT_TICK 421
422 TASK_SWITCHED_OUT IDLE
422 TASK_SWITCHED_IN CNT_INC
422 TASK_PRIORITY_SET CNT_INC 1
422 MOVED_TASK_TO_READY_STATE CNT_INC
422 TASK_PRIORITY_SET CNT_INC 0
422 MOVED_TASK_TO_READY_STATE CNT_INC
422 TASK_SWITCHED_OUT CNT_INC
422 TASK_SWITCHED_IN SUSP_RX
422 QUEUE_RECEIVE_FAILED q1
422 QUEUE_RECEIVE_FAILED q1
422 TASK_INCREMENT_TICK 422
422 TASK_INCREMENT_TICK 422
423 TASK_SWITCHED_OUT SUSP_RX
423 TASK_SWITCHED_IN IDLE
423 TASK_SWITCHED_OUT IDLE
423 TASK_SWITCHED_IN CNT_INC
423 TASK_PRIORITY_SET CNT_INC 1
423 MOVED_TASK_TO_READY_STATE CNT_INC
423 TASK_PRIORITY_SET CNT_INC 0
423 MOVED_TASK_TO_READY_STATE CNT_INC
423 TASK_SWITCHED_OUT CNT_INC
423 TASK_SWITCHED_IN SUSP_RX
423 QUEUE_RECEIVE_FAILED q1
423 QUEUE_RECEIVE_FAILED q1
423 QUEUE_RECEIVE_FAILED q1
423 TASK_INCREMENT_TICK 423
423 QUEUE_RECEIVE_FAILED q1
423 TASK_INCREMENT_TICK 423
424 TASK_SWITCHED_OUT SUSP_RX
424 TASK_SWITCHED_IN CNT_INC
424 TASK_PRIORITY_SET CNT_INC 1
424 MOVED_TASK_TO_READY_STATE CNT_INC
424 TASK_PRIORITY_SET CNT_INC 0
424 MOVED_TASK_TO_READY_STATE CNT_INC
424 TASK_SWITCHED_OUT CNT_INC
424 TASK_SWITCHED_IN IDLE
424 TASK_INCREMENT_TICK 424
425 TASK_SWITCHED_OUT IDLE
425 TASK_SWITCHED_IN CNT_INC
425 TASK_PRIORITY_SET CNT_INC 1
425 MOVED_TASK_TO_READY_STATE CNT_INC
425 TASK_PRIORITY_SET CNT_INC 0
425 MOVED_TASK_TO_READY_STATE CNT_INC
425 TASK_SWITCHED_OUT CNT_INC
425 TASK_SWITCHED_IN SUSP_RX
425 QUEUE_RECEIVE_FAILED q1
425 QUEUE_RECEIVE_FAILED q1
425 TASK_INCREMENT_TICK 425
425 TASK_INCREMENT_TICK 425
426 TASK_SWITCHED_OUT SUSP_RX
426 TASK_SWITCHED_IN IDLE
426 TASK_SWITCHED_OUT IDLE
426 TASK_SWITCHED_IN CNT_INC
426 TASK_PRIORITY_SET CNT_INC 1
426 MOVED_TASK_TO_READY_STATE CNT_INC
426 TASK_PRIORITY_SET CNT_INC 0
426 MOVED_TASK_TO_READY_STATE CNT_INC
426 TASK_SWITCHED_OUT CNT_INC
426 TASK_SWITCHED_IN SUSP_RX
426 QUEUE_RECEIVE_FAILED q1
426 QUEUE_RECEIVE_FAILED q1
426 QUEUE_RECEIVE_FAILED q1
426 TASK_INCREMENT_TICK 426
426 QUEUE_RECEIVE_FAILED q1
426 TASK_INCREMENT_TICK 426
427 TASK_SWITCHED_OUT SUSP_RX
427 TASK_SWITCHED_IN CNT_INC
427 TASK_PRIORITY_SET CNT_INC 1
427 MOVED_TASK_TO_READY_STATE CNT_INC
427 TASK_PRIORITY_SET CNT_INC 0
427 MOVED_TASK_TO_READY_STATE CNT_INC
427 TASK_SWITCHED_OUT CNT_INC
427 TASK_SWITCHED_IN IDLE
427 TASK_INCREMENT_TICK 427
428 TASK_SWITCHED_OUT IDLE
428 TASK_SWITCHED_IN CNT_INC
428 TASK_PRIORITY_SET CNT_INC 1
428 MOVED_TASK_TO_READY_STATE CNT_INC
428 TASK_PRIORITY_SET CNT_INC 0
428 MOVED_TASK_TO_READY_STATE CNT_INC
428 TASK_SWITCHED_OUT CNT_INC
428 TASK_SWITCHED_IN SUSP_RX
428 QUEUE_RECEIVE_FAILED q1
428 QUEUE_RECEIVE_FAILED q1
428 TASK_INCREMENT_TICK 428
428 TASK_INCREMENT_TICK 428
429 TASK_SWITCHED_OUT SUSP_RX
429 TASK_SWITCHED_IN IDLE
429 TASK_SWITCHED_OUT IDLE
429 TASK_SWITCHED_IN CNT_INC
429 TASK_PRIORITY_SET CNT_INC 1
429 MOVED_TASK_TO_READY_STATE CNT_INC
429 TASK_PRIORITY_SET CNT_INC 0
429 MOVED_TASK_TO_READY_STATE CNT_INC
429 TASK_SWITCHED_OUT CNT_INC
429 TASK_SWITCHED_IN SUSP_RX
429 QUEUE_RECEIVE_FAILED q1
429 QUEUE_RECEIVE_FAILED q1
429 QUEUE_RECEIVE_FAILED q1
429 TASK_INCREMENT_TICK 429
429 QUEUE_RECEIVE_FAILED q1
429 TASK_INCREMENT_TICK 429
430 TASK_SWITCHED_OUT SUSP_RX
430 TASK_SWITCHED_IN CNT_INC
430 TASK_PRIORITY_SET CNT_INC 1
430 MOVED_TASK_TO_READY_STATE CNT_INC
430 TASK_PRIORITY_SET CNT_INC 0
430 MOVED_TASK_TO_READY_STATE CNT_INC
430 TASK_SWITCHED_OUT CNT_INC
430 TASK_SWITCHED_IN IDLE
430 TASK_INCREMENT_TICK 430
431 TASK_SWITCHED_OUT IDLE
431 TASK_SWITCHED_IN CNT_INC
431 TASK_PRIORITY_SET CNT_INC 1
431 MOVED_TASK_TO_READY_STATE CNT_INC
431 TASK_PRIORITY_SET CNT_INC 0
431 MOVED_TASK_TO_READY_STATE CNT_INC
431 TASK_SWITCHED_OUT CNT_INC
431 TASK_SWITCHED_IN SUSP_RX
431 QUEUE_RECEIVE_FAILED q1
431 QUEUE_RECEIVE_FAILED q1
431 TASK_INCREMENT_TICK 431
431 TASK_INCREMENT_TICK 431
432 TASK_SWITCHED_OUT SUSP_RX
432 TASK_SWITCHED_IN IDLE
432 TASK_SWITCHED_OUT IDLE
432 TASK_SWITCHED_IN CNT_INC
432 TASK_PRIORITY_SET CNT_INC 1
432 MOVED_TASK_TO_READY_STATE CNT_INC
432 TASK_PRIORITY_SET CNT_INC 0
432 MOVED_TASK_TO_READY_STATE CNT_INC
432 TASK_SWITCHED_OUT CNT_INC
432 TASK_SWITCHED_IN SUSP_RX
432 QUEUE_RECEIVE_FAILED q1
432 QUEUE_RECEIVE_FAILED q1
432 QUEUE_RECEIVE_FAILED q1
432 TASK_INCREMENT_TICK 432
432 QUEUE_RECEIVE_FAILED q1
432 TASK_INCREMENT_TICK 432
433 TASK_SWITCHED_OUT SUSP_RX
433 TASK_SWITCHED_IN CNT_INC
433 TASK_PRIORITY_SET CNT_INC 1
433 MOVED_TASK_TO_READY_STATE CNT_INC
433 TASK_PRIORITY_SET CNT_INC 0
433 MOVED_TASK_TO_READY_STATE CNT_INC
433 TASK_SWITCHED_OUT CNT_INC
433 TASK_SWITCHED_IN IDLE
433 TASK_INCREMENT_TICK 433
434 TASK_SWITCHED_OUT IDLE
434 TASK_SWITCHED_IN CNT_INC
434 TASK_PRIORITY_SET CNT_INC 1
434 MOVED_TASK_TO_READY_STATE CNT_INC
434 TASK_PRIORITY_SET CNT_INC 0
434 MOVED_TASK_TO_READY_STATE CNT_INC
434 TASK_SWITCHED_OUT CNT_INC
434 TASK_SWITCHED_IN SUSP_RX
434 QUEUE_RECEIVE_FAILED q1
434 QUEUE_RECEIVE_FAILED q1
434 TASK_INCREMENT_TICK 434
434 TASK_INCREMENT_TICK 434
435 TASK_SWITCHED_OUT SUSP_RX
435 TASK_SWITCHED_IN IDLE
435 TASK_SWITCHED_OUT IDLE
435 TASK_SWITCHED_IN CNT_INC
435 TASK_PRIORITY_SET CNT_INC 1
435 MOVED_TASK_TO_READY_STATE CNT_INC
435 TASK_PRIORITY_SET CNT_INC 0
435 MOVED_TASK_TO_READY_STATE CNT_INC
435 TASK_SWITCHED_OUT CNT_INC
435 TASK_SWITCHED_IN SUSP_RX
435 QUEUE_RECEIVE_FAILED q1
435 QUEUE_RECEIVE_FAILED q1
435 QUEUE_RECEIVE_FAILED q1
435 TASK_INCREMENT_TICK 435
435 QUEUE_RECEIVE_FAILED q1
435 TASK_INCREMENT_TICK 435
436 TASK_SWITCHED_OUT SUSP_RX
436 TASK_SWITCHED_IN CNT_INC
436 TASK_PRIORITY_SET CNT_INC 1
436 MOVED_TASK_TO_READY_STATE CNT_INC
436 TASK_PRIORITY_SET CNT_INC 0
436 MOVED_TASK_TO_READY_STATE CNT_INC
436 TASK_SWITCHED_OUT CNT_INC
436 TASK_SWITCHED_IN IDLE
436 TASK_INCREMENT_TICK 436
437 TASK_SWITCHED_OUT IDLE
437 TASK_SWITCHED_IN CNT_INC
437 TASK_PRIORITY_SET CNT_INC 1
437 MOVED_TASK_TO_READY_STATE CNT_INC
437 TASK_PRIORITY_SET CNT_INC 0
437 MOVED_TASK_TO_READY_STATE CNT_INC
437 TASK_SWITCHED_OUT CNT_INC
437 TASK_SWITCHED_IN SUSP_RX
437 QUEUE_RECEIVE_FAILED q1
437 QUEUE_RECEIVE_FAILED q1
437 TASK_INCREMENT_TICK 437
437 TASK_INCREMENT_TICK 437
438 TASK_SWITCHED_OUT SUSP_RX
438 TASK_SWITCHED_IN IDLE
438 TASK_SWITCHED_OUT IDLE
438 TASK_SWITCHED_IN CNT_INC
438 TASK_PRIORITY_SET CNT_INC 1
438 MOVED_TASK_TO_READY_STATE CNT_INC
438 TASK_PRIORITY_SET CNT_INC 0
438 MOVED_TASK_TO_READY_STATE CNT_INC
438 TASK_SWITCHED_OUT CNT_INC
438 TASK_SWITCHED_IN SUSP_RX
438 QUEUE_RECEIVE_FAILED q1
438 QUEUE_RECEIVE_FAILED q1
438 QUEUE_RECEIVE_FAILED q1
438 TASK_INCREMENT_TICK 438
438 QUEUE_RECEIVE_FAILED q1
438 TASK_INCREMENT_TICK 438
439 TASK_SWITCHED_OUT SUSP_RX
439 TASK_SWITCHED_IN CNT_INC
439 TASK_PRIORITY_SET CNT_INC 1
439 MOVED_TASK_TO_READY_STATE CNT_INC
439 TASK_PRIORITY_SET CNT_INC 0
439 MOVED_TASK_TO_READY_STATE CNT_INC
439 TASK_SWITCHED_OUT CNT_INC
439 TASK_SWITCHED_IN IDLE
439 TASK_INCREMENT_TICK 439
440 TASK_SWITCHED_OUT IDLE
440 TASK_SWITCHED_IN CNT_INC
440 TASK_PRIORITY_SET CNT_INC 1
440 MOVED_TASK_TO_READY_STATE CNT_INC
440 TASK_PRIORITY_SET CNT_INC 0
440 MOVED_TASK_TO_READY_STATE CNT_INC
440 TASK_SWITCHED_OUT CNT_INC
440 TASK_SWITCHED_IN SUSP_RX
440 QUEUE_RECEIVE_FAILED q1
440 QUEUE_RECEIVE_FAILED q1
440 TASK_INCREMENT_TICK 440
440 TASK_INCREMENT_TICK 440
441 TASK_SWITCHED_OUT SUSP_RX
441 TASK_SWITCHED_IN IDLE
441 TASK_SWITCHED_OUT IDLE
441 TASK_SWITCHED_IN CNT_INC
441 TASK_PRIORITY_SET CNT_INC 1
441 MOVED_TASK_TO_READY_STATE CNT_INC
441 TASK_PRIORITY_SET CNT_INC 0
441 MOVED_TASK_TO_READY_STATE CNT_INC
441 TASK_SWITCHED_OUT CNT_INC
441 TASK_SWITCHED_IN SUSP_RX
441 QUEUE_RECEIVE_FAILED q1
441 QUEUE_RECEIVE_FAILED q1
441 QUEUE_RECEIVE_FAILED q1
441 TASK_INCREMENT_TICK 441
441 QUEUE_RECEIVE_FAILED q1
441 TASK_INCREMENT_TICK 441
442 TASK_SWITCHED_OUT SUSP_RX
442 TASK_SWITCHED_IN CNT_INC
442 TASK_PRIORITY_SET CNT_INC 1
442 MOVED_TASK_TO_READY_STATE CNT_INC
442 TASK_PRIORITY_SET CNT_INC 0
442 MOVED_TASK_TO_READY_STATE CNT_INC
442 TASK_SWITCHED_OUT CNT_INC
442 TASK_SWITCHED_IN IDLE
442 TASK_INCREMENT_TICK 442
443 TASK_SWITCHED_OUT IDLE
443 TASK_SWITCHED_IN CNT_INC
443 TASK_PRIORITY_SET CNT_INC 1
443 MOVED_TASK_TO_READY_STATE CNT_INC
443 TASK_PRIORITY_SET CNT_INC 0
443 MOVED_TASK_TO_READY_STATE CNT_INC
443 TASK_SWITCHED_OUT CNT_INC
443 TASK_SWITCHED_IN SUSP_RX
443 QUEUE_RECEIVE_FAILED q1
443 QUEUE_RECEIVE_FAILED q1
443 TASK_INCREMENT_TICK 443
443 TASK_INCREMENT_TICK 443
444 TASK_SWITCHED_OUT SUSP_RX
444 TASK_SWITCHED_IN IDLE
444 TASK_SWITCHED_OUT IDLE
444 TASK_SWITCHED_IN CNT_INC
444 TASK_PRIORITY_SET CNT_INC 1
444 MOVED_TASK_TO_READY_STATE CNT_INC
444 TASK_PRIORITY_SET CNT_INC 0
444 MOVED_TASK_TO_READY_STATE CNT_INC
444 TASK_SWITCHED_OUT CNT_INC
444 TASK_SWITCHED_IN SUSP_RX
444 QUEUE_RECEIVE_FAILED q1
444 QUEUE_RECEIVE_FAILED q1
444 QUEUE_RECEIVE_FAILED q1
444 TASK_INCREMENT_TICK 444
444 QUEUE_RECEIVE_FAILED q1
444 TASK_INCREMENT_TICK 444
445 TASK_SWITCHED_OUT SUSP_RX
445 TASK_SWITCHED_IN CNT_INC
445 TASK_PRIORITY_SET CNT_INC 1
445 MOVED_TASK_TO_READY_STATE CNT_INC
445 TASK_PRIORITY_SET CNT_INC 0
445 MOVED_TASK_TO_READY_STATE CNT_INC
445 TASK_SWITCHED_OUT CNT_INC
445 TASK_SWITCHED_IN IDLE
445 TASK_INCREMENT_TICK 445
446 TASK_SWITCHED_OUT IDLE
446 TASK_SWITCHED_IN CNT_INC
446 TASK_PRIORITY_SET CNT_INC 1
446 MOVED_TASK_TO_READY_STATE CNT_INC
446 TASK_PRIORITY_SET CNT_INC 0
446 MOVED_TASK_TO_READY_STATE CNT_INC
446 TASK_SWITCHED_OUT CNT_INC
446 TASK_SWITCHED_IN SUSP_RX
446 QUEUE_RECEIVE_FAILED q1
446 QUEUE_RECEIVE_FAILED q1
446 TASK_INCREMENT_TICK 446
446 TASK_INCREMENT_TICK 446
447 TASK_SWITCHED_OUT SUSP_RX
447 TASK_SWITCHED_IN IDLE
447 TASK_SWITCHED_OUT IDLE
447 TASK_SWITCHED_IN CNT_INC
447 TASK_PRIORITY_SET CNT_INC 1
447 MOVED_TASK_TO_READY_STATE CNT_INC
447 TASK_PRIORITY_SET CNT_INC 0
447 MOVED_TASK_TO_READY_STATE CNT_INC
447 TASK_SWITCHED_OUT CNT_INC
447 TASK_SWITCHED_IN SUSP_RX
447 QUEUE_RECEIVE_FAILED q1
447 QUEUE_RECEIVE_FAILED q1
447 QUEUE_RECEIVE_FAILED q1
447 TASK_INCREMENT_TICK 447
447 QUEUE_RECEIVE_FAILED q1
447 TASK_INCREMENT_TICK 447
448 TASK_SWITCHED_OUT SUSP_RX
448 TASK_SWITCHED_IN CNT_INC
448 TASK_PRIORITY_SET CNT_INC 1
448 MOVED_TASK_TO_READY_STATE CNT_INC
448 TASK_PRIORITY_SET CNT_INC 0
448 MOVED_TASK_TO_READY_STATE CNT_INC
448 TASK_SWITCHED_OUT CNT_INC
448 TASK_SWITCHED_IN IDLE
448 TASK_INCREMENT_TICK 448
449 TASK_SWITCHED_OUT IDLE
449 TASK_SWITCHED_IN CNT_INC
449 TASK_PRIORITY_SET CNT_INC 1
449 MOVED_TASK_TO_READY_STATE CNT_INC
449 TASK_PRIORITY_SET CNT_INC 0
449 MOVED_TASK_TO_READY_STATE CNT_INC
449 TASK_SWITCHED_OUT CNT_INC
449 TASK_SWITCHED_IN SUSP_RX
449 QUEUE_RECEIVE_FAILED q1
449 QUEUE_RECEIVE_FAILED q1
449 TASK_INCREMENT_TICK 449
449 TASK_INCREMENT_TICK 449
450 TASK_SWITCHED_OUT SUSP_RX
450 TASK_SWITCHED_IN IDLE
450 TASK_SWITCHED_OUT IDLE
450 TASK_SWITCHED_IN CNT_INC
450 TASK_PRIORITY_SET CNT_INC 1
450 MOVED_TASK_TO_READY_STATE CNT_INC
450 TASK_PRIORITY_SET CNT_INC 0
450 MOVED_TASK_TO_READY_STATE CNT_INC
450 TASK_SWITCHED_OUT CNT_INC
450 TASK_SWITCHED_IN SUSP_RX
450 QUEUE_RECEIVE_FAILED q1
450 QUEUE_RECEIVE_FAILED q1
450 QUEUE_RECEIVE_FAILED q1
450 TASK_INCREMENT_TICK 450
450 QUEUE_RECEIVE_FAILED q1
450 TASK_INCREMENT_TICK 450
451 TASK_SWITCHED_OUT SUSP_RX
451 TASK_SWITCHED_IN CNT_INC
451 TASK_PRIORITY_SET CNT_INC 1
451 MOVED_TASK_TO_READY_STATE CNT_INC
451 TASK_PRIORITY_SET CNT_INC 0
451 MOVED_TASK_TO_READY_STATE CNT_INC
451 TASK_SWITCHED_OUT CNT_INC
451 TASK_SWITCHED_IN IDLE
451 TASK_INCREMENT_TICK 451
452 TASK_SWITCHED_OUT IDLE
452 TASK_SWITCHED_IN CNT_INC
452 TASK_PRIORITY_SET CNT_INC 1
452 MOVED_TASK_TO_READY_STATE CNT_INC
452 TASK_PRIORITY_SET CNT_INC 0
452 MOVED_TASK_TO_READY_STATE CNT_INC
452 TASK_SWITCHED_OUT CNT_INC
452 TASK_SWITCHED_IN SUSP_RX
452 QUEUE_RECEIVE_FAILED q1
452 QUEUE_RECEIVE_FAILED q1
452 TASK_INCREMENT_TICK 452
452 TASK_INCREMENT_TICK 452
453 TASK_SWITCHED_OUT SUSP_RX
453 TASK_SWITCHED_IN IDLE
453 TASK_SWITCHED_OUT IDLE
453 TASK_SWITCHED_IN CNT_INC
453 TASK_PRIORITY_SET CNT_INC 1
453 MOVED_TASK_TO_READY_STATE CNT_INC
453 TASK_PRIORITY_SET CNT_INC 0
453 MOVED_TASK_TO_READY_STATE CNT_INC
453 TASK_SWITCHED_OUT CNT_INC
453 TASK_SWITCHED_IN SUSP_RX
453 QUEUE_RECEIVE_FAILED q1
453 QUEUE_RECEIVE_FAILED q1
453 QUEUE_RECEIVE_FAILED q1
453 TASK_INCREMENT_TICK 453
453 QUEUE_RECEIVE_FAILED q1
453 TASK_INCREMENT_TICK 453
454 TASK_SWITCHED_OUT SUSP_RX
454 TASK_SWITCHED_IN CNT_INC
454 TASK_PRIORITY_SET CNT_INC 1
454 MOVED_TASK_TO_READY_STATE CNT_INC
454 TASK_PRIORITY_SET CNT_INC 0
454 MOVED_TASK_TO_READY_STATE CNT_INC
454 TASK_SWITCHED_OUT CNT_INC
454 TASK_SWITCHED_IN IDLE
454 TASK_INCREMENT_TICK 454
455 TASK_SWITCHED_OUT IDLE
455 TASK_SWITCHED_IN CNT_INC
455 TASK_PRIORITY_SET CNT_INC 1
455 MOVED_TASK_TO_READY_STATE CNT_INC
455 TASK_PRIORITY_SET CNT_INC 0
455 MOVED_TASK_TO_READY_STATE CNT_INC
455 TASK_SWITCHED_OUT CNT_INC
455 TASK_SWITCHED_IN SUSP_RX
455 QUEUE_RECEIVE_FAILED q1
455 QUEUE_RECEIVE_FAILED q1
455 TASK_INCREMENT_TICK 455
455 TASK_INCREMENT_TICK 455
456 TASK_SWITCHED_OUT SUSP_RX
456 TASK_SWITCHED_IN IDLE
456 TASK_SWITCHED_OUT IDLE
456 TASK_SWITCHED_IN CNT_INC
456 TASK_PRIORITY_SET CNT_INC 1
456 MOVED_TASK_TO_READY_STATE CNT_INC
456 TASK_PRIORITY_SET CNT_INC 0
456 MOVED_TASK_TO_READY_STATE CNT_INC
456 TASK_SWITCHED_OUT CNT_INC
456 TASK_SWITCHED_IN SUSP_RX
456 QUEUE_RECEIVE_FAILED q1
456 QUEUE_RECEIVE_FAILED q1
456 QUEUE_RECEIVE_FAILED q1
456 TASK_INCREMENT_TICK 456
456 QUEUE_RECEIVE_FAILED q1
456 TASK_INCREMENT_TICK 456
457 TASK_SWITCHED_OUT SUSP_RX
457 TASK_SWITCHED_IN CNT_INC
457 TASK_PRIORITY_SET CNT_INC 1
457 MOVED_TASK_TO_READY_STATE CNT_INC
457 TASK_PRIORITY_SET CNT_INC 0
457 MOVED_TASK_TO_READY_STATE CNT_INC
457 TASK_SWITCHED_OUT CNT_INC
457 TASK_SWITCHED_IN IDLE
457 TASK_INCREMENT_TICK 457
458 TASK_SWITCHED_OUT IDLE
458 TASK_SWITCHED_IN CNT_INC
458 TASK_PRIORITY_SET CNT_INC 1
458 MOVED_TASK_TO_READY_STATE CNT_INC
458 TASK_PRIORITY_SET CNT_INC 0
458 MOVED_TASK_TO_READY_STATE CNT_INC
458 TASK_SWITCHED_OUT CNT_INC
458 TASK_SWITCHED_IN SUSP_RX
458 QUEUE_RECEIVE_FAILED q1
458 QUEUE_RECEIVE_FAILED q1
458 TASK_INCREMENT_TICK 458
458 TASK_INCREMENT_TICK 458
459 TASK_SWITCHED_OUT SUSP_RX
459 TASK_SWITCHED_IN IDLE
459 TASK_SWITCHED_OUT IDLE
459 TASK_SWITCHED_IN CNT_INC
459 TASK_PRIORITY_SET CNT_INC 1
459 MOVED_TASK_TO_READY_STATE CNT_INC
459 TASK_PRIORITY_SET CNT_INC 0
459 MOVED_TASK_TO_READY_STATE CNT_INC
459 TASK_SWITCHED_OUT CNT_INC
459 TASK_SWITCHED_IN SUSP_RX
459 QUEUE_RECEIVE_FAILED q1
459 QUEUE_RECEIVE_FAILED q1
459 QUEUE_RECEIVE_FAILED q1
459 TASK_INCREMENT_TICK 459
459 QUEUE_RECEIVE_FAILED q1
459 TASK_INCREMENT_TICK 459
460 TASK_SWITCHED_OUT SUSP_RX
460 TASK_SWITCHED_IN CNT_INC
460 TASK_PRIORITY_SET CNT_INC 1
460 MOVED_TASK_TO_READY_STATE CNT_INC
460 TASK_PRIORITY_SET CNT_INC 0
460 MOVED_TASK_TO_READY_STATE CNT_INC
460 TASK_SWITCHED_OUT CNT_INC
460 TASK_SWITCHED_IN IDLE
460 TASK_INCREMENT_TICK 460
461 TASK_SWITCHED_OUT IDLE
461 TASK_SWITCHED_IN CNT_INC
461 TASK_PRIORITY_SET CNT_INC 1
461 MOVED_TASK_TO_READY_STATE CNT_INC
461 TASK_PRIORITY_SET CNT_INC 0
461 MOVED_TASK_TO_READY_STATE CNT_INC
461 TASK_SWITCHED_OUT CNT_INC
461 TASK_SWITCHED_IN SUSP_RX
461 QUEUE_RECEIVE_FAILED q1
461 QUEUE_RECEIVE_FAILED q1
461 TASK_INCREMENT_TICK 461
461 TASK_INCREMENT_TICK 461
462 TASK_SWITCHED_OUT SUSP_RX
462 TASK_SWITCHED_IN IDLE
462 TASK_SWITCHED_OUT IDLE
462 TASK_SWITCHED_IN CNT_INC
462 TASK_PRIORITY_SET CNT_INC 1
462 MOVED_TASK_TO_READY_STATE CNT_INC
462 TASK_PRIORITY_SET CNT_INC 0
462 MOVED_TASK_TO_READY_STATE CNT_INC
462 TASK_SWITCHED_OUT CNT_INC
462 TASK_SWITCHED_IN SUSP_RX
462 QUEUE_RECEIVE_FAILED q1
462 QUEUE_RECEIVE_FAILED q1
462 QUEUE_RECEIVE_FAILED q1
462 TASK_INCREMENT_TICK 462
462 QUEUE_RECEIVE_FAILED q1
462 TASK_INCREMENT_TICK 462
463 TASK_SWITCHED_OUT SUSP_RX
463 TASK_SWITCHED_IN CNT_INC
463 TASK_PRIORITY_SET CNT_INC 1
463 MOVED_TASK_TO_READY_STATE CNT_INC
463 TASK_PRIORITY_SET CNT_INC 0
463 MOVED_TASK_TO_READY_STATE CNT_INC
463 TASK_SWITCHED_OUT CNT_INC
463 TASK_SWITCHED_IN IDLE
463 TASK_INCREMENT_TICK 463
464 TASK_SWITCHED_OUT IDLE
464 TASK_SWITCHED_IN CNT_INC
464 TASK_PRIORITY_SET CNT_INC 1
464 MOVED_TASK_TO_READY_STATE CNT_INC
464 TASK_PRIORITY_SET CNT_INC 0
464 MOVED_TASK_TO_READY_STATE CNT_INC
464 TASK_SWITCHED_OUT CNT_INC
464 TASK_SWITCHED_IN SUSP_RX
464 QUEUE_RECEIVE_FAILED q1
464 QUEUE_RECEIVE_FAILED q1
464 TASK_INCREMENT_TICK 464
464 TASK_INCREMENT_TICK 464
465 TASK_SWITCHED_OUT SUSP_RX
465 TASK_SWITCHED_IN IDLE
465 TASK_SWITCHED_OUT IDLE
465 TASK_SWITCHED_IN CNT_INC
465 TASK_PRIORITY_SET CNT_INC 1
465 MOVED_TASK_TO_READY_STATE CNT_INC
465 TASK_PRIORITY_SET CNT_INC 0
465 MOVED_TASK_TO_READY_STATE CNT_INC
465 TASK_SWITCHED_OUT CNT_INC
465 TASK_SWITCHED_IN SUSP_RX
465 QUEUE_RECEIVE_FAILED q1
465 QUEUE_RECEIVE_FAILED q1
465 QUEUE_RECEIVE_FAILED q1
465 TASK_INCREMENT_TICK 465
465 QUEUE_RECEIVE_FAILED q1
465 TASK_INCREMENT_TICK 465
466 TASK_SWITCHED_OUT SUSP_RX
466 TASK_SWITCHED_IN CNT_INC
466 TASK_PRIORITY_SET CNT_INC 1
466 MOVED_TASK_TO_READY_STATE CNT_INC
466 TASK_PRIORITY_SET CNT_INC 0
466 MOVED_TASK_TO_READY_STATE CNT_INC
466 TASK_SWITCHED_OUT CNT_INC
466 TASK_SWITCHED_IN IDLE
466 TASK_INCREMENT_TICK 466
467 TASK_SWITCHED_OUT IDLE
467 TASK_SWITCHED_IN CNT_INC
467 TASK_PRIORITY_SET CNT_INC 1
467 MOVED_TASK_TO_READY_STATE CNT_INC
467 TASK_PRIORITY_SET CNT_INC 0
467 MOVED_TASK_TO_READY_STATE CNT_INC
467 TASK_SWITCHED_OUT CNT_INC
467 TASK_SWITCHED_IN SUSP_RX
467 QUEUE_RECEIVE_FAILED q1
467 QUEUE_RECEIVE_FAILED q1
467 TASK_INCREMENT_TICK 467
467 TASK_INCREMENT_TICK 467
468 TASK_SWITCHED_OUT SUSP_RX
468 TASK_SWITCHED_IN IDLE
468 TASK_SWITCHED_OUT IDLE
468 TASK_SWITCHED_IN CNT_INC
468 TASK_PRIORITY_SET CNT_INC 1
468 MOVED_TASK_TO_READY_STATE CNT_INC
468 TASK_PRIORITY_SET CNT_INC 0
468 MOVED_TASK_TO_READY_STATE CNT_INC
468 TASK_SWITCHED_OUT CNT_INC
468 TASK_SWITCHED_IN SUSP_RX
468 QUEUE_RECEIVE_FAILED q1
468 QUEUE_RECEIVE_FAILED q1
468 QUEUE_RECEIVE_FAILED q1
468 TASK_INCREMENT_TICK 468
468 QUEUE_RECEIVE_FAILED q1
468 TASK_INCREMENT_TICK 468
469 TASK_SWITCHED_OUT SUSP_RX
469 TASK_SWITCHED_IN CNT_INC
469 TASK_PRIORITY_SET CNT_INC 1
469 MOVED_TASK_TO_READY_STATE CNT_INC
469 TASK_PRIORITY_SET CNT_INC 0
469 MOVED_TASK_TO_READY_STATE CNT_INC
469 TASK_SWITCHED_OUT CNT_INC
469 TASK_SWITCHED_IN IDLE
469 TASK_INCREMENT_TICK 469
470 TASK_SWITCHED_OUT IDLE
470 TASK_SWITCHED_IN CNT_INC
470 TASK_PRIORITY_SET CNT_INC 1
470 MOVED_TASK_TO_READY_STATE CNT_INC
470 TASK_PRIORITY_SET CNT_INC 0
470 MOVED_TASK_TO_READY_STATE CNT_INC
470 TASK_SWITCHED_OUT CNT_INC
470 TASK_SWITCHED_IN SUSP_RX
470 QUEUE_RECEIVE_FAILED q1
470 QUEUE_RECEIVE_FAILED q1
470 TASK_INCREMENT_TICK 470
470 TASK_INCREMENT_TICK 470
471 TASK_SWITCHED_OUT SUSP_RX
471 TASK_SWITCHED_IN IDLE
471 TASK_SWITCHED_OUT IDLE
471 TASK_SWITCHED_IN CNT_INC
471 TASK_PRIORITY_SET CNT_INC 1
471 MOVED_TASK_TO_READY_STATE CNT_INC
471 TASK_PRIORITY_SET CNT_INC 0
471 MOVED_TASK_TO_READY_STATE CNT_INC
471 TASK_SWITCHED_OUT CNT_INC
471 TASK_SWITCHED_IN SUSP_RX
471 QUEUE_RECEIVE_FAILED q1
471 QUEUE_RECEIVE_FAILED q1
471 QUEUE_RECEIVE_FAILED q1
471 TASK_INCREMENT_TICK 471
471 QUEUE_RECEIVE_FAILED q1
471 TASK_INCREMENT_TICK 471
472 TASK_SWITCHED_OUT SUSP_RX
472 TASK_SWITCHED_IN CNT_INC
472 TASK_PRIORITY_SET CNT_INC 1
472 MOVED_TASK_TO_READY_STATE CNT_INC
472 TASK_PRIORITY_SET CNT_INC 0
472 MOVED_TASK_TO_READY_STATE CNT_INC
472 TASK_SWITCHED_OUT CNT_INC
472 TASK_SWITCHED_IN IDLE
472 TASK_INCREMENT_TICK 472
473 TASK_SWITCHED_OUT IDLE
473 TASK_SWITCHED_IN CNT_INC
473 TASK_PRIORITY_SET CNT_INC 1
473 MOVED_TASK_TO_READY_STATE CNT_INC
473 TASK_PRIORITY_SET CNT_INC 0
473 MOVED_TASK_TO_READY_STATE CNT_INC
473 TASK_SWITCHED_OUT CNT_INC
473 TASK_SWITCHED_IN SUSP_RX
473 QUEUE_RECEIVE_FAILED q1
473 QUEUE_RECEIVE_FAILED q1
473 TASK_INCREMENT_TICK 473
473 TASK_INCREMENT_TICK 473
474 TASK_SWITCHED_OUT SUSP_RX
474 TASK_SWITCHED_IN IDLE
474 TASK_SWITCHED_OUT IDLE
474 TASK_SWITCHED_IN CNT_INC
474 TASK_PRIORITY_SET CNT_INC 1
474 MOVED_TASK_TO_READY_STATE CNT_INC
474 TASK_PRIORITY_SET CNT_INC 0
474 MOVED_TASK_TO_READY_STATE CNT_INC
474 TASK_SWITCHED_OUT CNT_INC
474 TASK_SWITCHED_IN SUSP_RX
474 QUEUE_RECEIVE_FAILED q1
474 QUEUE_RECEIVE_FAILED q1
474 QUEUE_RECEIVE_FAILED q1
474 TASK_INCREMENT_TICK 474
474 QUEUE_RECEIVE_FAILED q1
474 TASK_INCREMENT_TICK 474
475 TASK_SWITCHED_OUT SUSP_RX
475 TASK_SWITCHED_IN CNT_INC
475 TASK_PRIORITY_SET CNT_INC 1
475 MOVED_TASK_TO_READY_STATE CNT_INC
475 TASK_PRIORITY_SET CNT_INC 0
475 MOVED_TASK_TO_READY_STATE CNT_INC
475 TASK_SWITCHED_OUT CNT_INC
475 TASK_SWITCHED_IN IDLE
475 TASK_INCREMENT_TICK 475
476 TASK_SWITCHED_OUT IDLE
476 TASK_SWITCHED_IN CNT_INC
476 TASK_PRIORITY_SET CNT_INC 1
476 MOVED_TASK_TO_READY_STATE CNT_INC
476 TASK_PRIORITY_SET CNT_INC 0
476 MOVED_TASK_TO_READY_STATE CNT_INC
476 TASK_SWITCHED_OUT CNT_INC
476 TASK_SWITCHED_IN SUSP_RX
476 QUEUE_RECEIVE_FAILED q1
476 QUEUE_RECEIVE_FAILED q1
476 TASK_INCREMENT_TICK 476
476 TASK_INCREMENT_TICK 476
477 TASK_SWITCHED_OUT SUSP_RX
477 TASK_SWITCHED_IN IDLE
477 TASK_SWITCHED_OUT IDLE
477 TASK_SWITCHED_IN CNT_INC
477 TASK_PRIORITY_SET CNT_INC 1
477 MOVED_TASK_TO_READY_STATE CNT_INC
477 TASK_PRIORITY_SET CNT_INC 0
477 MOVED_TASK_TO_READY_STATE CNT_INC
477 TASK_SWITCHED_OUT CNT_INC
477 TASK_SWITCHED_IN SUSP_RX
477 QUEUE_RECEIVE_FAILED q1
477 QUEUE_RECEIVE_FAILED q1
477 QUEUE_RECEIVE_FAILED q1
477 TASK_INCREMENT_TICK 477
477 QUEUE_RECEIVE_FAILED q1
477 TASK_INCREMENT_TICK 477
478 TASK_SWITCHED_OUT SUSP_RX
478 TASK_SWITCHED_IN CNT_INC
478 TASK_PRIORITY_SET CNT_INC 1
478 MOVED_TASK_TO_READY_STATE CNT_INC
478 TASK_PRIORITY_SET CNT_INC 0
478 MOVED_TASK_TO_READY_STATE CNT_INC
478 TASK_SWITCHED_OUT CNT_INC
478 TASK_SWITCHED_IN IDLE
478 TASK_INCREMENT_TICK 478
479 TASK_SWITCHED_OUT IDLE
479 TASK_SWITCHED_IN CNT_INC
479 TASK_PRIORITY_SET CNT_INC 1
479 MOVED_TASK_TO_READY_STATE CNT_INC
479 TASK_PRIORITY_SET CNT_INC 0
479 MOVED_TASK_TO_READY_STATE CNT_INC
479 TASK_SWITCHED_OUT CNT_INC
479 TASK_SWITCHED_IN SUSP_RX
479 QUEUE_RECEIVE_FAILED q1
479 QUEUE_RECEIVE_FAILED q1
479 TASK_INCREMENT_TICK 479
479 TASK_INCREMENT_TICK 479
480 TASK_SWITCHED_OUT SUSP_RX
480 TASK_SWITCHED_IN IDLE
480 TASK_SWITCHED_OUT IDLE
480 TASK_SWITCHED_IN CNT_INC
480 TASK_PRIORITY_SET CNT_INC 1
480 MOVED_TASK_TO_READY_STATE CNT_INC
480 TASK_PRIORITY_SET CNT_INC 0
480 MOVED_TASK_TO_READY_STATE CNT_INC
480 TASK_SWITCHED_OUT CNT_INC
480 TASK_SWITCHED_IN SUSP_RX
480 QUEUE_RECEIVE_FAILED q1
480 QUEUE_RECEIVE_FAILED q1
480 QUEUE_RECEIVE_FAILED q1
480 TASK_INCREMENT_TICK 480
480 QUEUE_RECEIVE_FAILED q1
480 TASK_INCREMENT_TICK 480
481 TASK_SWITCHED_OUT SUSP_RX
481 TASK_SWITCHED_IN CNT_INC
481 TASK_PRIORITY_SET CNT_INC 1
481 MOVED_TASK_TO_READY_STATE CNT_INC
481 TASK_PRIORITY_SET CNT_INC 0
481 MOVED_TASK_TO_READY_STATE CNT_INC
481 TASK_SWITCHED_OUT CNT_INC
481 TASK_SWITCHED_IN IDLE
481 TASK_INCREMENT_TICK 481
482 TASK_SWITCHED_OUT IDLE
482 TASK_SWITCHED_IN CNT_INC
482 TASK_PRIORITY_SET CNT_INC 1
482 MOVED_TASK_TO_READY_STATE CNT_INC
482 TASK_PRIORITY_SET CNT_INC 0
482 MOVED_TASK_TO_READY_STATE CNT_INC
482 TASK_SWITCHED_OUT CNT_INC
482 TASK_SWITCHED_IN SUSP_RX
482 QUEUE_RECEIVE_FAILED q1
482 QUEUE_RECEIVE_FAILED q1
482 TASK_INCREMENT_TICK 482
482 TASK_INCREMENT_TICK 482
483 TASK_SWITCHED_OUT SUSP_RX
483 TASK_SWITCHED_IN IDLE
483 TASK_SWITCHED_OUT IDLE
483 TASK_SWITCHED_IN CNT_INC
483 TASK_PRIORITY_SET CNT_INC 1
483 MOVED_TASK_TO_READY_STATE CNT_INC
483 TASK_PRIORITY_SET CNT_INC 0
483 MOVED_TASK_TO_READY_STATE CNT_INC
483 TASK_SWITCHED_OUT CNT_INC
483 TASK_SWITCHED_IN SUSP_RX
483 QUEUE_RECEIVE_FAILED q1
483 QUEUE_RECEIVE_FAILED q1
483 QUEUE_RECEIVE_FAILED q1
483 TASK_INCREMENT_TICK 483
483 QUEUE_RECEIVE_FAILED q1
483 TASK_INCREMENT_TICK 483
484 TASK_SWITCHED_OUT SUSP_RX
484 TASK_SWITCHED_IN CNT_INC
484 TASK_PRIORITY_SET CNT_INC 1
484 MOVED_TASK_TO_READY_STATE CNT_INC
484 TASK_PRIORITY_SET CNT_INC 0
484 MOVED_TASK_TO_READY_STATE CNT_INC
484 TASK_SWITCHED_OUT CNT_INC
484 TASK_SWITCHED_IN IDLE
484 TASK_INCREMENT_TICK 484
485 TASK_SWITCHED_OUT IDLE
485 TASK_SWITCHED_IN CNT_INC
485 TASK_PRIORITY_SET CNT_INC 1
485 MOVED_TASK_TO_READY_STATE CNT_INC
485 TASK_PRIORITY_SET CNT_INC 0
485 MOVED_TASK_TO_READY_STATE CNT_INC
485 TASK_SWITCHED_OUT CNT_INC
485 TASK_SWITCHED_IN SUSP_RX
485 QUEUE_RECEIVE_FAILED q1
485 QUEUE_RECEIVE_FAILED q1
485 TASK_INCREMENT_TICK 485
485 TASK_INCREMENT_TICK 485
486 TASK_SWITCHED_OUT SUSP_RX
486 TASK_SWITCHED_IN IDLE
486 TASK_SWITCHED_OUT IDLE
486 TASK_SWITCHED_IN CNT_INC
486 TASK_PRIORITY_SET CNT_INC 1
486 MOVED_TASK_TO_READY_STATE CNT_INC
486 TASK_PRIORITY_SET CNT_INC 0
486 MOVED_TASK_TO_READY_STATE CNT_INC
486 TASK_SWITCHED_OUT CNT_INC
486 TASK_SWITCHED_IN SUSP_RX
486 QUEUE_RECEIVE_FAILED q1
486 QUEUE_RECEIVE_FAILED q1
486 QUEUE_RECEIVE_FAILED q1
486 TASK_INCREMENT_TICK 486
486 QUEUE_RECEIVE_FAILED q1
486 TASK_INCREMENT_TICK 486
487 TASK_SWITCHED_OUT SUSP_RX
487 TASK_SWITCHED_IN CNT_INC
487 TASK_PRIORITY_SET CNT_INC 1
487 MOVED_TASK_TO_READY_STATE CNT_INC
487 TASK_PRIORITY_SET CNT_INC 0
487 MOVED_TASK_TO_READY_STATE CNT_INC
487 TASK_SWITCHED_OUT CNT_INC
487 TASK_SWITCHED_IN IDLE
487 TASK_INCREMENT_TICK 487
488 TASK_SWITCHED_OUT IDLE
488 TASK_SWITCHED_IN CNT_INC
488 TASK_PRIORITY_SET CNT_INC 1
488 MOVED_TASK_TO_READY_STATE CNT_INC
488 TASK_PRIORITY_SET CNT_INC 0
488 MOVED_TASK_TO_READY_STATE CNT_INC
488 TASK_SWITCHED_OUT CNT_INC
488 TASK_SWITCHED_IN SUSP_RX
488 QUEUE_RECEIVE_FAILED q1
488 QUEUE_RECEIVE_FAILED q1
488 TASK_INCREMENT_TICK 488
488 TASK_INCREMENT_TICK 488
489 TASK_SWITCHED_OUT SUSP_RX
489 TASK_SWITCHED_IN IDLE
489 TASK_SWITCHED_OUT IDLE
489 TASK_SWITCHED_IN CNT_INC
489 TASK_PRIORITY_SET CNT_INC 1
489 MOVED_TASK_TO_READY_STATE CNT_INC
489 TASK_PRIORITY_SET CNT_INC 0
489 MOVED_TASK_TO_READY_STATE CNT_INC
489 TASK_SWITCHED_OUT CNT_INC
489 TASK_SWITCHED_IN SUSP_RX
489 QUEUE_RECEIVE_FAILED q1
489 QUEUE_RECEIVE_FAILED q1
489 QUEUE_RECEIVE_FAILED q1
489 TASK_INCREMENT_TICK 489
489 QUEUE_RECEIVE_FAILED q1
489 TASK_INCREMENT_TICK 489
490 TASK_SWITCHED_OUT SUSP_RX
490 TASK_SWITCHED_IN CNT_INC
490 TASK_PRIORITY_SET CNT_INC 1
490 MOVED_TASK_TO_READY_STATE CNT_INC
490 TASK_PRIORITY_SET CNT_INC 0
490 MOVED_TASK_TO_READY_STATE CNT_INC
490 TASK_SWITCHED_OUT CNT_INC
490 TASK_SWITCHED_IN IDLE
490 TASK_INCREMENT_TICK 490
491 TASK_SWITCHED_OUT IDLE
491 TASK_SWITCHED_IN CNT_INC
491 TASK_PRIORITY_SET CNT_INC 1
491 MOVED_TASK_TO_READY_STATE CNT_INC
491 TASK_PRIORITY_SET CNT_INC 0
491 MOVED_TASK_TO_READY_STATE CNT_INC
491 TASK_SWITCHED_OUT CNT_INC
491 TASK_SWITCHED_IN SUSP_RX
491 QUEUE_RECEIVE_FAILED q1
491 QUEUE_RECEIVE_FAILED q1
491 TASK_INCREMENT_TICK 491
491 TASK_INCREMENT_TICK 491
492 TASK_SWITCHED_OUT SUSP_RX
492 TASK_SWITCHED_IN IDLE
492 TASK_SWITCHED_OUT IDLE
492 TASK_SWITCHED_IN CNT_INC
492 TASK_PRIORITY_SET CNT_INC 1
492 MOVED_TASK_TO_READY_STATE CNT_INC
492 TASK_PRIORITY_SET CNT_INC 0
492 MOVED_TASK_TO_READY_STATE CNT_INC
492 TASK_SWITCHED_OUT CNT_INC
492 TASK_SWITCHED_IN SUSP_RX
492 QUEUE_RECEIVE_FAILED q1
492 QUEUE_RECEIVE_FAILED q1
492 QUEUE_RECEIVE_FAILED q1
492 TASK_INCREMENT_TICK 492
492 QUEUE_RECEIVE_FAILED q1
492 TASK_INCREMENT_TICK 492
493 TASK_SWITCHED_OUT SUSP_RX
493 TASK_SWITCHED_IN CNT_INC
493 TASK_PRIORITY_SET CNT_INC 1
493 MOVED_TASK_TO_READY_STATE CNT_INC
493 TASK_PRIORITY_SET CNT_INC 0
493 MOVED_TASK_TO_READY_STATE CNT_INC
493 TASK_SWITCHED_OUT CNT_INC
493 TASK_SWITCHED_IN IDLE
493 TASK_INCREMENT_TICK 493
494 TASK_SWITCHED_OUT IDLE
494 TASK_SWITCHED_IN CNT_INC
494 TASK_PRIORITY_SET CNT_INC 1
494 MOVED_TASK_TO_READY_STATE CNT_INC
494 TASK_PRIORITY_SET CNT_INC 0
494 MOVED_TASK_TO_READY_STATE CNT_INC
494 TASK_SWITCHED_OUT CNT_INC
494 TASK_SWITCHED_IN SUSP_RX
494 QUEUE_RECEIVE_FAILED q1
494 QUEUE_RECEIVE_FAILED q1
494 TASK_INCREMENT_TICK 494
494 TASK_INCREMENT_TICK 494
495 TASK_SWITCHED_OUT SUSP_RX
495 TASK_SWITCHED_IN IDLE
495 TASK_SWITCHED_OUT IDLE
495 TASK_SWITCHED_IN CNT_INC
495 TASK_PRIORITY_SET CNT_INC 1
495 MOVED_TASK_TO_READY_STATE CNT_INC
495 TASK_PRIORITY_SET CNT_INC 0
495 MOVED_TASK_TO_READY_STATE CNT_INC
495 TASK_SWITCHED_OUT CNT_INC
495 TASK_SWITCHED_IN SUSP_RX
495 QUEUE_RECEIVE_FAILED q1
495 QUEUE_RECEIVE_FAILED q1
495 QUEUE_RECEIVE_FAILED q1
495 TASK_INCREMENT_TICK 495
495 QUEUE_RECEIVE_FAILED q1
495 TASK_INCREMENT_TICK 495
496 TASK_SWITCHED_OUT SUSP_RX
496 TASK_SWITCHED_IN CNT_INC
496 TASK_PRIORITY_SET CNT_INC 1
496 MOVED_TASK_TO_READY_STATE CNT_INC
496 TASK_PRIORITY_SET CNT_INC 0
496 MOVED_TASK_TO_READY_STATE CNT_INC
496 TASK_SWITCHED_OUT CNT_INC
496 TASK_SWITCHED_IN IDLE
496 TASK_INCREMENT_TICK 496
497 TASK_SWITCHED_OUT IDLE
497 TASK_SWITCHED_IN CNT_INC
497 TASK_PRIORITY_SET CNT_INC 1
497 MOVED_TASK_TO_READY_STATE CNT_INC
497 TASK_PRIORITY_SET CNT_INC 0
497 MOVED_TASK_TO_READY_STATE CNT_INC
497 TASK_SWITCHED_OUT CNT_INC
497 TASK_SWITCHED_IN SUSP_RX
497 QUEUE_RECEIVE_FAILED q1
497 QUEUE_RECEIVE_FAILED q1
497 TASK_INCREMENT_TICK 497
497 TASK_INCREMENT_TICK 497
498 TASK_SWITCHED_OUT SUSP_RX
498 TASK_SWITCHED_IN IDLE
498 TASK_SWITCHED_OUT IDLE
498 TASK_SWITCHED_IN CNT_INC
498 TASK_PRIORITY_SET CNT_INC 1
498 MOVED_TASK_TO_READY_STATE CNT_INC
498 TASK_PRIORITY_SET CNT_INC 0
498 MOVED_TASK_TO_READY_STATE CNT_INC
498 TASK_SWITCHED_OUT CNT_INC
498 TASK_SWITCHED_IN SUSP_RX
498 QUEUE_RECEIVE_FAILED q1
498 QUEUE_RECEIVE_FAILED q1
498 QUEUE_RECEIVE_FAILED q1
498 TASK_INCREMENT_TICK 498
498 QUEUE_RECEIVE_FAILED q1
498 TASK_INCREMENT_TICK 498
499 TASK_SWITCHED_OUT SUSP_RX
499 TASK_SWITCHED_IN CNT_INC
499 TASK_PRIORITY_SET CNT_INC 1
499 MOVED_TASK_TO_READY_STATE CNT_INC
499 TASK_PRIORITY_SET CNT_INC 0
499 MOVED_TASK_TO_READY_STATE CNT_INC
499 TASK_SWITCHED_OUT CNT_INC
499 TASK_SWITCHED_IN IDLE
499 TASK_INCREMENT_TICK 499
500 MOVED_TASK_TO_READY_STATE CHECK
500 TASK_SWITCHED_OUT IDLE
500 TASK_SWITCHED_IN CHECK
500 TASK_DELAY CHECK 100
500 MOVED_TASK_TO_DELAYED_LIST CHECK
500 TASK_SWITCHED_OUT CHECK
500 TASK_SWITCHED_IN CNT_INC
500 TASK_PRIORITY_SET CNT_INC 1
500 MOVED_TASK_TO_READY_STATE CNT_INC
500 TASK_PRIORITY_SET CNT_INC 0
500 MOVED_TASK_TO_READY_STATE CNT_INC
500 TASK_SWITCHED_OUT CNT_INC
500 TASK_SWITCHED_IN SUSP_RX
500 QUEUE_RECEIVE_FAILED q1
500 TASK_INCREMENT_TICK 500
501 TASK_SWITCHED_OUT SUSP_RX
501 TASK_SWITCHED_IN IDLE
501 TASK_SWITCHED_OUT IDLE
501 TASK_SWITCHED_IN CNT_INC
501 TASK_PRIORITY_SET CNT_INC 1
501 MOVED_TASK_TO_READY_STATE CNT_INC
501 TASK_PRIORITY_SET CNT_INC 0
501 MOVED_TASK_TO_READY_STATE CNT_INC
501 TASK_SWITCHED_OUT CNT_INC
501 TASK_SWITCHED_IN SUSP_RX
501 QUEUE_RECEIVE_FAILED q1
501 QUEUE_RECEIVE_FAILED q1
501 QUEUE_RECEIVE_FAILED q1
501 QUEUE_RECEIVE_FAILED q1
501 TASK_INCREMENT_TICK 501
501 TASK_INCREMENT_TICK 501
502 TASK_SWITCHED_OUT SUSP_RX
502 TASK_SWITCHED_IN CNT_INC
502 TASK_PRIORITY_SET CNT_INC 1
502 MOVED_TASK_TO_READY_STATE CNT_INC
502 TASK_PRIORITY_SET CNT_INC 0
502 MOVED_TASK_TO_READY_STATE CNT_INC
502 TASK_SWITCHED_OUT CNT_INC
502 TASK_SWITCHED_IN IDLE
502 TASK_INCREMENT_TICK 502
503 TASK_SWITCHED_OUT IDLE
503 TASK_SWITCHED_IN CNT_INC
503 TASK_PRIORITY_SET CNT_INC 1
503 MOVED_TASK_TO_READY_STATE CNT_INC
503 TASK_PRIORITY_SET CNT_INC 0
503 MOVED_TASK_TO_READY_STATE CNT_INC
503 TASK_SWITCHED_OUT CNT_INC
503 TASK_SWITCHED_IN SUSP_RX
503 QUEUE_RECEIVE_FAILED q1
503 QUEUE_RECEIVE_FAILED q1
503 TASK_INCREMENT_TICK 503
504 TASK_SWITCHED_OUT SUSP_RX
504 TASK_SWITCHED_IN IDLE
504 TASK_SWITCHED_OUT IDLE
504 TASK_SWITCHED_IN CNT_INC
504 TASK_PRIORITY_SET CNT_INC 1
504 MOVED_TASK_TO_READY_STATE CNT_INC
504 TASK_PRIORITY_SET CNT_INC 0
504 MOVED_TASK_TO_READY_STATE CNT_INC
504 TASK_SWITCHED_OUT CNT_INC
504 TASK_SWITCHED_IN SUSP_RX
504 QUEUE_RECEIVE_FAILED q1
504 QUEUE_RECEIVE_FAILED q1
504 QUEUE_RECEIVE_FAILED q1
504 QUEUE_RECEIVE_FAILED q1
504 TASK_INCREMENT_TICK 504
504 TASK_INCREMENT_TICK 504
505 TASK_SWITCHED_OUT SUSP_RX
505 TASK_SWITCHED_IN CNT_INC
505 TASK_PRIORITY_SET CNT_INC 1
505 MOVED_TASK_TO_READY_STATE CNT_INC
505 TASK_PRIORITY_SET CNT_INC 0
505 MOVED_TASK_TO_READY_STATE CNT_INC
505 TASK_SWITCHED_OUT CNT_INC
505 TASK_SWITCHED_IN IDLE
505 TASK_INCREMENT_TICK 505
506 TASK_SWITCHED_OUT IDLE
506 TASK_SWITCHED_IN CNT_INC
506 TASK_PRIORITY_SET CNT_INC 1
506 MOVED_TASK_TO_READY_STATE CNT_INC
506 TASK_PRIORITY_SET CNT_INC 0
506 MOVED_TASK_TO_READY_STATE CNT_INC
506 TASK_SWITCHED_OUT CNT_INC
506 TASK_SWITCHED_IN SUSP_RX
506 QUEUE_RECEIVE_FAILED q1
506 QUEUE_RECEIVE_FAILED q1
506 TASK_INCREMENT_TICK 506
507 TASK_SWITCHED_OUT SUSP_RX
507 TASK_SWITCHED_IN IDLE
507 TASK_SWITCHED_OUT IDLE
507 TASK_SWITCHED_IN CNT_INC
507 TASK_PRIORITY_SET CNT_INC 1
507 MOVED_TASK_TO_READY_STATE CNT_INC
507 TASK_PRIORITY_SET CNT_INC 0
507 MOVED_TASK_TO_READY_STATE CNT_INC
507 TASK_SWITCHED_OUT CNT_INC
507 TASK_SWITCHED_IN SUSP_RX
507 QUEUE_RECEIVE_FAILED q1
507 QUEUE_RECEIVE_FAILED q1
507 QUEUE_RECEIVE_FAILED q1
507 QUEUE_RECEIVE_FAILED q1
507 TASK_INCREMENT_TICK 507
507 TASK_INCREMENT_TICK 507
508 TASK_SWITCHED_OUT SUSP_RX
508 TASK_SWITCHED_IN CNT_INC
508 TASK_PRIORITY_SET CNT_INC 1
508 MOVED_TASK_TO_READY_STATE CNT_INC
508 TASK_PRIORITY_SET CNT_INC 0
508 MOVED_TASK_TO_READY_STATE CNT_INC
508 TASK_SWITCHED_OUT CNT_INC
508 TASK_SWITCHED_IN IDLE
508 TASK_INCREMENT_TICK 508
509 TASK_SWITCHED_OUT IDLE
509 TASK_SWITCHED_IN CNT_INC
509 TASK_PRIORITY_SET CNT_INC 1
509 MOVED_TASK_TO_READY_STATE CNT_INC
509 TASK_PRIORITY_SET CNT_INC 0
509 MOVED_TASK_TO_READY_STATE CNT_INC
509 TASK_SWITCHED_OUT CNT_INC
509 TASK_SWITCHED_IN SUSP_RX
509 QUEUE_RECEIVE_FAILED q1
509 QUEUE_RECEIVE_FAILED q1
509 TASK_INCREMENT_TICK 509
510 TASK_SWITCHED_OUT SUSP_RX
510 TASK_SWITCHED_IN IDLE
510 TASK_SWITCHED_OUT IDLE
510 TASK_SWITCHED_IN CNT_INC
510 TASK_PRIORITY_SET CNT_INC 1
510 MOVED_TASK_TO_READY_STATE CNT_INC
510 TASK_PRIORITY_SET CNT_INC 0
510 MOVED_TASK_TO_READY_STATE CNT_INC
510 TASK_SWITCHED_OUT CNT_INC
510 TASK_SWITCHED_IN SUSP_RX
510 QUEUE_RECEIVE_FAILED q1
510 QUEUE_RECEIVE_FAILED q1
510 QUEUE_RECEIVE_FAILED q1
510 QUEUE_RECEIVE_FAILED q1
510 TASK_INCREMENT_TICK 510
510 TASK_INCREMENT_TICK 510
511 TASK_SWITCHED_OUT SUSP_RX
511 TASK_SWITCHED_IN CNT_INC
511 TASK_PRIORITY_SET CNT_INC 1
511 MOVED_TASK_TO_READY_STATE CNT_INC
511 TASK_PRIORITY_SET CNT_INC 0
511 MOVED_TASK_TO_READY_STATE CNT_INC
511 TASK_SWITCHED_OUT CNT_INC
511 TASK_SWITCHED_IN IDLE
511 TASK_INCREMENT_TICK 511
512 TASK_SWITCHED_OUT IDLE
512 TASK_SWITCHED_IN CNT_INC
512 TASK_PRIORITY_SET CNT_INC 1
512 MOVED_TASK_TO_READY_STATE CNT_INC
512 TASK_PRIORITY_SET CNT_INC 0
512 MOVED_TASK_TO_READY_STATE CNT_INC
512 TASK_SWITCHED_OUT CNT_INC
512 TASK_SWITCHED_IN SUSP_RX
512 QUEUE_RECEIVE_FAILED q1
512 QUEUE_RECEIVE_FAILED q1
512 TASK_INCREMENT_TICK 512
513 TASK_SWITCHED_OUT SUSP_RX
513 TASK_SWITCHED_IN IDLE
513 TASK_SWITCHED_OUT IDLE
513 TASK_SWITCHED_IN CNT_INC
513 TASK_PRIORITY_SET CNT_INC 1
513 MOVED_TASK_TO_READY_STATE CNT_INC
513 TASK_PRIORITY_SET CNT_INC 0
513 MOVED_TASK_TO_READY_STATE CNT_INC
513 TASK_SWITCHED_OUT CNT_INC
513 TASK_SWITCHED_IN SUSP_RX
513 QUEUE_RECEIVE_FAILED q1
513 QUEUE_RECEIVE_FAILED q1
513 QUEUE_RECEIVE_FAILED q1
513 QUEUE_RECEIVE_FAILED q1
513 TASK_INCREMENT_TICK 513
513 TASK_INCREMENT_TICK 513
514 TASK_SWITCHED_OUT SUSP_RX
514 TASK_SWITCHED_IN CNT_INC
514 TASK_PRIORITY_SET CNT_INC 1
514 MOVED_TASK_TO_READY_STATE CNT_INC
514 TASK_PRIORITY_SET CNT_INC 0
514 MOVED_TASK_TO_READY_STATE CNT_INC
514 TASK_SWITCHED_OUT CNT_INC
514 TASK_SWITCHED_IN IDLE
514 TASK_INCREMENT_TICK 514
515 MOVED_TASK_TO_READY_STATE C_CTRL
515 TASK_SWITCHED_OUT IDLE
515 TASK_SWITCHED_IN CNT_INC
515 TASK_PRIORITY_SET CNT_INC 1
515 MOVED_TASK_TO_READY_STATE CNT_INC
515 TASK_PRIORITY_SET CNT_INC 0
515 MOVED_TASK_TO_READY_STATE CNT_INC
515 TASK_SWITCHED_OUT CNT_INC
515 TASK_SWITCHED_IN SUSP_RX
515 QUEUE_RECEIVE_FAILED q1
515 QUEUE_RECEIVE_FAILED q1
515 TASK_INCREMENT_TICK 515
516 TASK_SWITCHED_OUT SUSP_RX
516 TASK_SWITCHED_IN C_CTRL
516 TASK_SUSPEND CNT_INC
516 TASK_RESUME CNT_INC
516 MOVED_TASK_TO_READY_STATE CNT_INC
516 TASK_DELAY C_CTRL 128
516 MOVED_TASK_TO_DELAYED_LIST C_CTRL
516 TASK_SWITCHED_OUT C_CTRL
516 TASK_SWITCHED_IN IDLE
516 TASK_SWITCHED_OUT IDLE
516 TASK_SWITCHED_IN SUSP_RX
516 QUEUE_RECEIVE_FAILED q1
516 QUEUE_RECEIVE_FAILED q1
516 TASK_INCREMENT_TICK 516
516 QUEUE_RECEIVE_FAILED q1
516 TASK_INCREMENT_TICK 516
517 TASK_SWITCHED_OUT SUSP_RX
517 TASK_SWITCHED_IN CNT_INC
517 TASK_PRIORITY_SET CNT_INC 1
517 MOVED_TASK_TO_READY_STATE CNT_INC
517 TASK_PRIORITY_SET CNT_INC 0
517 MOVED_TASK_TO_READY_STATE CNT_INC
517 TASK_SWITCHED_OUT CNT_INC
517 TASK_SWITCHED_IN IDLE
517 TASK_INCREMENT_TICK 517
518 MOVED_TASK_TO_READY_STATE SUSP_TX
518 TASK_SWITCHED_OUT IDLE
518 TASK_SWITCHED_IN CNT_INC
518 TASK_PRIORITY_SET CNT_INC 1
518 MOVED_TASK_TO_READY_STATE CNT_INC
518 TASK_PRIORITY_SET CNT_INC 0
518 MOVED_TASK_TO_READY_STATE CNT_INC
518 TASK_SWITCHED_OUT CNT_INC
518 TASK_SWITCHED_IN SUSP_RX
518 QUEUE_RECEIVE_FAILED q1
518 QUEUE_RECEIVE_FAILED q1
518 TASK_INCREMENT_TICK 518
518 TASK_INCREMENT_TICK 518
519 TASK_SWITCHED_OUT SUSP_RX
519 TASK_SWITCHED_IN SUSP_TX
519 QUEUE_SEND q1
519 TASK_DELAY SUSP_TX 128
519 MOVED_TASK_TO_DELAYED_LIST SUSP_TX
519 TASK_SWITCHED_OUT SUSP_TX
519 TASK_SWITCHED_IN IDLE
519 TASK_SWITCHED_OUT IDLE
519 TASK_SWITCHED_IN CNT_INC
519 TASK_PRIORITY_SET CNT_INC 1
519 MOVED_TASK_TO_READY_STATE CNT_INC
519 TASK_PRIORITY_SET CNT_INC 0
519 MOVED_TASK_TO_READY_STATE CNT_INC
519 TASK_SWITCHED_OUT CNT_INC
519 TASK_SWITCHED_IN SUSP_RX
519 QUEUE_RECEIVE q1
519 QUEUE_RECEIVE_FAILED q1
519 TASK_INCREMENT_TICK 519
520 TASK_SWITCHED_OUT SUSP_RX
520 TASK_SWITCHED_IN CNT_INC
520 TASK_PRIORITY_SET CNT_INC 1
520 MOVED_TASK_TO_READY_STATE CNT_INC
520 TASK_PRIORITY_SET CNT_INC 0
520 MOVED_TASK_TO_READY_STATE CNT_INC
520 TASK_SWITCHED_OUT CNT_INC
520 TASK_SWITCHED_IN IDLE
520 TASK_INCREMENT_TICK 520
521 TASK_SWITCHED_OUT IDLE
521 TASK_SWITCHED_IN CNT_INC
521 TASK_PRIORITY_SET CNT_INC 1
521 MOVED_TASK_TO_READY_STATE CNT_INC
521 TASK_PRIORITY_SET CNT_INC 0
521 MOVED_TASK_TO_READY_STATE CNT_INC
521 TASK_SWITCHED_OUT CNT_INC
521 TASK_SWITCHED_IN SUSP_RX
521 QUEUE_RECEIVE_FAILED q1
521 QUEUE_RECEIVE_FAILED q1
521 TASK_INCREMENT_TICK 521
521 QUEUE_RECEIVE_FAILED q1
521 TASK_INCREMENT_TICK 521
522 TASK_SWITCHED_OUT SUSP_RX
522 TASK_SWITCHED_IN IDLE
522 TASK_SWITCHED_OUT IDLE
522 TASK_SWITCHED_IN CNT_INC
522 TASK_PRIORITY_SET CNT_INC 1
522 MOVED_TASK_TO_READY_STATE CNT_INC
522 TASK_PRIORITY_SET CNT_INC 0
522 MOVED_TASK_TO_READY_STATE CNT_INC
522 TASK_SWITCHED_OUT CNT_INC
522 TASK_SWITCHED_IN SUSP_RX
522 QUEUE_RECEIVE_FAILED q1
522 QUEUE_RECEIVE_FAILED q1
522 QUEUE_RECEIVE_FAILED q1
522 TASK_INCREMENT_TICK 522
523 TASK_SWITCHED_OUT SUSP_RX
523 TASK_SWITCHED_IN CNT_INC
523 TASK_PRIORITY_SET CNT_INC 1
523 MOVED_TASK_TO_READY_STATE CNT_INC
523 TASK_PRIORITY_SET CNT_INC 0
523 MOVED_TASK_TO_READY_STATE CNT_INC
523 TASK_SWITCHED_OUT CNT_INC
523 TASK_SWITCHED_IN IDLE
523 TASK_INCREMENT_TICK 523
524 TASK_SWITCHED_OUT IDLE
524 TASK_SWITCHED_IN CNT_INC
524 TASK_PRIORITY_SET CNT_INC 1
524 MOVED_TASK_TO_READY_STATE CNT_INC
524 TASK_PRIORITY_SET CNT_INC 0
524 MOVED_TASK_TO_READY_STATE CNT_INC
524 TASK_SWITCHED_OUT CNT_INC
524 TASK_SWITCHED_IN SUSP_RX
524 QUEUE_RECEIVE_FAILED q1
524 QUEUE_RECEIVE_FAILED q1
524 TASK_INCREMENT_TICK 524
524 QUEUE_RECEIVE_FAILED q1
524 TASK_INCREMENT_TICK 524
525 TASK_SWITCHED_OUT SUSP_RX
525 TASK_SWITCHED_IN IDLE
525 TASK_SWITCHED_OUT IDLE
525 TASK_SWITCHED_IN CNT_INC
525 TASK_PRIORITY_SET CNT_INC 1
525 MOVED_TASK_TO_READY_STATE CNT_INC
525 TASK_PRIORITY_SET CNT_INC 0
525 MOVED_TASK_TO_READY_STATE CNT_INC
525 TASK_SWITCHED_OUT CNT_INC
525 TASK_SWITCHED_IN SUSP_RX
525 QUEUE_RECEIVE_FAILED q1
525 QUEUE_RECEIVE_FAILED q1
525 QUEUE_RECEIVE_FAILED q1
525 TASK_INCREMENT_TICK 525
526 TASK_SWITCHED_OUT SUSP_RX
526 TASK_SWITCHED_IN CNT_INC
526 TASK_PRIORITY_SET CNT_INC 1
526 MOVED_TASK_TO_READY_STATE CNT_INC
526 TASK_PRIORITY_SET CNT_INC 0
526 MOVED_TASK_TO_READY_STATE CNT_INC
526 TASK_SWITCHED_OUT CNT_INC
526 TASK_SWITCHED_IN IDLE
526 TASK_INCREMENT_TICK 526
527 TASK_SWITCHED_OUT IDLE
527 TASK_SWITCHED_IN CNT_INC
527 TASK_PRIORITY_SET CNT_INC 1
527 MOVED_TASK_TO_READY_STATE CNT_INC
527 TASK_PRIORITY_SET CNT_INC 0
527 MOVED_TASK_TO_READY_STATE CNT_INC
527 TASK_SWITCHED_OUT CNT_INC
527 TASK_SWITCHED_IN SUSP_RX
527 QUEUE_RECEIVE_FAILED q1
527 QUEUE_RECEIVE_FAILED q1
527 TASK_INCREMENT_TICK 527
527 QUEUE_RECEIVE_FAILED q1
527 TASK_INCREMENT_TICK 527
528 TASK_SWITCHED_OUT SUSP_RX
528 TASK_SWITCHED_IN IDLE
528 TASK_SWITCHED_OUT IDLE
528 TASK_SWITCHED_IN CNT_INC
528 TASK_PRIORITY_SET CNT_INC 1
528 MOVED_TASK_TO_READY_STATE CNT_INC
528 TASK_PRIORITY_SET CNT_INC 0
528 MOVED_TASK_TO_READY_STATE CNT_INC
528 TASK_SWITCHED_OUT CNT_INC
528 TASK_SWITCHED_IN SUSP_RX
528 QUEUE_RECEIVE_FAILED q1
528 QUEUE_RECEIVE_FAILED q1
528 QUEUE_RECEIVE_FAILED q1
528 TASK_INCREMENT_TICK 528
529 TASK_SWITCHED_OUT SUSP_RX
529 TASK_SWITCHED_IN CNT_INC
529 TASK_PRIORITY_SET CNT_INC 1
529 MOVED_TASK_TO_READY_STATE CNT_INC
529 TASK_PRIORITY_SET CNT_INC 0
529 MOVED_TASK_TO_READY_STATE CNT_INC
529 TASK_SWITCHED_OUT CNT_INC
529 TASK_SWITCHED_IN IDLE
529 TASK_INCREMENT_TICK 529
530 TASK_SWITCHED_OUT IDLE
530 TASK_SWITCHED_IN CNT_INC
530 TASK_PRIORITY_SET CNT_INC 1
530 MOVED_TASK_TO_READY_STATE CNT_INC
530 TASK_PRIORITY_SET CNT_INC 0
530 MOVED_TASK_TO_READY_STATE CNT_INC
530 TASK_SWITCHED_OUT CNT_INC
530 TASK_SWITCHED_IN SUSP_RX
530 QUEUE_RECEIVE_FAILED q1
530 QUEUE_RECEIVE_FAILED q1
530 TASK_INCREMENT_TICK 530
530 QUEUE_RECEIVE_FAILED q1
530 TASK_INCREMENT_TICK 530
531 TASK_SWITCHED_OUT SUSP_RX
531 TASK_SWITCHED_IN IDLE
531 TASK_SWITCHED_OUT IDLE
531 TASK_SWITCHED_IN CNT_INC
531 TASK_PRIORITY_SET CNT_INC 1
531 MOVED_TASK_TO_READY_STATE CNT_INC
531 TASK_PRIORITY_SET CNT_INC 0
531 MOVED_TASK_TO_READY_STATE CNT_INC
531 TASK_SWITCHED_OUT CNT_INC
531 TASK_SWITCHED_IN SUSP_RX
531 QUEUE_RECEIVE_FAILED q1
531 QUEUE_RECEIVE_FAILED q1
531 QUEUE_RECEIVE_FAILED q1
531 TASK_INCREMENT_TICK 531
532 TASK_SWITCHED_OUT SUSP_RX
532 TASK_SWITCHED_IN CNT_INC
532 TASK_PRIORITY_SET CNT_INC 1
532 MOVED_TASK_TO_READY_STATE CNT_INC
532 TASK_PRIORITY_SET CNT_INC 0
532 MOVED_TASK_TO_READY_STATE CNT_INC
532 TASK_SWITCHED_OUT CNT_INC
532 TASK_SWITCHED_IN IDLE
532 TASK_INCREMENT_TICK 532
533 TASK_SWITCHED_OUT IDLE
533 TASK_SWITCHED_IN CNT_INC
533 TASK_PRIORITY_SET CNT_INC 1
533 MOVED_TASK_TO_READY_STATE CNT_INC
533 TASK_PRIORITY_SET CNT_INC 0
533 MOVED_TASK_TO_READY_STATE CNT_INC
533 TASK_SWITCHED_OUT CNT_INC
533 TASK_SWITCHED_IN SUSP_RX
533 QUEUE_RECEIVE_FAILED q1
533 QUEUE_RECEIVE_FAILED q1
533 TASK_INCREMENT_TICK 533
533 QUEUE_RECEIVE_FAILED q1
533 TASK_INCREMENT_TICK 533
534 TASK_SWITCHED_OUT SUSP_RX
534 TASK_SWITCHED_IN IDLE
534 TASK_SWITCHED_OUT IDLE
534 TASK_SWITCHED_IN CNT_INC
534 TASK_PRIORITY_SET CNT_INC 1
534 MOVED_TASK_TO_READY_STATE CNT_INC
534 TASK_PRIORITY_SET CNT_INC 0
534 MOVED_TASK_TO_READY_STATE CNT_INC
534 TASK_SWITCHED_OUT CNT_INC
534 TASK_SWITCHED_IN SUSP_RX
534 QUEUE_RECEIVE_FAILED q1
534 QUEUE_RECEIVE_FAILED q1
534 QUEUE_RECEIVE_FAILED q1
534 TASK_INCREMENT_TICK 534
535 TASK_SWITCHED_OUT SUSP_RX
535 TASK_SWITCHED_IN CNT_INC
535 TASK_PRIORITY_SET CNT_INC 1
535 MOVED_TASK_TO_READY_STATE CNT_INC
535 TASK_PRIORITY_SET CNT_INC 0
535 MOVED_TASK_TO_READY_STATE CNT_INC
535 TASK_SWITCHED_OUT CNT_INC
535 TASK_SWITCHED_IN IDLE
535 TASK_INCREMENT_TICK 535
536 TASK_SWITCHED_OUT IDLE
536 TASK_SWITCHED_IN CNT_INC
536 TASK_PRIORITY_SET CNT_INC 1
536 MOVED_TASK_TO_READY_STATE CNT_INC
536 TASK_PRIORITY_SET CNT_INC 0
536 MOVED_TASK_TO_READY_STATE CNT_INC
536 TASK_SWITCHED_OUT CNT_INC
536 TASK_SWITCHED_IN SUSP_RX
536 QUEUE_RECEIVE_FAILED q1
536 QUEUE_RECEIVE_FAILED q1
536 TASK_INCREMENT_TICK 536
536 QUEUE_RECEIVE_FAILED q1
536 TASK_INCREMENT_TICK 536
537 TASK_SWITCHED_OUT SUSP_RX
537 TASK_SWITCHED_IN IDLE
537 TASK_SWITCHED_OUT IDLE
537 TASK_SWITCHED_IN CNT_INC
537 TASK_PRIORITY_SET CNT_INC 1
537 MOVED_TASK_TO_READY_STATE CNT_INC
537 TASK_PRIORITY_SET CNT_INC 0
537 MOVED_TASK_TO_READY_STATE CNT_INC
537 TASK_SWITCHED_OUT CNT_INC
537 TASK_SWITCHED_IN SUSP_RX
537 QUEUE_RECEIVE_FAILED q1
537 QUEUE_RECEIVE_FAILED q1
537 QUEUE_RECEIVE_FAILED q1
537 TASK_INCREMENT_TICK 537
538 TASK_SWITCHED_OUT SUSP_RX
538 TASK_SWITCHED_IN CNT_INC
538 TASK_PRIORITY_SET CNT_INC 1
538 MOVED_TASK_TO_READY_STATE CNT_INC
538 TASK_PRIORITY_SET CNT_INC 0
538 MOVED_TASK_TO_READY_STATE CNT_INC
538 TASK_SWITCHED_OUT CNT_INC
538 TASK_SWITCHED_IN IDLE
538 TASK_INCREMENT_TICK 538
539 TASK_SWITCHED_OUT IDLE
539 TASK_SWITCHED_IN CNT_INC
539 TASK_PRIORITY_SET CNT_INC 1
539 MOVED_TASK_TO_READY_STATE CNT_INC
539 TASK_PRIORITY_SET CNT_INC 0
539 MOVED_TASK_TO_READY_STATE CNT_INC
539 TASK_SWITCHED_OUT CNT_INC
539 TASK_SWITCHED_IN SUSP_RX
539 QUEUE_RECEIVE_FAILED q1
539 QUEUE_RECEIVE_FAILED q1
539 TASK_INCREMENT_TICK 539
539 QUEUE_RECEIVE_FAILED q1
539 TASK_INCREMENT_TICK 539
540 TASK_SWITCHED_OUT SUSP_RX
540 TASK_SWITCHED_IN IDLE
540 TASK_SWITCHED_OUT IDLE
540 TASK_SWITCHED_IN CNT_INC
540 TASK_PRIORITY_SET CNT_INC 1
540 MOVED_TASK_TO_READY_STATE CNT_INC
540 TASK_PRIORITY_SET CNT_INC 0
540 MOVED_TASK_TO_READY_STATE CNT_INC
540 TASK_SWITCHED_OUT CNT_INC
540 TASK_SWITCHED_IN SUSP_RX
540 QUEUE_RECEIVE_FAILED q1
540 QUEUE_RECEIVE_FAILED q1
540 QUEUE_RECEIVE_FAILED q1
540 TASK_INCREMENT_TICK 540
541 TASK_SWITCHED_OUT SUSP_RX
541 TASK_SWITCHED_IN CNT_INC
541 TASK_PRIORITY_SET CNT_INC 1
541 MOVED_TASK_TO_READY_STATE CNT_INC
541 TASK_PRIORITY_SET CNT_INC 0
541 MOVED_TASK_TO_READY_STATE CNT_INC
541 TASK_SWITCHED_OUT CNT_INC
541 TASK_SWITCHED_IN IDLE
541 TASK_INCREMENT_TICK 541
542 TASK_SWITCHED_OUT IDLE
542 TASK_SWITCHED_IN CNT_INC
542 TASK_PRIORITY_SET CNT_INC 1
542 MOVED_TASK_TO_READY_STATE CNT_INC
542 TASK_PRIORITY_SET CNT_INC 0
542 MOVED_TASK_TO_READY_STATE CNT_INC
542 TASK_SWITCHED_OUT CNT_INC
542 TASK_SWITCHED_IN SUSP_RX
542 QUEUE_RECEIVE_FAILED q1
542 QUEUE_RECEIVE_FAILED q1
542 TASK_INCREMENT_TICK 542
542 QUEUE_RECEIVE_FAILED q1
542 TASK_INCREMENT_TICK 542
543 TASK_SWITCHED_OUT SUSP_RX
543 TASK_SWITCHED_IN IDLE
543 TASK_SWITCHED_OUT IDLE
543 TASK_SWITCHED_IN CNT_INC
543 TASK_PRIORITY_SET CNT_INC 1
543 MOVED_TASK_TO_READY_STATE CNT_INC
543 TASK_PRIORITY_SET CNT_INC 0
543 MOVED_TASK_TO_READY_STATE CNT_INC
543 TASK_SWITCHED_OUT CNT_INC
543 TASK_SWITCHED_IN SUSP_RX
543 QUEUE_RECEIVE_FAILED q1
543 QUEUE_RECEIVE_FAILED q1
543 QUEUE_RECEIVE_FAILED q1
543 TASK_INCREMENT_TICK 543
544 TASK_SWITCHED_OUT SUSP_RX
544 TASK_SWITCHED_IN CNT_INC
544 TASK_PRIORITY_SET CNT_INC 1
544 MOVED_TASK_TO_READY_STATE CNT_INC
544 TASK_PRIORITY_SET CNT_INC 0
544 MOVED_TASK_TO_READY_STATE CNT_INC
544 TASK_SWITCHED_OUT CNT_INC
544 TASK_SWITCHED_IN IDLE
544 TASK_INCREMENT_TICK 544
545 TASK_SWITCHED_OUT IDLE
545 TASK_SWITCHED_IN CNT_INC
545 TASK_PRIORITY_SET CNT_INC 1
545 MOVED_TASK_TO_READY_STATE CNT_INC
545 TASK_PRIORITY_SET CNT_INC 0
545 MOVED_TASK_TO_READY_STATE CNT_INC
545 TASK_SWITCHED_OUT CNT_INC
545 TASK_SWITCHED_IN SUSP_RX
545 QUEUE_RECEIVE_FAILED q1
545 QUEUE_RECEIVE_FAILED q1
545 TASK_INCREMENT_TICK 545
545 QUEUE_RECEIVE_FAILED q1
545 TASK_INCREMENT_TICK 545
546 TASK_SWITCHED_OUT SUSP_RX
546 TASK_SWITCHED_IN IDLE
546 TASK_SWITCHED_OUT IDLE
546 TASK_SWITCHED_IN CNT_INC
546 TASK_PRIORITY_SET CNT_INC 1
546 MOVED_TASK_TO_READY_STATE CNT_INC
546 TASK_PRIORITY_SET CNT_INC 0
546 MOVED_TASK_TO_READY_STATE CNT_INC
546 TASK_SWITCHED_OUT CNT_INC
546 TASK_SWITCHED_IN SUSP_RX
546 QUEUE_RECEIVE_FAILED q1
546 QUEUE_RECEIVE_FAILED q1
546 QUEUE_RECEIVE_FAILED q1
546 TASK_INCREMENT_TICK 546
547 TASK_SWITCHED_OUT SUSP_RX
547 TASK_SWITCHED_IN CNT_INC
547 TASK_PRIORITY_SET CNT_INC 1
547 MOVED_TASK_TO_READY_STATE CNT_INC
547 TASK_PRIORITY_SET CNT_INC 0
547 MOVED_TASK_TO_READY_STATE CNT_INC
547 TASK_SWITCHED_OUT CNT_INC
547 TASK_SWITCHED_IN IDLE
547 TASK_INCREMENT_TICK 547
548 TASK_SWITCHED_OUT IDLE
548 TASK_SWITCHED_IN CNT_INC
548 TASK_PRIORITY_SET CNT_INC 1
548 MOVED_TASK_TO_READY_STATE CNT_INC
548 TASK_PRIORITY_SET CNT_INC 0
548 MOVED_TASK_TO_READY_STATE CNT_INC
548 TASK_SWITCHED_OUT CNT_INC
548 TASK_SWITCHED_IN SUSP_RX
548 QUEUE_RECEIVE_FAILED q1
548 QUEUE_RECEIVE_FAILED q1
548 TASK_INCREMENT_TICK 548
548 QUEUE_RECEIVE_FAILED q1
548 TASK_INCREMENT_TICK 548
549 TASK_SWITCHED_OUT SUSP_RX
549 TASK_SWITCHED_IN IDLE
549 TASK_SWITCHED_OUT IDLE
549 TASK_SWITCHED_IN CNT_INC
549 TASK_PRIORITY_SET CNT_INC 1
549 MOVED_TASK_TO_READY_STATE CNT_INC
549 TASK_PRIORITY_SET CNT_INC 0
549 MOVED_TASK_TO_READY_STATE CNT_INC
549 TASK_SWITCHED_OUT CNT_INC
549 TASK_SWITCHED_IN SUSP_RX
549 QUEUE_RECEIVE_FAILED q1
549 QUEUE_RECEIVE_FAILED q1
549 QUEUE_RECEIVE_FAILED q1
549 TASK_INCREMENT_TICK 549
550 TASK_SWITCHED_OUT SUSP_RX
550 TASK_SWITCHED_IN CNT_INC
550 TASK_PRIORITY_SET CNT_INC 1
550 MOVED_TASK_TO_READY_STATE CNT_INC
550 TASK_PRIORITY_SET CNT_INC 0
550 MOVED_TASK_TO_READY_STATE CNT_INC
550 TASK_SWITCHED_OUT CNT_INC
550 TASK_SWITCHED_IN IDLE
550 TASK_INCREMENT_TICK 550
551 TASK_SWITCHED_OUT IDLE
551 TASK_SWITCHED_IN CNT_INC
551 TASK_PRIORITY_SET CNT_INC 1
551 MOVED_TASK_TO_READY_STATE CNT_INC
551 TASK_PRIORITY_SET CNT_INC 0
551 MOVED_TASK_TO_READY_STATE CNT_INC
551 TASK_SWITCHED_OUT CNT_INC
551 TASK_SWITCHED_IN SUSP_RX
551 QUEUE_RECEIVE_FAILED q1
551 QUEUE_RECEIVE_FAILED q1
551 TASK_INCREMENT_TICK 551
551 QUEUE_RECEIVE_FAILED q1
551 TASK_INCREMENT_TICK 551
552 TASK_SWITCHED_OUT SUSP_RX
552 TASK_SWITCHED_IN IDLE
552 TASK_SWITCHED_OUT IDLE
552 TASK_SWITCHED_IN CNT_INC
552 TASK_PRIORITY_SET CNT_INC 1
552 MOVED_TASK_TO_READY_STATE CNT_INC
552 TASK_PRIORITY_SET CNT_INC 0
552 MOVED_TASK_TO_READY_STATE CNT_INC
552 TASK_SWITCHED_OUT CNT_INC
552 TASK_SWITCHED_IN SUSP_RX
552 QUEUE_RECEIVE_FAILED q1
552 QUEUE_RECEIVE_FAILED q1
552 QUEUE_RECEIVE_FAILED q1
552 TASK_INCREMENT_TICK 552
553 TASK_SWITCHED_OUT SUSP_RX
553 TASK_SWITCHED_IN CNT_INC
553 TASK_PRIORITY_SET CNT_INC 1
553 MOVED_TASK_TO_READY_STATE CNT_INC
553 TASK_PRIORITY_SET CNT_INC 0
553 MOVED_TASK_TO_READY_STATE CNT_INC
553 TASK_SWITCHED_OUT CNT_INC
553 TASK_SWITCHED_IN IDLE
553 TASK_INCREMENT_TICK 553
554 TASK_SWITCHED_OUT IDLE
554 TASK_SWITCHED_IN CNT_INC
554 TASK_PRIORITY_SET CNT_INC 1
554 MOVED_TASK_TO_READY_STATE CNT_INC
554 TASK_PRIORITY_SET CNT_INC 0
554 MOVED_TASK_TO_READY_STATE CNT_INC
554 TASK_SWITCHED_OUT CNT_INC
554 TASK_SWITCHED_IN SUSP_RX
554 QUEUE_RECEIVE_FAILED q1
554 QUEUE_RECEIVE_FAILED q1
554 TASK_INCREMENT_TICK 554
554 QUEUE_RECEIVE_FAILED q1
554 TASK_INCREMENT_TICK 554
555 TASK_SWITCHED_OUT SUSP_RX
555 TASK_SWITCHED_IN IDLE
555 TASK_SWITCHED_OUT IDLE
555 TASK_SWITCHED_IN CNT_INC
555 TASK_PRIORITY_SET CNT_INC 1
555 MOVED_TASK_TO_READY_STATE CNT_INC
555 TASK_PRIORITY_SET CNT_INC 0
555 MOVED_TASK_TO_READY_STATE CNT_INC
555 TASK_SWITCHED_OUT CNT_INC
555 TASK_SWITCHED_IN SUSP_RX
555 QUEUE_RECEIVE_FAILED q1
555 QUEUE_RECEIVE_FAILED q1
555 QUEUE_RECEIVE_FAILED q1
555 TASK_INCREMENT_TICK 555
556 TASK_SWITCHED_OUT SUSP_RX
556 TASK_SWITCHED_IN CNT_INC
556 TASK_PRIORITY_SET CNT_INC 1
556 MOVED_TASK_TO_READY_STATE CNT_INC
556 TASK_PRIORITY_SET CNT_INC 0
556 MOVED_TASK_TO_READY_STATE CNT_INC
556 TASK_SWITCHED_OUT CNT_INC
556 TASK_SWITCHED_IN IDLE
556 TASK_INCREMENT_TICK 556
557 TASK_SWITCHED_OUT IDLE
557 TASK_SWITCHED_IN CNT_INC
557 TASK_PRIORITY_SET CNT_INC 1
557 MOVED_TASK_TO_READY_STATE CNT_INC
557 TASK_PRIORITY_SET CNT_INC 0
557 MOVED_TASK_TO_READY_STATE CNT_INC
557 TASK_SWITCHED_OUT CNT_INC
557 TASK_SWITCHED_IN SUSP_RX
557 QUEUE_RECEIVE_FAILED q1
557 QUEUE_RECEIVE_FAILED q1
557 TASK_INCREMENT_TICK 557
557 QUEUE_RECEIVE_FAILED q1
557 TASK_INCREMENT_TICK 557
558 TASK_SWITCHED_OUT SUSP_RX
558 TASK_SWITCHED_IN IDLE
558 TASK_SWITCHED_OUT IDLE
558 TASK_SWITCHED_IN CNT_INC
558 TASK_PRIORITY_SET CNT_INC 1
558 MOVED_TASK_TO_READY_STATE CNT_INC
558 TASK_PRIORITY_SET CNT_INC 0
558 MOVED_TASK_TO_READY_STATE CNT_INC
558 TASK_SWITCHED_OUT CNT_INC
558 TASK_SWITCHED_IN SUSP_RX
558 QUEUE_RECEIVE_FAILED q1
558 QUEUE_RECEIVE_FAILED q1
558 QUEUE_RECEIVE_FAILED q1
558 TASK_INCREMENT_TICK 558
559 TASK_SWITCHED_OUT SUSP_RX
559 TASK_SWITCHED_IN CNT_INC
559 TASK_PRIORITY_SET CNT_INC 1
559 MOVED_TASK_TO_READY_STATE CNT_INC
559 TASK_PRIORITY_SET CNT_INC 0
559 MOVED_TASK_TO_READY_STATE CNT_INC
559 TASK_SWITCHED_OUT CNT_INC
559 TASK_SWITCHED_IN IDLE
559 TASK_INCREMENT_TICK 559
560 TASK_SWITCHED_OUT IDLE
560 TASK_SWITCHED_IN CNT_INC
560 TASK_PRIORITY_SET CNT_INC 1
560 MOVED_TASK_TO_READY_STATE CNT_INC
560 TASK_PRIORITY_SET CNT_INC 0
560 MOVED_TASK_TO_READY_STATE CNT_INC
560 TASK_SWITCHED_OUT CNT_INC
560 TASK_SWITCHED_IN SUSP_RX
560 QUEUE_RECEIVE_FAILED q1
560 QUEUE_RECEIVE_FAILED q1
560 TASK_INCREMENT_TICK 560
560 QUEUE_RECEIVE_FAILED q1
560 TASK_INCREMENT_TICK 560
561 TASK_SWITCHED_OUT SUSP_RX
561 TASK_SWITCHED_IN IDLE
561 TASK_SWITCHED_OUT IDLE
561 TASK_SWITCHED_IN CNT_INC
561 TASK_PRIORITY_SET CNT_INC 1
561 MOVED_TASK_TO_READY_STATE CNT_INC
561 TASK_PRIORITY_SET CNT_INC 0
561 MOVED_TASK_TO_READY_STATE CNT_INC
561 TASK_SWITCHED_OUT CNT_INC
561 TASK_SWITCHED_IN SUSP_RX
561 QUEUE_RECEIVE_FAILED q1
561 QUEUE_RECEIVE_FAILED q1
561 QUEUE_RECEIVE_FAILED q1
561 TASK_INCREMENT_TICK 561
562 TASK_SWITCHED_OUT SUSP_RX
562 TASK_SWITCHED_IN CNT_INC
562 TASK_PRIORITY_SET CNT_INC 1
562 MOVED_TASK_TO_READY_STATE CNT_INC
562 TASK_PRIORITY_SET CNT_INC 0
562 MOVED_TASK_TO_READY_STATE CNT_INC
562 TASK_SWITCHED_OUT CNT_INC
562 TASK_SWITCHED_IN IDLE
562 TASK_INCREMENT_TICK 562
563 TASK_SWITCHED_OUT IDLE
563 TASK_SWITCHED_IN CNT_INC
563 TASK_PRIORITY_SET CNT_INC 1
563 MOVED_TASK_TO_READY_STATE CNT_INC
563 TASK_PRIORITY_SET CNT_INC 0
563 MOVED_TASK_TO_READY_STATE CNT_INC
563 TASK_SWITCHED_OUT CNT_INC
563 TASK_SWITCHED_IN SUSP_RX
563 QUEUE_RECEIVE_FAILED q1
563 QUEUE_RECEIVE_FAILED q1
563 TASK_INCREMENT_TICK 563
563 QUEUE_RECEIVE_FAILED q1
563 TASK_INCREMENT_TICK 563
564 TASK_SWITCHED_OUT SUSP_RX
564 TASK_SWITCHED_IN IDLE
564 TASK_SWITCHED_OUT IDLE
564 TASK_SWITCHED_IN CNT_INC
564 TASK_PRIORITY_SET CNT_INC 1
564 MOVED_TASK_TO_READY_STATE CNT_INC
564 TASK_PRIORITY_SET CNT_INC 0
564 MOVED_TASK_TO_READY_STATE CNT_INC
564 TASK_SWITCHED_OUT CNT_INC
564 TASK_SWITCHED_IN SUSP_RX
564 QUEUE_RECEIVE_FAILED q1
564 QUEUE_RECEIVE_FAILED q1
564 QUEUE_RECEIVE_FAILED q1
564 TASK_INCREMENT_TICK 564
565 TASK_SWITCHED_OUT SUSP_RX
565 TASK_SWITCHED_IN CNT_INC
565 TASK_PRIORITY_SET CNT_INC 1
565 MOVED_TASK_TO_READY_STATE CNT_INC
565 TASK_PRIORITY_SET CNT_INC 0
565 MOVED_TASK_TO_READY_STATE CNT_INC
565 TASK_SWITCHED_OUT CNT_INC
565 TASK_SWITCHED_IN IDLE
565 TASK_INCREMENT_TICK 565
566 TASK_SWITCHED_OUT IDLE
566 TASK_SWITCHED_IN CNT_INC
566 TASK_PRIORITY_SET CNT_INC 1
566 MOVED_TASK_TO_READY_STATE CNT_INC
566 TASK_PRIORITY_SET CNT_INC 0
566 MOVED_TASK_TO_READY_STATE CNT_INC
566 TASK_SWITCHED_OUT CNT_INC
566 TASK_SWITCHED_IN SUSP_RX
566 QUEUE_RECEIVE_FAILED q1
566 QUEUE_RECEIVE_FAILED q1
566 TASK_INCREMENT_TICK 566
566 QUEUE_RECEIVE_FAILED q1
566 TASK_INCREMENT_TICK 566
567 TASK_SWITCHED_OUT SUSP_RX
567 TASK_SWITCHED_IN IDLE
567 TASK_SWITCHED_OUT IDLE
567 TASK_SWITCHED_IN CNT_INC
567 TASK_PRIORITY_SET CNT_INC 1
567 MOVED_TASK_TO_READY_STATE CNT_INC
567 TASK_PRIORITY_SET CNT_INC 0
567 MOVED_TASK_TO_READY_STATE CNT_INC
567 TASK_SWITCHED_OUT CNT_INC
567 TASK_SWITCHED_IN SUSP_RX
567 QUEUE_RECEIVE_FAILED q1
567 QUEUE_RECEIVE_FAILED q1
567 QUEUE_RECEIVE_FAILED q1
567 TASK_INCREMENT_TICK 567
568 TASK_SWITCHED_OUT SUSP_RX
568 TASK_SWITCHED_IN CNT_INC
568 TASK_PRIORITY_SET CNT_INC 1
568 MOVED_TASK_TO_READY_STATE CNT_INC
568 TASK_PRIORITY_SET CNT_INC 0
568 MOVED_TASK_TO_READY_STATE CNT_INC
568 TASK_SWITCHED_OUT CNT_INC
568 TASK_SWITCHED_IN IDLE
568 TASK_INCREMENT_TICK 568
569 TASK_SWITCHED_OUT IDLE
569 TASK_SWITCHED_IN CNT_INC
569 TASK_PRIORITY_SET CNT_INC 1
569 MOVED_TASK_TO_READY_STATE CNT_INC
569 TASK_PRIORITY_SET CNT_INC 0
569 MOVED_TASK_TO_READY_STATE CNT_INC
569 TASK_SWITCHED_OUT CNT_INC
569 TASK_SWITCHED_IN SUSP_RX
569 QUEUE_RECEIVE_FAILED q1
569 QUEUE_RECEIVE_FAILED q1
569 TASK_INCREMENT_TICK 569
569 QUEUE_RECEIVE_FAILED q1
569 TASK_INCREMENT_TICK 569
570 TASK_SWITCHED_OUT SUSP_RX
570 TASK_SWITCHED_IN IDLE
570 TASK_SWITCHED_OUT IDLE
570 TASK_SWITCHED_IN CNT_INC
570 TASK_PRIORITY_SET CNT_INC 1
570 MOVED_TASK_TO_READY_STATE CNT_INC
570 TASK_PRIORITY_SET CNT_INC 0
570 MOVED_TASK_TO_READY_STATE CNT_INC
570 TASK_SWITCHED_OUT CNT_INC
570 TASK_SWITCHED_IN SUSP_RX
570 QUEUE_RECEIVE_FAILED q1
570 QUEUE_RECEIVE_FAILED q1
570 QUEUE_RECEIVE_FAILED q1
570 TASK_INCREMENT_TICK 570
571 TASK_SWITCHED_OUT SUSP_RX
571 TASK_SWITCHED_IN CNT_INC
571 TASK_PRIORITY_SET CNT_INC 1
571 MOVED_TASK_TO_READY_STATE CNT_INC
571 TASK_PRIORITY_SET CNT_INC 0
571 MOVED_TASK_TO_READY_STATE CNT_INC
571 TASK_SWITCHED_OUT CNT_INC
571 TASK_SWITCHED_IN IDLE
571 TASK_INCREMENT_TICK 571
572 TASK_SWITCHED_OUT IDLE
572 TASK_SWITCHED_IN CNT_INC
572 TASK_PRIORITY_SET CNT_INC 1
572 MOVED_TASK_TO_READY_STATE CNT_INC
572 TASK_PRIORITY_SET CNT_INC 0
572 MOVED_TASK_TO_READY_STATE CNT_INC
572 TASK_SWITCHED_OUT CNT_INC
572 TASK_SWITCHED_IN SUSP_RX
572 QUEUE_RECEIVE_FAILED q1
572 QUEUE_RECEIVE_FAILED q1
572 TASK_INCREMENT_TICK 572
572 QUEUE_RECEIVE_FAILED q1
572 TASK_INCREMENT_TICK 572
573 TASK_SWITCHED_OUT SUSP_RX
573 TASK_SWITCHED_IN IDLE
573 TASK_SWITCHED_OUT IDLE
573 TASK_SWITCHED_IN CNT_INC
573 TASK_PRIORITY_SET CNT_INC 1
573 MOVED_TASK_TO_READY_STATE CNT_INC
573 TASK_PRIORITY_SET CNT_INC 0
573 MOVED_TASK_TO_READY_STATE CNT_INC
573 TASK_SWITCHED_OUT CNT_INC
573 TASK_SWITCHED_IN SUSP_RX
573 QUEUE_RECEIVE_FAILED q1
573 QUEUE_RECEIVE_FAILED q1
573 QUEUE_RECEIVE_FAILED q1
573 TASK_INCREMENT_TICK 573
574 TASK_SWITCHED_OUT SUSP_RX
574 TASK_SWITCHED_IN CNT_INC
574 TASK_PRIORITY_SET CNT_INC 1
574 MOVED_TASK_TO_READY_STATE CNT_INC
574 TASK_PRIORITY_SET CNT_INC 0
574 MOVED_TASK_TO_READY_STATE CNT_INC
574 TASK_SWITCHED_OUT CNT_INC
574 TASK_SWITCHED_IN IDLE
574 TASK_INCREMENT_TICK 574
575 TASK_SWITCHED_OUT IDLE
575 TASK_SWITCHED_IN CNT_INC
575 TASK_PRIORITY_SET CNT_INC 1
575 MOVED_TASK_TO_READY_STATE CNT_INC
575 TASK_PRIORITY_SET CNT_INC 0
575 MOVED_TASK_TO_READY_STATE CNT_INC
575 TASK_SWITCHED_OUT CNT_INC
575 TASK_SWITCHED_IN SUSP_RX
575 QUEUE_RECEIVE_FAILED q1
575 QUEUE_RECEIVE_FAILED q1
575 TASK_INCREMENT_TICK 575
575 QUEUE_RECEIVE_FAILED q1
575 TASK_INCREMENT_TICK 575
576 TASK_SWITCHED_OUT SUSP_RX
576 TASK_SWITCHED_IN IDLE
576 TASK_SWITCHED_OUT IDLE
576 TASK_SWITCHED_IN CNT_INC
576 TASK_PRIORITY_SET CNT_INC 1
576 MOVED_TASK_TO_READY_STATE CNT_INC
576 TASK_PRIORITY_SET CNT_INC 0
576 MOVED_TASK_TO_READY_STATE CNT_INC
576 TASK_SWITCHED_OUT CNT_INC
576 TASK_SWITCHED_IN SUSP_RX
576 QUEUE_RECEIVE_FAILED q1
576 QUEUE_RECEIVE_FAILED q1
576 QUEUE_RECEIVE_FAILED q1
576 TASK_INCREMENT_TICK 576
577 TASK_SWITCHED_OUT SUSP_RX
577 TASK_SWITCHED_IN CNT_INC
577 TASK_PRIORITY_SET CNT_INC 1
577 MOVED_TASK_TO_READY_STATE CNT_INC
577 TASK_PRIORITY_SET CNT_INC 0
577 MOVED_TASK_TO_READY_STATE CNT_INC
577 TASK_SWITCHED_OUT CNT_INC
577 TASK_SWITCHED_IN IDLE
577 TASK_INCREMENT_TICK 577
578 TASK_SWITCHED_OUT IDLE
578 TASK_SWITCHED_IN CNT_INC
578 TASK_PRIORITY_SET CNT_INC 1
578 MOVED_TASK_TO_READY_STATE CNT_INC
578 TASK_PRIORITY_SET CNT_INC 0
578 MOVED_TASK_TO_READY_STATE CNT_INC
578 TASK_SWITCHED_OUT CNT_INC
578 TASK_SWITCHED_IN SUSP_RX
578 QUEUE_RECEIVE_FAILED q1
578 QUEUE_RECEIVE_FAILED q1
578 TASK_INCREMENT_TICK 578
578 QUEUE_RECEIVE_FAILED q1
578 TASK_INCREMENT_TICK 578
579 TASK_SWITCHED_OUT SUSP_RX
579 TASK_SWITCHED_IN IDLE
579 TASK_SWITCHED_OUT IDLE
579 TASK_SWITCHED_IN CNT_INC
579 TASK_PRIORITY_SET CNT_INC 1
579 MOVED_TASK_TO_READY_STATE CNT_INC
579 TASK_PRIORITY_SET CNT_INC 0
579 MOVED_TASK_TO_READY_STATE CNT_INC
579 TASK_SWITCHED_OUT CNT_INC
579 TASK_SWITCHED_IN SUSP_RX
579 QUEUE_RECEIVE_FAILED q1
579 QUEUE_RECEIVE_FAILED q1
579 QUEUE_RECEIVE_FAILED q1
579 TASK_INCREMENT_TICK 579
580 TASK_SWITCHED_OUT SUSP_RX
580 TASK_SWITCHED_IN CNT_INC
580 TASK_PRIORITY_SET CNT_INC 1
580 MOVED_TASK_TO_READY_STATE CNT_INC
580 TASK_PRIORITY_SET CNT_INC 0
580 MOVED_TASK_TO_READY_STATE CNT_INC
580 TASK_SWITCHED_OUT CNT_INC
580 TASK_SWITCHED_IN IDLE
580 TASK_INCREMENT_TICK 580
581 TASK_SWITCHED_OUT IDLE
581 TASK_SWITCHED_IN CNT_INC
581 TASK_PRIORITY_SET CNT_INC 1
581 MOVED_TASK_TO_READY_STATE CNT_INC
581 TASK_PRIORITY_SET CNT_INC 0
581 MOVED_TASK_TO_READY_STATE CNT_INC
581 TASK_SWITCHED_OUT CNT_INC
581 TASK_SWITCHED_IN SUSP_RX
581 QUEUE_RECEIVE_FAILED q1
581 QUEUE_RECEIVE_FAILED q1
581 TASK_INCREMENT_TICK 581
581 QUEUE_RECEIVE_FAILED q1
581 TASK_INCREMENT_TICK 581
582 TASK_SWITCHED_OUT SUSP_RX
582 TASK_SWITCHED_IN IDLE
582 TASK_SWITCHED_OUT IDLE
582 TASK_SWITCHED_IN CNT_INC
582 TASK_PRIORITY_SET CNT_INC 1
582 MOVED_TASK_TO_READY_STATE CNT_INC
582 TASK_PRIORITY_SET CNT_INC 0
582 MOVED_TASK_TO_READY_STATE CNT_INC
582 TASK_SWITCHED_OUT CNT_INC
582 TASK_SWITCHED_IN SUSP_RX
582 QUEUE_RECEIVE_FAILED q1
582 QUEUE_RECEIVE_FAILED q1
582 QUEUE_RECEIVE_FAILED q1
582 TASK_INCREMENT_TICK 582
583 TASK_SWITCHED_OUT SUSP_RX
583 TASK_SWITCHED_IN CNT_INC
583 TASK_PRIORITY_SET CNT_INC 1
583 MOVED_TASK_TO_READY_STATE CNT_INC
583 TASK_PRIORITY_SET CNT_INC 0
583 MOVED_TASK_TO_READY_STATE CNT_INC
583 TASK_SWITCHED_OUT CNT_INC
583 TASK_SWITCHED_IN IDLE
583 TASK_INCREMENT_TICK 583
584 TASK_SWITCHED_OUT IDLE
584 TASK_SWITCHED_IN CNT_INC
584 TASK_PRIORITY_SET CNT_INC 1
584 MOVED_TASK_TO_READY_STATE CNT_INC
584 TASK_PRIORITY_SET CNT_INC 0
584 MOVED_TASK_TO_READY_STATE CNT_INC
584 TASK_SWITCHED_OUT CNT_INC
584 TASK_SWITCHED_IN SUSP_RX
584 QUEUE_RECEIVE_FAILED q1
584 QUEUE_RECEIVE_FAILED q1
584 TASK_INCREMENT_TICK 584
584 QUEUE_RECEIVE_FAILED q1
584 TASK_INCREMENT_TICK 584
585 TASK_SWITCHED_OUT SUSP_RX
585 TASK_SWITCHED_IN IDLE
585 TASK_SWITCHED_OUT IDLE
585 TASK_SWITCHED_IN CNT_INC
585 TASK_PRIORITY_SET CNT_INC 1
585 MOVED_TASK_TO_READY_STATE CNT_INC
585 TASK_PRIORITY_SET CNT_INC 0
585 MOVED_TASK_TO_READY_STATE CNT_INC
585 TASK_SWITCHED_OUT CNT_INC
585 TASK_SWITCHED_IN SUSP_RX
585 QUEUE_RECEIVE_FAILED q1
585 QUEUE_RECEIVE_FAILED q1
585 QUEUE_RECEIVE_FAILED q1
585 TASK_INCREMENT_TICK 585
586 TASK_SWITCHED_OUT SUSP_RX
586 TASK_SWITCHED_IN CNT_INC
586 TASK_PRIORITY_SET CNT_INC 1
586 MOVED_TASK_TO_READY_STATE CNT_INC
586 TASK_PRIORITY_SET CNT_INC 0
586 MOVED_TASK_TO_READY_STATE CNT_INC
586 TASK_SWITCHED_OUT CNT_INC
586 TASK_SWITCHED_IN IDLE
586 TASK_INCREMENT_TICK 586
587 TASK_SWITCHED_OUT IDLE
587 TASK_SWITCHED_IN CNT_INC
587 TASK_PRIORITY_SET CNT_INC 1
587 MOVED_TASK_TO_READY_STATE CNT_INC
587 TASK_PRIORITY_SET CNT_INC 0
587 MOVED_TASK_TO_READY_STATE CNT_INC
587 TASK_SWITCHED_OUT CNT_INC
587 TASK_SWITCHED_IN SUSP_RX
587 QUEUE_RECEIVE_FAILED q1
587 QUEUE_RECEIVE_FAILED q1
587 TASK_INCREMENT_TICK 587
587 QUEUE_RECEIVE_FAILED q1
587 TASK_INCREMENT_TICK 587
588 TASK_SWITCHED_OUT SUSP_RX
588 TASK_SWITCHED_IN IDLE
588 TASK_SWITCHED_OUT IDLE
588 TASK_SWITCHED_IN CNT_INC
588 TASK_PRIORITY_SET CNT_INC 1
588 MOVED_TASK_TO_READY_STATE CNT_INC
588 TASK_PRIORITY_SET CNT_INC 0
588 MOVED_TASK_TO_READY_STATE CNT_INC
588 TASK_SWITCHED_OUT CNT_INC
588 TASK_SWITCHED_IN SUSP_RX
588 QUEUE_RECEIVE_FAILED q1
588 QUEUE_RECEIVE_FAILED q1
588 QUEUE_RECEIVE_FAILED q1
588 TASK_INCREMENT_TICK 588
589 TASK_SWITCHED_OUT SUSP_RX
589 TASK_SWITCHED_IN CNT_INC
589 TASK_PRIORITY_SET CNT_INC 1
589 MOVED_TASK_TO_READY_STATE CNT_INC
589 TASK_PRIORITY_SET CNT_INC 0
589 MOVED_TASK_TO_READY_STATE CNT_INC
589 TASK_SWITCHED_OUT CNT_INC
589 TASK_SWITCHED_IN IDLE
589 TASK_INCREMENT_TICK 589
590 TASK_SWITCHED_OUT IDLE
590 TASK_SWITCHED_IN CNT_INC
590 TASK_PRIORITY_SET CNT_INC 1
590 MOVED_TASK_TO_READY_STATE CNT_INC
590 TASK_PRIORITY_SET CNT_INC 0
590 MOVED_TASK_TO_READY_STATE CNT_INC
590 TASK_SWITCHED_OUT CNT_INC
590 TASK_SWITCHED_IN SUSP_RX
590 QUEUE_RECEIVE_FAILED q1
590 QUEUE_RECEIVE_FAILED q1
590 TASK_INCREMENT_TICK 590
590 QUEUE_RECEIVE_FAILED q1
590 TASK_INCREMENT_TICK 590
591 TASK_SWITCHED_OUT SUSP_RX
591 TASK_SWITCHED_IN IDLE
591 TASK_SWITCHED_OUT IDLE
591 TASK_SWITCHED_IN CNT_INC
591 TASK_PRIORITY_SET CNT_INC 1
591 MOVED_TASK_TO_READY_STATE CNT_INC
591 TASK_PRIORITY_SET CNT_INC 0
591 MOVED_TASK_TO_READY_STATE CNT_INC
591 TASK_SWITCHED_OUT CNT_INC
591 TASK_SWITCHED_IN SUSP_RX
591 QUEUE_RECEIVE_FAILED q1
591 QUEUE_RECEIVE_FAILED q1
591 QUEUE_RECEIVE_FAILED q1
591 TASK_INCREMENT_TICK 591
592 TASK_SWITCHED_OUT SUSP_RX
592 TASK_SWITCHED_IN CNT_INC
592 TASK_PRIORITY_SET CNT_INC 1
592 MOVED_TASK_TO_READY_STATE CNT_INC
592 TASK_PRIORITY_SET CNT_INC 0
592 MOVED_TASK_TO_READY_STATE CNT_INC
592 TASK_SWITCHED_OUT CNT_INC
592 TASK_SWITCHED_IN IDLE
592 TASK_INCREMENT_TICK 592
593 TASK_SWITCHED_OUT IDLE
593 TASK_SWITCHED_IN CNT_INC
593 TASK_PRIORITY_SET CNT_INC 1
593 MOVED_TASK_TO_READY_STATE CNT_INC
593 TASK_PRIORITY_SET CNT_INC 0
593 MOVED_TASK_TO_READY_STATE CNT_INC
593 TASK_SWITCHED_OUT CNT_INC
593 TASK_SWITCHED_IN SUSP_RX
593 QUEUE_RECEIVE_FAILED q1
593 QUEUE_RECEIVE_FAILED q1
593 TASK_INCREMENT_TICK 593
593 QUEUE_RECEIVE_FAILED q1
593 TASK_INCREMENT_TICK 593
594 TASK_SWITCHED_OUT SUSP_RX
594 TASK_SWITCHED_IN IDLE
594 TASK_SWITCHED_OUT IDLE
594 TASK_SWITCHED_IN CNT_INC
594 TASK_PRIORITY_SET CNT_INC 1
594 MOVED_TASK_TO_READY_STATE CNT_INC
594 TASK_PRIORITY_SET CNT_INC 0
594 MOVED_TASK_TO_READY_STATE CNT_INC
594 TASK_SWITCHED_OUT CNT_INC
594 TASK_SWITCHED_IN SUSP_RX
594 QUEUE_RECEIVE_FAILED q1
594 QUEUE_RECEIVE_FAILED q1
594 QUEUE_RECEIVE_FAILED q1
594 TASK_INCREMENT_TICK 594
595 TASK_SWITCHED_OUT SUSP_RX
595 TASK_SWITCHED_IN CNT_INC
595 TASK_PRIORITY_SET CNT_INC 1
595 MOVED_TASK_TO_READY_STATE CNT_INC
595 TASK_PRIORITY_SET CNT_INC 0
595 MOVED_TASK_TO_READY_STATE CNT_INC
595 TASK_SWITCHED_OUT CNT_INC
595 TASK_SWITCHED_IN IDLE
595 TASK_INCREMENT_TICK 595
596 TASK_SWITCHED_OUT IDLE
596 TASK_SWITCHED_IN CNT_INC
596 TASK_PRIORITY_SET CNT_INC 1
596 MOVED_TASK_TO_READY_STATE CNT_INC
596 TASK_PRIORITY_SET CNT_INC 0
596 MOVED_TASK_TO_READY_STATE CNT_INC
596 TASK_SWITCHED_OUT CNT_INC
596 TASK_SWITCHED_IN SUSP_RX
596 QUEUE_RECEIVE_FAILED q1
596 QUEUE_RECEIVE_FAILED q1
596 TASK_INCREMENT_TICK 596
596 QUEUE_RECEIVE_FAILED q1
596 TASK_INCREMENT_TICK 596
597 TASK_SWITCHED_OUT SUSP_RX
597 TASK_SWITCHED_IN IDLE
597 TASK_SWITCHED_OUT IDLE
597 TASK_SWITCHED_IN CNT_INC
597 TASK_PRIORITY_SET CNT_INC 1
597 MOVED_TASK_TO_READY_STATE CNT_INC
597 TASK_PRIORITY_SET CNT_INC 0
597 MOVED_TASK_TO_READY_STATE CNT_INC
597 TASK_SWITCHED_OUT CNT_INC
597 TASK_SWITCHED_IN SUSP_RX
597 QUEUE_RECEIVE_FAILED q1
597 QUEUE_RECEIVE_FAILED q1
597 QUEUE_RECEIVE_FAILED q1
597 TASK_INCREMENT_TICK 597
598 TASK_SWITCHED_OUT SUSP_RX
598 TASK_SWITCHED_IN CNT_INC
598 TASK_PRIORITY_SET CNT_INC 1
598 MOVED_TASK_TO_READY_STATE CNT_INC
598 TASK_PRIORITY_SET CNT_INC 0
598 MOVED_TASK_TO_READY_STATE CNT_INC
598 TASK_SWITCHED_OUT CNT_INC
598 TASK_SWITCHED_IN IDLE
598 TASK_INCREMENT_TICK 598
599 TASK_SWITCHED_OUT IDLE
599 TASK_SWITCHED_IN CNT_INC
599 TASK_PRIORITY_SET CNT_INC 1
599 MOVED_TASK_TO_READY_STATE CNT_INC
599 TASK_PRIORITY_SET CNT_INC 0
599 MOVED_TASK_TO_READY_STATE CNT_INC
599 TASK_SWITCHED_OUT CNT_INC
599 TASK_SWITCHED_IN SUSP_RX
599 QUEUE_RECEIVE_FAILED q1
599 QUEUE_RECEIVE_FAILED q1
599 TASK_INCREMENT_TICK 599
599 QUEUE_RECEIVE_FAILED q1
599 TASK_INCREMENT_TICK 599
600 MOVED_TASK_TO_READY_STATE CHECK
600 TASK_SWITCHED_OUT SUSP_RX
600 TASK_SWITCHED_IN CHECK
600 TASK_DELAY CHECK 100
600 MOVED_TASK_TO_DELAYED_LIST CHECK
600 TASK_SWITCHED_OUT CHECK
600 TASK_SWITCHED_IN IDLE
600 TASK_SWITCHED_OUT IDLE
600 TASK_SWITCHED_IN CNT_INC
600 TASK_PRIORITY_SET CNT_INC 1
600 MOVED_TASK_TO_READY_STATE CNT_INC
600 TASK_PRIORITY_SET CNT_INC 0
600 MOVED_TASK_TO_READY_STATE CNT_INC
600 TASK_SWITCHED_OUT CNT_INC
600 TASK_SWITCHED_IN SUSP_RX
600 QUEUE_RECEIVE_FAILED q1
600 QUEUE_RECEIVE_FAILED q1
600 TASK_INCREMENT_TICK 600
600 QUEUE_RECEIVE_FAILED q1
600 TASK_INCREMENT_TICK 600
601 TASK_SWITCHED_OUT SUSP_RX
601 TASK_SWITCHED_IN CNT_INC
601 TASK_PRIORITY_SET CNT_INC 1
601 MOVED_TASK_TO_READY_STATE CNT_INC
601 TASK_PRIORITY_SET CNT_INC 0
601 MOVED_TASK_TO_READY_STATE CNT_INC
601 TASK_SWITCHED_OUT CNT_INC
601 TASK_SWITCHED_IN IDLE
601 TASK_INCREMENT_TICK 601
602 TASK_SWITCHED_OUT IDLE
602 TASK_SWITCHED_IN CNT_INC
602 TASK_PRIORITY_SET CNT_INC 1
602 MOVED_TASK_TO_READY_STATE CNT_INC
602 TASK_PRIORITY_SET CNT_INC 0
602 MOVED_TASK_TO_READY_STATE CNT_INC
602 TASK_SWITCHED_OUT CNT_INC
602 TASK_SWITCHED_IN SUSP_RX
602 QUEUE_RECEIVE_FAILED q1
602 QUEUE_RECEIVE_FAILED q1
602 TASK_INCREMENT_TICK 602
602 TASK_INCREMENT_TICK 602
603 TASK_SWITCHED_OUT SUSP_RX
603 TASK_SWITCHED_IN IDLE
603 TASK_SWITCHED_OUT IDLE
603 TASK_SWITCHED_IN CNT_INC
603 TASK_PRIORITY_SET CNT_INC 1
603 MOVED_TASK_TO_READY_STATE CNT_INC
603 TASK_PRIORITY_SET CNT_INC 0
603 MOVED_TASK_TO_READY_STATE CNT_INC
603 TASK_SWITCHED_OUT CNT_INC
603 TASK_SWITCHED_IN SUSP_RX
603 QUEUE_RECEIVE_FAILED q1
603 QUEUE_RECEIVE_FAILED q1
603 QUEUE_RECEIVE_FAILED q1
603 TASK_INCREMENT_TICK 603
603 QUEUE_RECEIVE_FAILED q1
603 TASK_INCREMENT_TICK 603
604 TASK_SWITCHED_OUT SUSP_RX
604 TASK_SWITCHED_IN CNT_INC
604 TASK_PRIORITY_SET CNT_INC 1
604 MOVED_TASK_TO_READY_STATE CNT_INC
604 TASK_PRIORITY_SET CNT_INC 0
604 MOVED_TASK_TO_READY_STATE CNT_INC
604 TASK_SWITCHED_OUT CNT_INC
604 TASK_SWITCHED_IN IDLE
604 TASK_INCREMENT_TICK 604
605 TASK_SWITCHED_OUT IDLE
605 TASK_SWITCHED_IN CNT_INC
605 TASK_PRIORITY_SET CNT_INC 1
605 MOVED_TASK_TO_READY_STATE CNT_INC
605 TASK_PRIORITY_SET CNT_INC 0
605 MOVED_TASK_TO_READY_STATE CNT_INC
605 TASK_SWITCHED_OUT CNT_INC
605 TASK_SWITCHED_IN SUSP_RX
605 QUEUE_RECEIVE_FAILED q1
605 QUEUE_RECEIVE_FAILED q1
605 TASK_INCREMENT_TICK 605
605 TASK_INCREMENT_TICK 605
606 TASK_SWITCHED_OUT SUSP_RX
606 TASK_SWITCHED_IN IDLE
606 TASK_SWITCHED_OUT IDLE
606 TASK_SWITCHED_IN CNT_INC
606 TASK_PRIORITY_SET CNT_INC 1
606 MOVED_TASK_TO_READY_STATE CNT_INC
606 TASK_PRIORITY_SET CNT_INC 0
606 MOVED_TASK_TO_READY_STATE CNT_INC
606 TASK_SWITCHED_OUT CNT_INC
606 TASK_SWITCHED_IN SUSP_RX
606 QUEUE_RECEIVE_FAILED q1
606 QUEUE_RECEIVE_FAILED q1
606 QUEUE_RECEIVE_FAILED q1
606 TASK_INCREMENT_TICK 606
606 QUEUE_RECEIVE_FAILED q1
606 TASK_INCREMENT_TICK 606
607 TASK_SWITCHED_OUT SUSP_RX
607 TASK_SWITCHED_IN CNT_INC
607 TASK_PRIORITY_SET CNT_INC 1
607 MOVED_TASK_TO_READY_STATE CNT_INC
607 TASK_PRIORITY_SET CNT_INC 0
607 MOVED_TASK_TO_READY_STATE CNT_INC
607 TASK_SWITCHED_OUT CNT_INC
607 TASK_SWITCHED_IN IDLE
607 TASK_INCREMENT_TICK 607
608 TASK_SWITCHED_OUT IDLE
608 TASK_SWITCHED_IN CNT_INC
608 TASK_PRIORITY_SET CNT_INC 1
608 MOVED_TASK_TO_READY_STATE CNT_INC
608 TASK_PRIORITY_SET CNT_INC 0
608 MOVED_TASK_TO_READY_STATE CNT_INC
608 TASK_SWITCHED_OUT CNT_INC
608 TASK_SWITCHED_IN SUSP_RX
608 QUEUE_RECEIVE_FAILED q1
608 QUEUE_RECEIVE_FAILED q1
608 TASK_INCREMENT_TICK 608
608 TASK_INCREMENT_TICK 608
609 TASK_SWITCHED_OUT SUSP_RX
609 TASK_SWITCHED_IN IDLE
609 TASK_SWITCHED_OUT IDLE
609 TASK_SWITCHED_IN CNT_INC
609 TASK_PRIORITY_SET CNT_INC 1
609 MOVED_TASK_TO_READY_STATE CNT_INC
609 TASK_PRIORITY_SET CNT_INC 0
609 MOVED_TASK_TO_READY_STATE CNT_INC
609 TASK_SWITCHED_OUT CNT_INC
609 TASK_SWITCHED_IN SUSP_RX
609 QUEUE_RECEIVE_FAILED q1
609 QUEUE_RECEIVE_FAILED q1
609 QUEUE_RECEIVE_FAILED q1
609 TASK_INCREMENT_TICK 609
609 QUEUE_RECEIVE_FAILED q1
609 TASK_INCREMENT_TICK 609
610 TASK_SWITCHED_OUT SUSP_RX
610 TASK_SWITCHED_IN CNT_INC
610 TASK_PRIORITY_SET CNT_INC 1
610 MOVED_TASK_TO_READY_STATE CNT_INC
610 TASK_PRIORITY_SET CNT_INC 0
610 MOVED_TASK_TO_READY_STATE CNT_INC
610 TASK_SWITCHED_OUT CNT_INC
610 TASK_SWITCHED_IN IDLE
610 TASK_INCREMENT_TICK 610
611 TASK_SWITCHED_OUT IDLE
611 TASK_SWITCHED_IN CNT_INC
611 TASK_PRIORITY_SET CNT_INC 1
611 MOVED_TASK_TO_READY_STATE CNT_INC
611 TASK_PRIORITY_SET CNT_INC 0
611 MOVED_TASK_TO_READY_STATE CNT_INC
611 TASK_SWITCHED_OUT CNT_INC
611 TASK_SWITCHED_IN SUSP_RX
611 QUEUE_RECEIVE_FAILED q1
611 QUEUE_RECEIVE_FAILED q1
611 TASK_INCREMENT_TICK 611
611 TASK_INCREMENT_TICK 611
612 TASK_SWITCHED_OUT SUSP_RX
612 TASK_SWITCHED_IN IDLE
612 TASK_SWITCHED_OUT IDLE
612 TASK_SWITCHED_IN CNT_INC
612 TASK_PRIORITY_SET CNT_INC 1
612 MOVED_TASK_TO_READY_STATE CNT_INC
612 TASK_PRIORITY_SET CNT_INC 0
612 MOVED_TASK_TO_READY_STATE CNT_INC
612 TASK_SWITCHED_OUT CNT_INC
612 TASK_SWITCHED_IN SUSP_RX
612 QUEUE_RECEIVE_FAILED q1
612 QUEUE_RECEIVE_FAILED q1
612 QUEUE_RECEIVE_FAILED q1
612 TASK_INCREMENT_TICK 612
612 QUEUE_RECEIVE_FAILED q1
612 TASK_INCREMENT_TICK 612
613 TASK_SWITCHED_OUT SUSP_RX
613 TASK_SWITCHED_IN CNT_INC
613 TASK_PRIORITY_SET CNT_INC 1
613 MOVED_TASK_TO_READY_STATE CNT_INC
613 TASK_PRIORITY_SET CNT_INC 0
613 MOVED_TASK_TO_READY_STATE CNT_INC
613 TASK_SWITCHED_OUT CNT_INC
613 TASK_SWITCHED_IN IDLE
613 TASK_INCREMENT_TICK 613
614 TASK_SWITCHED_OUT IDLE
614 TASK_SWITCHED_IN CNT_INC
614 TASK_PRIORITY_SET CNT_INC 1
614 MOVED_TASK_TO_READY_STATE CNT_INC
614 TASK_PRIORITY_SET CNT_INC 0
614 MOVED_TASK_TO_READY_STATE CNT_INC
614 TASK_SWITCHED_OUT CNT_INC
614 TASK_SWITCHED_IN SUSP_RX
614 QUEUE_RECEIVE_FAILED q1
614 QUEUE_RECEIVE_FAILED q1
614 TASK_INCREMENT_TICK 614
614 TASK_INCREMENT_TICK 614
615 TASK_SWITCHED_OUT SUSP_RX
615 TASK_SWITCHED_IN IDLE
615 TASK_SWITCHED_OUT IDLE
615 TASK_SWITCHED_IN CNT_INC
615 TASK_PRIORITY_SET CNT_INC 1
615 MOVED_TASK_TO_READY_STATE CNT_INC
615 TASK_PRIORITY_SET CNT_INC 0
615 MOVED_TASK_TO_READY_STATE CNT_INC
615 TASK_SWITCHED_OUT CNT_INC
615 TASK_SWITCHED_IN SUSP_RX
615 QUEUE_RECEIVE_FAILED q1
615 QUEUE_RECEIVE_FAILED q1
615 QUEUE_RECEIVE_FAILED q1
615 TASK_INCREMENT_TICK 615
615 QUEUE_RECEIVE_FAILED q1
615 TASK_INCREMENT_TICK 615
616 TASK_SWITCHED_OUT SUSP_RX
616 TASK_SWITCHED_IN CNT_INC
616 TASK_PRIORITY_SET CNT_INC 1
616 MOVED_TASK_TO_READY_STATE CNT_INC
616 TASK_PRIORITY_SET CNT_INC 0
616 MOVED_TASK_TO_READY_STATE CNT_INC
616 TASK_SWITCHED_OUT CNT_INC
616 TASK_SWITCHED_IN IDLE
616 TASK_INCREMENT_TICK 616
617 TASK_SWITCHED_OUT IDLE
617 TASK_SWITCHED_IN CNT_INC
617 TASK_PRIORITY_SET CNT_INC 1
617 MOVED_TASK_TO_READY_STATE CNT_INC
617 TASK_PRIORITY_SET CNT_INC 0
617 MOVED_TASK_TO_READY_STATE CNT_INC
617 TASK_SWITCHED_OUT CNT_INC
617 TASK_SWITCHED_IN SUSP_RX
617 QUEUE_RECEIVE_FAILED q1
617 QUEUE_RECEIVE_FAILED q1
617 TASK_INCREMENT_TICK 617
617 TASK_INCREMENT_TICK 617
618 TASK_SWITCHED_OUT SUSP_RX
618 TASK_SWITCHED_IN IDLE
618 TASK_SWITCHED_OUT IDLE
618 TASK_SWITCHED_IN CNT_INC
618 TASK_PRIORITY_SET CNT_INC 1
618 MOVED_TASK_TO_READY_STATE CNT_INC
618 TASK_PRIORITY_SET CNT_INC 0
618 MOVED_TASK_TO_READY_STATE CNT_INC
618 TASK_SWITCHED_OUT CNT_INC
618 TASK_SWITCHED_IN SUSP_RX
618 QUEUE_RECEIVE_FAILED q1
618 QUEUE_RECEIVE_FAILED q1
618 QUEUE_RECEIVE_FAILED q1
618 TASK_INCREMENT_TICK 618
618 QUEUE_RECEIVE_FAILED q1
618 TASK_INCREMENT_TICK 618
619 TASK_SWITCHED_OUT SUSP_RX
619 TASK_SWITCHED_IN CNT_INC
619 TASK_PRIORITY_SET CNT_INC 1
619 MOVED_TASK_TO_READY_STATE CNT_INC
619 TASK_PRIORITY_SET CNT_INC 0
619 MOVED_TASK_TO_READY_STATE CNT_INC
619 TASK_SWITCHED_OUT CNT_INC
619 TASK_SWITCHED_IN IDLE
619 TASK_INCREMENT_TICK 619
620 TASK_SWITCHED_OUT IDLE
620 TASK_SWITCHED_IN CNT_INC
620 TASK_PRIORITY_SET CNT_INC 1
620 MOVED_TASK_TO_READY_STATE CNT_INC
620 TASK_PRIORITY_SET CNT_INC 0
620 MOVED_TASK_TO_READY_STATE CNT_INC
620 TASK_SWITCHED_OUT CNT_INC
620 TASK_SWITCHED_IN SUSP_RX
620 QUEUE_RECEIVE_FAILED q1
620 QUEUE_RECEIVE_FAILED q1
620 TASK_INCREMENT_TICK 620
620 TASK_INCREMENT_TICK 620
621 TASK_SWITCHED_OUT SUSP_RX
621 TASK_SWITCHED_IN IDLE
621 TASK_SWITCHED_OUT IDLE
621 TASK_SWITCHED_IN CNT_INC
621 TASK_PRIORITY_SET CNT_INC 1
621 MOVED_TASK_TO_READY_STATE CNT_INC
621 TASK_PRIORITY_SET CNT_INC 0
621 MOVED_TASK_TO_READY_STATE CNT_INC
621 TASK_SWITCHED_OUT CNT_INC
621 TASK_SWITCHED_IN SUSP_RX
621 QUEUE_RECEIVE_FAILED q1
621 QUEUE_RECEIVE_FAILED q1
621 QUEUE_RECEIVE_FAILED q1
621 TASK_INCREMENT_TICK 621
621 QUEUE_RECEIVE_FAILED q1
621 TASK_INCREMENT_TICK 621
622 TASK_SWITCHED_OUT SUSP_RX
622 TASK_SWITCHED_IN CNT_INC
622 TASK_PRIORITY_SET CNT_INC 1
622 MOVED_TASK_TO_READY_STATE CNT_INC
622 TASK_PRIORITY_SET CNT_INC 0
622 MOVED_TASK_TO_READY_STATE CNT_INC
622 TASK_SWITCHED_OUT CNT_INC
622 TASK_SWITCHED_IN IDLE
622 TASK_INCREMENT_TICK 622
623 TASK_SWITCHED_OUT IDLE
623 TASK_SWITCHED_IN CNT_INC
623 TASK_PRIORITY_SET CNT_INC 1
623 MOVED_TASK_TO_READY_STATE CNT_INC
623 TASK_PRIORITY_SET CNT_INC 0
623 MOVED_TASK_TO_READY_STATE CNT_INC
623 TASK_SWITCHED_OUT CNT_INC
623 TASK_SWITCHED_IN SUSP_RX
623 QUEUE_RECEIVE_FAILED q1
623 QUEUE_RECEIVE_FAILED q1
623 TASK_INCREMENT_TICK 623
623 TASK_INCREMENT_TICK 623
624 TASK_SWITCHED_OUT SUSP_RX
624 TASK_SWITCHED_IN IDLE
624 TASK_SWITCHED_OUT IDLE
624 TASK_SWITCHED_IN CNT_INC
624 TASK_PRIORITY_SET CNT_INC 1
624 MOVED_TASK_TO_READY_STATE CNT_INC
624 TASK_PRIORITY_SET CNT_INC 0
624 MOVED_TASK_TO_READY_STATE CNT_INC
624 TASK_SWITCHED_OUT CNT_INC
624 TASK_SWITCHED_IN SUSP_RX
624 QUEUE_RECEIVE_FAILED q1
624 QUEUE_RECEIVE_FAILED q1
624 QUEUE_RECEIVE_FAILED q1
624 TASK_INCREMENT_TICK 624
624 QUEUE_RECEIVE_FAILED q1
624 TASK_INCREMENT_TICK 624
625 TASK_SWITCHED_OUT SUSP_RX
625 TASK_SWITCHED_IN CNT_INC
625 TASK_PRIORITY_SET CNT_INC 1
625 MOVED_TASK_TO_READY_STATE CNT_INC
625 TASK_PRIORITY_SET CNT_INC 0
625 MOVED_TASK_TO_READY_STATE CNT_INC
625 TASK_SWITCHED_OUT CNT_INC
625 TASK_SWITCHED_IN IDLE
625 TASK_INCREMENT_TICK 625
626 TASK_SWITCHED_OUT IDLE
626 TASK_SWITCHED_IN CNT_INC
626 TASK_PRIORITY_SET CNT_INC 1
626 MOVED_TASK_TO_READY_STATE CNT_INC
626 TASK_PRIORITY_SET CNT_INC 0
626 MOVED_TASK_TO_READY_STATE CNT_INC
626 TASK_SWITCHED_OUT CNT_INC
626 TASK_SWITCHED_IN SUSP_RX
626 QUEUE_RECEIVE_FAILED q1
626 QUEUE_RECEIVE_FAILED q1
626 TASK_INCREMENT_TICK 626
626 TASK_INCREMENT_TICK 626
627 TASK_SWITCHED_OUT SUSP_RX
627 TASK_SWITCHED_IN IDLE
627 TASK_SWITCHED_OUT IDLE
627 TASK_SWITCHED_IN CNT_INC
627 TASK_PRIORITY_SET CNT_INC 1
627 MOVED_TASK_TO_READY_STATE CNT_INC
627 TASK_PRIORITY_SET CNT_INC 0
627 MOVED_TASK_TO_READY_STATE CNT_INC
627 TASK_SWITCHED_OUT CNT_INC
627 TASK_SWITCHED_IN SUSP_RX
627 QUEUE_RECEIVE_FAILED q1
627 QUEUE_RECEIVE_FAILED q1
627 QUEUE_RECEIVE_FAILED q1
627 TASK_INCREMENT_TICK 627
627 QUEUE_RECEIVE_FAILED q1
627 TASK_INCREMENT_TICK 627
628 TASK_SWITCHED_OUT SUSP_RX
628 TASK_SWITCHED_IN CNT_INC
628 TASK_PRIORITY_SET CNT_INC 1
628 MOVED_TASK_TO_READY_STATE CNT_INC
628 TASK_PRIORITY_SET CNT_INC 0
628 MOVED_TASK_TO_READY_STATE CNT_INC
628 TASK_SWITCHED_OUT CNT_INC
628 TASK_SWITCHED_IN IDLE
628 TASK_INCREMENT_TICK 628
629 TASK_SWITCHED_OUT IDLE
629 TASK_SWITCHED_IN CNT_INC
629 TASK_PRIORITY_SET CNT_INC 1
629 MOVED_TASK_TO_READY_STATE CNT_INC
629 TASK_PRIORITY_SET CNT_INC 0
629 MOVED_TASK_TO_READY_STATE CNT_INC
629 TASK_SWITCHED_OUT CNT_INC
629 TASK_SWITCHED_IN SUSP_RX
629 QUEUE_RECEIVE_FAILED q1
629 QUEUE_RECEIVE_FAILED q1
629 TASK_INCREMENT_TICK 629
629 TASK_INCREMENT_TICK 629
630 TASK_SWITCHED_OUT SUSP_RX
630 TASK_SWITCHED_IN IDLE
630 TASK_SWITCHED_OUT IDLE
630 TASK_SWITCHED_IN CNT_INC
630 TASK_PRIORITY_SET CNT_INC 1
630 MOVED_TASK_TO_READY_STATE CNT_INC
630 TASK_PRIORITY_SET CNT_INC 0
630 MOVED_TASK_TO_READY_STATE CNT_INC
630 TASK_SWITCHED_OUT CNT_INC
630 TASK_SWITCHED_IN SUSP_RX
630 QUEUE_RECEIVE_FAILED q1
630 QUEUE_RECEIVE_FAILED q1
630 QUEUE_RECEIVE_FAILED q1
630 TASK_INCREMENT_TICK 630
630 QUEUE_RECEIVE_FAILED q1
630 TASK_INCREMENT_TICK 630
631 TASK_SWITCHED_OUT SUSP_RX
631 TASK_SWITCHED_IN CNT_INC
631 TASK_PRIORITY_SET CNT_INC 1
631 MOVED_TASK_TO_READY_STATE CNT_INC
631 TASK_PRIORITY_SET CNT_INC 0
631 MOVED_TASK_TO_READY_STATE CNT_INC
631 TASK_SWITCHED_OUT CNT_INC
631 TASK_SWITCHED_IN IDLE
631 TASK_INCREMENT_TICK 631
632 TASK_SWITCHED_OUT IDLE
632 TASK_SWITCHED_IN CNT_INC
632 TASK_PRIORITY_SET CNT_INC 1
632 MOVED_TASK_TO_READY_STATE CNT_INC
632 TASK_PRIORITY_SET CNT_INC 0
632 MOVED_TASK_TO_READY_STATE CNT_INC
632 TASK_SWITCHED_OUT CNT_INC
632 TASK_SWITCHED_IN SUSP_RX
632 QUEUE_RECEIVE_FAILED q1
632 QUEUE_RECEIVE_FAILED q1
632 TASK_INCREMENT_TICK 632
632 TASK_INCREMENT_TICK 632
633 TASK_SWITCHED_OUT SUSP_RX
633 TASK_SWITCHED_IN IDLE
633 TASK_SWITCHED_OUT IDLE
633 TASK_SWITCHED_IN CNT_INC
633 TASK_PRIORITY_SET CNT_INC 1
633 MOVED_TASK_TO_READY_STATE CNT_INC
633 TASK_PRIORITY_SET CNT_INC 0
633 MOVED_TASK_TO_READY_STATE CNT_INC
633 TASK_SWITCHED_OUT CNT_INC
633 TASK_SWITCHED_IN SUSP_RX
633 QUEUE_RECEIVE_FAILED q1
633 QUEUE_RECEIVE_FAILED q1
633 QUEUE_RECEIVE_FAILED q1
633 TASK_INCREMENT_TICK 633
633 QUEUE_RECEIVE_FAILED q1
633 TASK_INCREMENT_TICK 633
634 TASK_SWITCHED_OUT SUSP_RX
634 TASK_SWITCHED_IN CNT_INC
634 TASK_PRIORITY_SET CNT_INC 1
634 MOVED_TASK_TO_READY_STATE CNT_INC
634 TASK_PRIORITY_SET CNT_INC 0
634 MOVED_TASK_TO_READY_STATE CNT_INC
634 TASK_SWITCHED_OUT CNT_INC
634 TASK_SWITCHED_IN IDLE
634 TASK_INCREMENT_TICK 634
635 TASK_SWITCHED_OUT IDLE
635 TASK_SWITCHED_IN CNT_INC
635 TASK_PRIORITY_SET CNT_INC 1
635 MOVED_TASK_TO_READY_STATE CNT_INC
635 TASK_PRIORITY_SET CNT_INC 0
635 MOVED_TASK_TO_READY_STATE CNT_INC
635 TASK_SWITCHED_OUT CNT_INC
635 TASK_SWITCHED_IN SUSP_RX
635 QUEUE_RECEIVE_FAILED q1
635 QUEUE_RECEIVE_FAILED q1
635 TASK_INCREMENT_TICK 635
635 TASK_INCREMENT_TICK 635
636 TASK_SWITCHED_OUT SUSP_RX
636 TASK_SWITCHED_IN IDLE
636 TASK_SWITCHED_OUT IDLE
636 TASK_SWITCHED_IN CNT_INC
636 TASK_PRIORITY_SET CNT_INC 1
636 MOVED_TASK_TO_READY_STATE CNT_INC
636 TASK_PRIORITY_SET CNT_INC 0
636 MOVED_TASK_TO_READY_STATE CNT_INC
636 TASK_SWITCHED_OUT CNT_INC
636 TASK_SWITCHED_IN SUSP_RX
636 QUEUE_RECEIVE_FAILED q1
636 QUEUE_RECEIVE_FAILED q1
636 QUEUE_RECEIVE_FAILED q1
636 TASK_INCREMENT_TICK 636
636 QUEUE_RECEIVE_FAILED q1
636 TASK_INCREMENT_TICK 636
637 TASK_SWITCHED_OUT SUSP_RX
637 TASK_SWITCHED_IN CNT_INC
637 TASK_PRIORITY_SET CNT_INC 1
637 MOVED_TASK_TO_READY_STATE CNT_INC
637 TASK_PRIORITY_SET CNT_INC 0
637 MOVED_TASK_TO_READY_STATE CNT_INC
637 TASK_SWITCHED_OUT CNT_INC
637 TASK_SWITCHED_IN IDLE
637 TASK_INCREMENT_TICK 637
638 TASK_SWITCHED_OUT IDLE
638 TASK_SWITCHED_IN CNT_INC
638 TASK_PRIORITY_SET CNT_INC 1
638 MOVED_TASK_TO_READY_STATE CNT_INC
638 TASK_PRIORITY_SET CNT_INC 0
638 MOVED_TASK_TO_READY_STATE CNT_INC
638 TASK_SWITCHED_OUT CNT_INC
638 TASK_SWITCHED_IN SUSP_RX
638 QUEUE_RECEIVE_FAILED q1
638 QUEUE_RECEIVE_FAILED q1
638 TASK_INCREMENT_TICK 638
638 TASK_INCREMENT_TICK 638
639 TASK_SWITCHED_OUT SUSP_RX
639 TASK_SWITCHED_IN IDLE
639 TASK_SWITCHED_OUT IDLE
639 TASK_SWITCHED_IN CNT_INC
639 TASK_PRIORITY_SET CNT_INC 1
639 MOVED_TASK_TO_READY_STATE CNT_INC
639 TASK_PRIORITY_SET CNT_INC 0
639 MOVED_TASK_TO_READY_STATE CNT_INC
639 TASK_SWITCHED_OUT CNT_INC
639 TASK_SWITCHED_IN SUSP_RX
639 QUEUE_RECEIVE_FAILED q1
639 QUEUE_RECEIVE_FAILED q1
639 QUEUE_RECEIVE_FAILED q1
639 TASK_INCREMENT_TICK 639
639 QUEUE_RECEIVE_FAILED q1
639 TASK_INCREMENT_TICK 639
640 TASK_SWITCHED_OUT SUSP_RX
640 TASK_SWITCHED_IN CNT_INC
640 TASK_PRIORITY_SET CNT_INC 1
640 MOVED_TASK_TO_READY_STATE CNT_INC
640 TASK_PRIORITY_SET CNT_INC 0
640 MOVED_TASK_TO_READY_STATE CNT_INC
640 TASK_SWITCHED_OUT CNT_INC
640 TASK_SWITCHED_IN IDLE
640 TASK_INCREMENT_TICK 640
641 TASK_SWITCHED_OUT IDLE
641 TASK_SWITCHED_IN CNT_INC
641 TASK_PRIORITY_SET CNT_INC 1
641 MOVED_TASK_TO_READY_STATE CNT_INC
641 TASK_PRIORITY_SET CNT_INC 0
641 MOVED_TASK_TO_READY_STATE CNT_INC
641 TASK_SWITCHED_OUT CNT_INC
641 TASK_SWITCHED_IN SUSP_RX
641 QUEUE_RECEIVE_FAILED q1
641 QUEUE_RECEIVE_FAILED q1
641 TASK_INCREMENT_TICK 641
641 TASK_INCREMENT_TICK 641
642 TASK_SWITCHED_OUT SUSP_RX
642 TASK_SWITCHED_IN IDLE
642 TASK_SWITCHED_OUT IDLE
642 TASK_SWITCHED_IN CNT_INC
642 TASK_PRIORITY_SET CNT_INC 1
642 MOVED_TASK_TO_READY_STATE CNT_INC
642 TASK_PRIORITY_SET CNT_INC 0
642 MOVED_TASK_TO_READY_STATE CNT_INC
642 TASK_SWITCHED_OUT CNT_INC
642 TASK_SWITCHED_IN SUSP_RX
642 QUEUE_RECEIVE_FAILED q1
642 QUEUE_RECEIVE_FAILED q1
642 QUEUE_RECEIVE_FAILED q1
642 TASK_INCREMENT_TICK 642
642 QUEUE_RECEIVE_FAILED q1
642 TASK_INCREMENT_TICK 642
643 TASK_SWITCHED_OUT SUSP_RX
643 TASK_SWITCHED_IN CNT_INC
643 TASK_PRIORITY_SET CNT_INC 1
643 MOVED_TASK_TO_READY_STATE CNT_INC
643 TASK_PRIORITY_SET CNT_INC 0
643 MOVED_TASK_TO_READY_STATE CNT_INC
643 TASK_SWITCHED_OUT CNT_INC
643 TASK_SWITCHED_IN IDLE
643 TASK_INCREMENT_TICK 643
644 MOVED_TASK_TO_READY_STATE C_CTRL
644 TASK_SWITCHED_OUT IDLE
644 TASK_SWITCHED_IN CNT_INC
644 TASK_PRIORITY_SET CNT_INC 1
644 MOVED_TASK_TO_READY_STATE CNT_INC
644 TASK_PRIORITY_SET CNT_INC 0
644 MOVED_TASK_TO_READY_STATE CNT_INC
644 TASK_SWITCHED_OUT CNT_INC
644 TASK_SWITCHED_IN SUSP_RX
644 QUEUE_RECEIVE_FAILED q1
644 QUEUE_RECEIVE_FAILED q1
644 TASK_INCREMENT_TICK 644
644 TASK_INCREMENT_TICK 644
645 TASK_SWITCHED_OUT SUSP_RX
645 TASK_SWITCHED_IN C_CTRL
645 TASK_SUSPEND CNT_INC
645 TASK_RESUME LIM_INC
645 MOVED_TASK_TO_READY_STATE LIM_INC
645 TASK_SWITCHED_OUT C_CTRL
645 TASK_SWITCHED_IN LIM_INC
645 TASK_SUSPEND LIM_INC
645 TASK_SWITCHED_OUT LIM_INC
645 TASK_SWITCHED_IN IDLE
645 TASK_SWITCHED_OUT IDLE
645 TASK_SWITCHED_IN SUSP_RX
645 QUEUE_RECEIVE_FAILED q1
645 QUEUE_RECEIVE_FAILED q1
645 TASK_INCREMENT_TICK 645
646 TASK_SWITCHED_OUT SUSP_RX
646 TASK_SWITCHED_IN C_CTRL
646 TASK_RESUME CNT_INC
646 MOVED_TASK_TO_READY_STATE CNT_INC
646 TASK_SUSPEND CNT_INC
646 TASK_RESUME CNT_INC
646 MOVED_TASK_TO_READY_STATE CNT_INC
646 TASK_DELAY C_CTRL 128
646 MOVED_TASK_TO_DELAYED_LIST C_CTRL
646 TASK_SWITCHED_OUT C_CTRL
646 TASK_SWITCHED_IN IDLE
646 TASK_INCREMENT_TICK 646
647 MOVED_TASK_TO_READY_STATE SUSP_TX
647 TASK_SWITCHED_OUT IDLE
647 TASK_SWITCHED_IN SUSP_RX
647 QUEUE_RECEIVE_FAILED q1
647 QUEUE_RECEIVE_FAILED q1
647 TASK_INCREMENT_TICK 647
647 TASK_INCREMENT_TICK 647
648 TASK_SWITCHED_OUT SUSP_RX
648 TASK_SWITCHED_IN CNT_INC
648 TASK_PRIORITY_SET CNT_INC 1
648 MOVED_TASK_TO_READY_STATE CNT_INC
648 TASK_PRIORITY_SET CNT_INC 0
648 MOVED_TASK_TO_READY_STATE CNT_INC
648 TASK_SWITCHED_OUT CNT_INC
648 TASK_SWITCHED_IN SUSP_TX
648 QUEUE_SEND q1
648 TASK_DELAY SUSP_TX 128
648 MOVED_TASK_TO_DELAYED_LIST SUSP_TX
648 TASK_SWITCHED_OUT SUSP_TX
648 TASK_SWITCHED_IN IDLE
648 TASK_SWITCHED_OUT IDLE
648 TASK_SWITCHED_IN CNT_INC
648 TASK_PRIORITY_SET CNT_INC 1
648 MOVED_TASK_TO_READY_STATE CNT_INC
648 TASK_PRIORITY_SET CNT_INC 0
648 MOVED_TASK_TO_READY_STATE CNT_INC
648 TASK_SWITCHED_OUT CNT_INC
648 TASK_SWITCHED_IN SUSP_RX
648 QUEUE_RECEIVE q1
648 TASK_INCREMENT_TICK 648
648 TASK_INCREMENT_TICK 648
649 TASK_SWITCHED_OUT SUSP_RX
649 TASK_SWITCHED_IN IDLE
649 TASK_INCREMENT_TICK 649
650 TASK_SWITCHED_OUT IDLE
650 TASK_SWITCHED_IN CNT_INC
650 TASK_PRIORITY_SET CNT_INC 1
650 MOVED_TASK_TO_READY_STATE CNT_INC
650 TASK_PRIORITY_SET CNT_INC 0
650 MOVED_TASK_TO_READY_STATE CNT_INC
650 TASK_SWITCHED_OUT CNT_INC
650 TASK_SWITCHED_IN SUSP_RX
650 QUEUE_RECEIVE_FAILED q1
650 QUEUE_RECEIVE_FAILED q1
650 QUEUE_RECEIVE_FAILED q1
650 TASK_INCREMENT_TICK 650
650 QUEUE_RECEIVE_FAILED q1
650 TASK_INCREMENT_TICK 650
651 TASK_SWITCHED_OUT SUSP_RX
651 TASK_SWITCHED_IN CNT_INC
651 TASK_PRIORITY_SET CNT_INC 1
651 MOVED_TASK_TO_READY_STATE CNT_INC
651 TASK_PRIORITY_SET CNT_INC 0
651 MOVED_TASK_TO_READY_STATE CNT_INC
651 TASK_SWITCHED_OUT CNT_INC
651 TASK_SWITCHED_IN IDLE
651 TASK_SWITCHED_OUT IDLE
651 TASK_SWITCHED_IN CNT_INC
651 TASK_PRIORITY_SET CNT_INC 1
651 MOVED_TASK_TO_READY_STATE CNT_INC
651 TASK_PRIORITY_SET CNT_INC 0
651 MOVED_TASK_TO_READY_STATE CNT_INC
651 TASK_SWITCHED_OUT CNT_INC
651 TASK_SWITCHED_IN SUSP_RX
651 QUEUE_RECEIVE_FAILED q1
651 QUEUE_RECEIVE_FAILED q1
651 TASK_INCREMENT_TICK 651
651 TASK_INCREMENT_TICK 651
652 TASK_SWITCHED_OUT SUSP_RX
652 TASK_SWITCHED_IN IDLE
652 TASK_INCREMENT_TICK 652
653 TASK_SWITCHED_OUT IDLE
653 TASK_SWITCHED_IN CNT_INC
653 TASK_PRIORITY_SET CNT_INC 1
653 MOVED_TASK_TO_READY_STATE CNT_INC
653 TASK_PRIORITY_SET CNT_INC 0
653 MOVED_TASK_TO_READY_STATE CNT_INC
653 TASK_SWITCHED_OUT CNT_INC
653 TASK_SWITCHED_IN SUSP_RX
653 QUEUE_RECEIVE_FAILED q1
653 QUEUE_RECEIVE_FAILED q1
653 QUEUE_RECEIVE_FAILED q1
653 TASK_INCREMENT_TICK 653
653 QUEUE_RECEIVE_FAILED q1
653 TASK_INCREMENT_TICK 653
654 TASK_SWITCHED_OUT SUSP_RX
654 TASK_SWITCHED_IN CNT_INC
654 TASK_PRIORITY_SET CNT_INC 1
654 MOVED_TASK_TO_READY_STATE CNT_INC
654 TASK_PRIORITY_SET CNT_INC 0
654 MOVED_TASK_TO_READY_STATE CNT_INC
654 TASK_SWITCHED_OUT CNT_INC
654 TASK_SWITCHED_IN IDLE
654 TASK_SWITCHED_OUT IDLE
654 TASK_SWITCHED_IN CNT_INC
654 TASK_PRIORITY_SET CNT_INC 1
654 MOVED_TASK_TO_READY_STATE CNT_INC
654 TASK_PRIORITY_SET CNT_INC 0
654 MOVED_TASK_TO_READY_STATE CNT_INC
654 TASK_SWITCHED_OUT CNT_INC
654 TASK_SWITCHED_IN SUSP_RX
654 QUEUE_RECEIVE_FAILED q1
654 QUEUE_RECEIVE_FAILED q1
654 TASK_INCREMENT_TICK 654
654 TASK_INCREMENT_TICK 654
655 TASK_SWITCHED_OUT SUSP_RX
655 TASK_SWITCHED_IN IDLE
655 TASK_INCREMENT_TICK 655
656 TASK_SWITCHED_OUT IDLE
656 TASK_SWITCHED_IN CNT_INC
656 TASK_PRIORITY_SET CNT_INC 1
656 MOVED_TASK_TO_READY_STATE CNT_INC
656 TASK_PRIORITY_SET CNT_INC 0
656 MOVED_TASK_TO_READY_STATE CNT_INC
656 TASK_SWITCHED_OUT CNT_INC
656 TASK_SWITCHED_IN SUSP_RX
656 QUEUE_RECEIVE_FAILED q1
656 QUEUE_RECEIVE_FAILED q1
656 QUEUE_RECEIVE_FAILED q1
656 TASK_INCREMENT_TICK 656
656 QUEUE_RECEIVE_FAILED q1
656 TASK_INCREMENT_TICK 656
657 TASK_SWITCHED_OUT SUSP_RX
657 TASK_SWITCHED_IN CNT_INC
657 TASK_PRIORITY_SET CNT_INC 1
657 MOVED_TASK_TO_READY_STATE CNT_INC
657 TASK_PRIORITY_SET CNT_INC 0
657 MOVED_TASK_TO_READY_STATE CNT_INC
657 TASK_SWITCHED_OUT CNT_INC
657 TASK_SWITCHED_IN IDLE
657 TASK_SWITCHED_OUT IDLE
657 TASK_SWITCHED_IN CNT_INC
657 TASK_PRIORITY_SET CNT_INC 1
657 MOVED_TASK_TO_READY_STATE CNT_INC
657 TASK_PRIORITY_SET CNT_INC 0
657 MOVED_TASK_TO_READY_STATE CNT_INC
657 TASK_SWITCHED_OUT CNT_INC
657 TASK_SWITCHED_IN SUSP_RX
657 QUEUE_RECEIVE_FAILED q1
657 QUEUE_RECEIVE_FAILED q1
657 TASK_INCREMENT_TICK 657
657 TASK_INCREMENT_TICK 657
658 TASK_SWITCHED_OUT SUSP_RX
658 TASK_SWITCHED_IN IDLE
658 TASK_INCREMENT_TICK 658
659 TASK_SWITCHED_OUT IDLE
659 TASK_SWITCHED_IN CNT_INC
659 TASK_PRIORITY_SET CNT_INC 1
659 MOVED_TASK_TO_READY_STATE CNT_INC
659 TASK_PRIORITY_SET CNT_INC 0
659 MOVED_TASK_TO_READY_STATE CNT_INC
659 TASK_SWITCHED_OUT CNT_INC
659 TASK_SWITCHED_IN SUSP_RX
659 QUEUE_RECEIVE_FAILED q1
659 QUEUE_RECEIVE_FAILED q1
659 QUEUE_RECEIVE_FAILED q1
659 TASK_INCREMENT_TICK 659
659 QUEUE_RECEIVE_FAILED q1
659 TASK_INCREMENT_TICK 659
660 TASK_SWITCHED_OUT SUSP_RX
660 TASK_SWITCHED_IN CNT_INC
660 TASK_PRIORITY_SET CNT_INC 1
660 MOVED_TASK_TO_READY_STATE CNT_INC
660 TASK_PRIORITY_SET CNT_INC 0
660 MOVED_TASK_TO_READY_STATE CNT_INC
660 TASK_SWITCHED_OUT CNT_INC
660 TASK_SWITCHED_IN IDLE
660 TASK_SWITCHED_OUT IDLE
660 TASK_SWITCHED_IN CNT_INC
660 TASK_PRIORITY_SET CNT_INC 1
660 MOVED_TASK_TO_READY_STATE CNT_INC
660 TASK_PRIORITY_SET CNT_INC 0
660 MOVED_TASK_TO_READY_STATE CNT_INC
660 TASK_SWITCHED_OUT CNT_INC
660 TASK_SWITCHED_IN SUSP_RX
660 QUEUE_RECEIVE_FAILED q1
660 QUEUE_RECEIVE_FAILED q1
660 TASK_INCREMENT_TICK 660
660 TASK_INCREMENT_TICK 660
661 TASK_SWITCHED_OUT SUSP_RX
661 TASK_SWITCHED_IN IDLE
661 TASK_INCREMENT_TICK 661
662 TASK_SWITCHED_OUT IDLE
662 TASK_SWITCHED_IN CNT_INC
662 TASK_PRIORITY_SET CNT_INC 1
662 MOVED_TASK_TO_READY_STATE CNT_INC
662 TASK_PRIORITY_SET CNT_INC 0
662 MOVED_TASK_TO_READY_STATE CNT_INC
662 TASK_SWITCHED_OUT CNT_INC
662 TASK_SWITCHED_IN SUSP_RX
662 QUEUE_RECEIVE_FAILED q1
662 QUEUE_RECEIVE_FAILED q1
662 QUEUE_RECEIVE_FAILED q1
662 TASK_INCREMENT_TICK 662
662 QUEUE_RECEIVE_FAILED q1
662 TASK_INCREMENT_TICK 662
663 TASK_SWITCHED_OUT SUSP_RX
663 TASK_SWITCHED_IN CNT_INC
663 TASK_PRIORITY_SET CNT_INC 1
663 MOVED_TASK_TO_READY_STATE CNT_INC
663 TASK_PRIORITY_SET CNT_INC 0
663 MOVED_TASK_TO_READY_STATE CNT_INC
663 TASK_SWITCHED_OUT CNT_INC
663 TASK_SWITCHED_IN IDLE
663 TASK_SWITCHED_OUT IDLE
663 TASK_SWITCHED_IN CNT_INC
663 TASK_PRIORITY_SET CNT_INC 1
663 MOVED_TASK_TO_READY_STATE CNT_INC
663 TASK_PRIORITY_SET CNT_INC 0
663 MOVED_TASK_TO_READY_STATE CNT_INC
663 TASK_SWITCHED_OUT CNT_INC
663 TASK_SWITCHED_IN SUSP_RX
663 QUEUE_RECEIVE_FAILED q1
663 QUEUE_RECEIVE_FAILED q1
663 TASK_INCREMENT_TICK 663
663 TASK_INCREMENT_TICK 663
664 TASK_SWITCHED_OUT SUSP_RX
664 TASK_SWITCHED_IN IDLE
664 TASK_INCREMENT_TICK 664
665 TASK_SWITCHED_OUT IDLE
665 TASK_SWITCHED_IN CNT_INC
665 TASK_PRIORITY_SET CNT_INC 1
665 MOVED_TASK_TO_READY_STATE CNT_INC
665 TASK_PRIORITY_SET CNT_INC 0
665 MOVED_TASK_TO_READY_STATE CNT_INC
665 TASK_SWITCHED_OUT CNT_INC
665 TASK_SWITCHED_IN SUSP_RX
665 QUEUE_RECEIVE_FAILED q1
665 QUEUE_RECEIVE_FAILED q1
665 QUEUE_RECEIVE_FAILED q1
665 TASK_INCREMENT_TICK 665
665 QUEUE_RECEIVE_FAILED q1
665 TASK_INCREMENT_TICK 665
666 TASK_SWITCHED_OUT SUSP_RX
666 TASK_SWITCHED_IN CNT_INC
666 TASK_PRIORITY_SET CNT_INC 1
666 MOVED_TASK_TO_READY_STATE CNT_INC
666 TASK_PRIORITY_SET CNT_INC 0
666 MOVED_TASK_TO_READY_STATE CNT_INC
666 TASK_SWITCHED_OUT CNT_INC
666 TASK_SWITCHED_IN IDLE
666 TASK_SWITCHED_OUT IDLE
666 TASK_SWITCHED_IN CNT_INC
666 TASK_PRIORITY_SET CNT_INC 1
666 MOVED_TASK_TO_READY_STATE CNT_INC
666 TASK_PRIORITY_SET CNT_INC 0
666 MOVED_TASK_TO_READY_STATE CNT_INC
666 TASK_SWITCHED_OUT CNT_INC
666 TASK_SWITCHED_IN SUSP_RX
666 QUEUE_RECEIVE_FAILED q1
666 QUEUE_RECEIVE_FAILED q1
666 TASK_INCREMENT_TICK 666
666 TASK_INCREMENT_TICK 666
667 TASK_SWITCHED_OUT SUSP_RX
667 TASK_SWITCHED_IN IDLE
667 TASK_INCREMENT_TICK 667
668 TASK_SWITCHED_OUT IDLE
668 TASK_SWITCHED_IN CNT_INC
668 TASK_PRIORITY_SET CNT_INC 1
668 MOVED_TASK_TO_READY_STATE CNT_INC
668 TASK_PRIORITY_SET CNT_INC 0
668 MOVED_TASK_TO_READY_STATE CNT_INC
668 TASK_SWITCHED_OUT CNT_INC
668 TASK_SWITCHED_IN SUSP_RX
668 QUEUE_RECEIVE_FAILED q1
668 QUEUE_RECEIVE_FAILED q1
668 QUEUE_RECEIVE_FAILED q1
668 TASK_INCREMENT_TICK 668
668 QUEUE_RECEIVE_FAILED q1
668 TASK_INCREMENT_TICK 668
669 TASK_SWITCHED_OUT SUSP_RX
669 TASK_SWITCHED_IN CNT_INC
669 TASK_PRIORITY_SET CNT_INC 1
669 MOVED_TASK_TO_READY_STATE CNT_INC
669 TASK_PRIORITY_SET CNT_INC 0
669 MOVED_TASK_TO_READY_STATE CNT_INC
669 TASK_SWITCHED_OUT CNT_INC
669 TASK_SWITCHED_IN IDLE
669 TASK_SWITCHED_OUT IDLE
669 TASK_SWITCHED_IN CNT_INC
669 TASK_PRIORITY_SET CNT_INC 1
669 MOVED_TASK_TO_READY_STATE CNT_INC
669 TASK_PRIORITY_SET CNT_INC 0
669 MOVED_TASK_TO_READY_STATE CNT_INC
669 TASK_SWITCHED_OUT CNT_INC
669 TASK_SWITCHED_IN SUSP_RX
669 QUEUE_RECEIVE_FAILED q1
669 QUEUE_RECEIVE_FAILED q1
669 TASK_INCREMENT_TICK 669
669 TASK_INCREMENT_TICK 669
670 TASK_SWITCHED_OUT SUSP_RX
670 TASK_SWITCHED_IN IDLE
670 TASK_INCREMENT_TICK 670
671 TASK_SWITCHED_OUT IDLE
671 TASK_SWITCHED_IN CNT_INC
671 TASK_PRIORITY_SET CNT_INC 1
671 MOVED_TASK_TO_READY_STATE CNT_INC
671 TASK_PRIORITY_SET CNT_INC 0
671 MOVED_TASK_TO_READY_STATE CNT_INC
671 TASK_SWITCHED_OUT CNT_INC
671 TASK_SWITCHED_IN SUSP_RX
671 QUEUE_RECEIVE_FAILED q1
671 QUEUE_RECEIVE_FAILED q1
671 QUEUE_RECEIVE_FAILED q1
671 TASK_INCREMENT_TICK 671
671 QUEUE_RECEIVE_FAILED q1
671 TASK_INCREMENT_TICK 671
672 TASK_SWITCHED_OUT SUSP_RX
672 TASK_SWITCHED_IN CNT_INC
672 TASK_PRIORITY_SET CNT_INC 1
672 MOVED_TASK_TO_READY_STATE CNT_INC
672 TASK_PRIORITY_SET CNT_INC 0
672 MOVED_TASK_TO_READY_STATE CNT_INC
672 TASK_SWITCHED_OUT CNT_INC
672 TASK_SWITCHED_IN IDLE
672 TASK_SWITCHED_OUT IDLE
672 TASK_SWITCHED_IN CNT_INC
672 TASK_PRIORITY_SET CNT_INC 1
672 MOVED_TASK_TO_READY_STATE CNT_INC
672 TASK_PRIORITY_SET CNT_INC 0
672 MOVED_TASK_TO_READY_STATE CNT_INC
672 TASK_SWITCHED_OUT CNT_INC
672 TASK_SWITCHED_IN SUSP_RX
672 QUEUE_RECEIVE_FAILED q1
672 QUEUE_RECEIVE_FAILED q1
672 TASK_INCREMENT_TICK 672
672 TASK_INCREMENT_TICK 672
673 TASK_SWITCHED_OUT SUSP_RX
673 TASK_SWITCHED_IN IDLE
673 TASK_INCREMENT_TICK 673
674 TASK_SWITCHED_OUT IDLE
674 TASK_SWITCHED_IN CNT_INC
674 TASK_PRIORITY_SET CNT_INC 1
674 MOVED_TASK_TO_READY_STATE CNT_INC
674 TASK_PRIORITY_SET CNT_INC 0
674 MOVED_TASK_TO_READY_STATE CNT_INC
674 TASK_SWITCHED_OUT CNT_INC
674 TASK_SWITCHED_IN SUSP_RX
674 QUEUE_RECEIVE_FAILED q1
674 QUEUE_RECEIVE_FAILED q1
674 QUEUE_RECEIVE_FAILED q1
674 TASK_INCREMENT_TICK 674
674 QUEUE_RECEIVE_FAILED q1
674 TASK_INCREMENT_TICK 674
675 TASK_SWITCHED_OUT SUSP_RX
675 TASK_SWITCHED_IN CNT_INC
675 TASK_PRIORITY_SET CNT_INC 1
675 MOVED_TASK_TO_READY_STATE CNT_INC
675 TASK_PRIORITY_SET CNT_INC 0
675 MOVED_TASK_TO_READY_STATE CNT_INC
675 TASK_SWITCHED_OUT CNT_INC
675 TASK_SWITCHED_IN IDLE
675 TASK_SWITCHED_OUT IDLE
675 TASK_SWITCHED_IN CNT_INC
675 TASK_PRIORITY_SET CNT_INC 1
675 MOVED_TASK_TO_READY_STATE CNT_INC
675 TASK_PRIORITY_SET CNT_INC 0
675 MOVED_TASK_TO_READY_STATE CNT_INC
675 TASK_SWITCHED_OUT CNT_INC
675 TASK_SWITCHED_IN SUSP_RX
675 QUEUE_RECEIVE_FAILED q1
675 QUEUE_RECEIVE_FAILED q1
675 TASK_INCREMENT_TICK 675
675 TASK_INCREMENT_TICK 675
676 TASK_SWITCHED_OUT SUSP_RX
676 TASK_SWITCHED_IN IDLE
676 TASK_INCREMENT_TICK 676
677 TASK_SWITCHED_OUT IDLE
677 TASK_SWITCHED_IN CNT_INC
677 TASK_PRIORITY_SET CNT_INC 1
677 MOVED_TASK_TO_READY_STATE CNT_INC
677 TASK_PRIORITY_SET CNT_INC 0
677 MOVED_TASK_TO_READY_STATE CNT_INC
677 TASK_SWITCHED_OUT CNT_INC
677 TASK_SWITCHED_IN SUSP_RX
677 QUEUE_RECEIVE_FAILED q1
677 QUEUE_RECEIVE_FAILED q1
677 QUEUE_RECEIVE_FAILED q1
677 TASK_INCREMENT_TICK 677
677 QUEUE_RECEIVE_FAILED q1
677 TASK_INCREMENT_TICK 677
678 TASK_SWITCHED_OUT SUSP_RX
678 TASK_SWITCHED_IN CNT_INC
678 TASK_PRIORITY_SET CNT_INC 1
678 MOVED_TASK_TO_READY_STATE CNT_INC
678 TASK_PRIORITY_SET CNT_INC 0
678 MOVED_TASK_TO_READY_STATE CNT_INC
678 TASK_SWITCHED_OUT CNT_INC
678 TASK_SWITCHED_IN IDLE
678 TASK_SWITCHED_OUT IDLE
678 TASK_SWITCHED_IN CNT_INC
678 TASK_PRIORITY_SET CNT_INC 1
678 MOVED_TASK_TO_READY_STATE CNT_INC
678 TASK_PRIORITY_SET CNT_INC 0
678 MOVED_TASK_TO_READY_STATE CNT_INC
678 TASK_SWITCHED_OUT CNT_INC
678 TASK_SWITCHED_IN SUSP_RX
678 QUEUE_RECEIVE_FAILED q1
678 QUEUE_RECEIVE_FAILED q1
678 TASK_INCREMENT_TICK 678
678 TASK_INCREMENT_TICK 678
679 TASK_SWITCHED_OUT SUSP_RX
679 TASK_SWITCHED_IN IDLE
679 TASK_INCREMENT_TICK 679
680 TASK_SWITCHED_OUT IDLE
680 TASK_SWITCHED_IN CNT_INC
680 TASK_PRIORITY_SET CNT_INC 1
680 MOVED_TASK_TO_READY_STATE CNT_INC
680 TASK_PRIORITY_SET CNT_INC 0
680 MOVED_TASK_TO_READY_STATE CNT_INC
680 TASK_SWITCHED_OUT CNT_INC
680 TASK_SWITCHED_IN SUSP_RX
680 QUEUE_RECEIVE_FAILED q1
680 QUEUE_RECEIVE_FAILED q1
680 QUEUE_RECEIVE_FAILED q1
680 TASK_INCREMENT_TICK 680
680 QUEUE_RECEIVE_FAILED q1
680 TASK_INCREMENT_TICK 680
681 TASK_SWITCHED_OUT SUSP_RX
681 TASK_SWITCHED_IN CNT_INC
681 TASK_PRIORITY_SET CNT_INC 1
681 MOVED_TASK_TO_READY_STATE CNT_INC
681 TASK_PRIORITY_SET CNT_INC 0
681 MOVED_TASK_TO_READY_STATE CNT_INC
681 TASK_SWITCHED_OUT CNT_INC
681 TASK_SWITCHED_IN IDLE
681 TASK_SWITCHED_OUT IDLE
681 TASK_SWITCHED_IN CNT_INC
681 TASK_PRIORITY_SET CNT_INC 1
681 MOVED_TASK_TO_READY_STATE CNT_INC
681 TASK_PRIORITY_SET CNT_INC 0
681 MOVED_TASK_TO_READY_STATE CNT_INC
681 TASK_SWITCHED_OUT CNT_INC
681 TASK_SWITCHED_IN SUSP_RX
681 QUEUE_RECEIVE_FAILED q1
681 QUEUE_RECEIVE_FAILED q1
681 TASK_INCREMENT_TICK 681
681 TASK_INCREMENT_TICK 681
682 TASK_SWITCHED_OUT SUSP_RX
682 TASK_SWITCHED_IN IDLE
682 TASK_INCREMENT_TICK 682
683 TASK_SWITCHED_OUT IDLE
683 TASK_SWITCHED_IN CNT_INC
683 TASK_PRIORITY_SET CNT_INC 1
683 MOVED_TASK_TO_READY_STATE CNT_INC
683 TASK_PRIORITY_SET CNT_INC 0
683 MOVED_TASK_TO_READY_STATE CNT_INC
683 TASK_SWITCHED_OUT CNT_INC
683 TASK_SWITCHED_IN SUSP_RX
683 QUEUE_RECEIVE_FAILED q1
683 QUEUE_RECEIVE_FAILED q1
683 QUEUE_RECEIVE_FAILED q1
683 TASK_INCREMENT_TICK 683
683 QUEUE_RECEIVE_FAILED q1
683 TASK_INCREMENT_TICK 683
684 TASK_SWITCHED_OUT SUSP_RX
684 TASK_SWITCHED_IN CNT_INC
684 TASK_PRIORITY_SET CNT_INC 1
684 MOVED_TASK_TO_READY_STATE CNT_INC
684 TASK_PRIORITY_SET CNT_INC 0
684 MOVED_TASK_TO_READY_STATE CNT_INC
684 TASK_SWITCHED_OUT CNT_INC
684 TASK_SWITCHED_IN IDLE
684 TASK_SWITCHED_OUT IDLE
684 TASK_SWITCHED_IN CNT_INC
684 TASK_PRIORITY_SET CNT_INC 1
684 MOVED_TASK_TO_READY_STATE CNT_INC
684 TASK_PRIORITY_SET CNT_INC 0
684 MOVED_TASK_TO_READY_STATE CNT_INC
684 TASK_SWITCHED_OUT CNT_INC
684 TASK_SWITCHED_IN SUSP_RX
684 QUEUE_RECEIVE_FAILED q1
684 QUEUE_RECEIVE_FAILED q1
684 TASK_INCREMENT_TICK 684
684 TASK_INCREMENT_TICK 684
685 TASK_SWITCHED_OUT SUSP_RX
685 TASK_SWITCHED_IN IDLE
685 TASK_INCREMENT_TICK 685
686 TASK_SWITCHED_OUT IDLE
686 TASK_SWITCHED_IN CNT_INC
686 TASK_PRIORITY_SET CNT_INC 1
686 MOVED_TASK_TO_READY_STATE CNT_INC
686 TASK_PRIORITY_SET CNT_INC 0
686 MOVED_TASK_TO_READY_STATE CNT_INC
686 TASK_SWITCHED_OUT CNT_INC
686 TASK_SWITCHED_IN SUSP_RX
686 QUEUE_RECEIVE_FAILED q1
686 QUEUE_RECEIVE_FAILED q1
686 QUEUE_RECEIVE_FAILED q1
686 TASK_INCREMENT_TICK 686
686 QUEUE_RECEIVE_FAILED q1
686 TASK_INCREMENT_TICK 686
687 TASK_SWITCHED_OUT SUSP_RX
687 TASK_SWITCHED_IN CNT_INC
687 TASK_PRIORITY_SET CNT_INC 1
687 MOVED_TASK_TO_READY_STATE CNT_INC
687 TASK_PRIORITY_SET CNT_INC 0
687 MOVED_TASK_TO_READY_STATE CNT_INC
687 TASK_SWITCHED_OUT CNT_INC
687 TASK_SWITCHED_IN IDLE
687 TASK_SWITCHED_OUT IDLE
687 TASK_SWITCHED_IN CNT_INC
687 TASK_PRIORITY_SET CNT_INC 1
687 MOVED_TASK_TO_READY_STATE CNT_INC
687 TASK_PRIORITY_SET CNT_INC 0
687 MOVED_TASK_TO_READY_STATE CNT_INC
687 TASK_SWITCHED_OUT CNT_INC
687 TASK_SWITCHED_IN SUSP_RX
687 QUEUE_RECEIVE_FAILED q1
687 QUEUE_RECEIVE_FAILED q1
687 TASK_INCREMENT_TICK 687
687 TASK_INCREMENT_TICK 687
688 TASK_SWITCHED_OUT SUSP_RX
688 TASK_SWITCHED_IN IDLE
688 TASK_INCREMENT_TICK 688
689 TASK_SWITCHED_OUT IDLE
689 TASK_SWITCHED_IN CNT_INC
689 TASK_PRIORITY_SET CNT_INC 1
689 MOVED_TASK_TO_READY_STATE CNT_INC
689 TASK_PRIORITY_SET CNT_INC 0
689 MOVED_TASK_TO_READY_STATE CNT_INC
689 TASK_SWITCHED_OUT CNT_INC
689 TASK_SWITCHED_IN SUSP_RX
689 QUEUE_RECEIVE_FAILED q1
689 QUEUE_RECEIVE_FAILED q1
689 QUEUE_RECEIVE_FAILED q1
689 TASK_INCREMENT_TICK 689
689 QUEUE_RECEIVE_FAILED q1
689 TASK_INCREMENT_TICK 689
690 TASK_SWITCHED_OUT SUSP_RX
690 TASK_SWITCHED_IN CNT_INC
690 TASK_PRIORITY_SET CNT_INC 1
690 MOVED_TASK_TO_READY_STATE CNT_INC
690 TASK_PRIORITY_SET CNT_INC 0
690 MOVED_TASK_TO_READY_STATE CNT_INC
690 TASK_SWITCHED_OUT CNT_INC
690 TASK_SWITCHED_IN IDLE
690 TASK_SWITCHED_OUT IDLE
690 TASK_SWITCHED_IN CNT_INC
690 TASK_PRIORITY_SET CNT_INC 1
690 MOVED_TASK_TO_READY_STATE CNT_INC
690 TASK_PRIORITY_SET CNT_INC 0
690 MOVED_TASK_TO_READY_STATE CNT_INC
690 TASK_SWITCHED_OUT CNT_INC
690 TASK_SWITCHED_IN SUSP_RX
690 QUEUE_RECEIVE_FAILED q1
690 QUEUE_RECEIVE_FAILED q1
690 TASK_INCREMENT_TICK 690
690 TASK_INCREMENT_TICK 690
691 TASK_SWITCHED_OUT SUSP_RX
691 TASK_SWITCHED_IN IDLE
691 TASK_INCREMENT_TICK 691
692 TASK_SWITCHED_OUT IDLE
692 TASK_SWITCHED_IN CNT_INC
692 TASK_PRIORITY_SET CNT_INC 1
692 MOVED_TASK_TO_READY_STATE CNT_INC
692 TASK_PRIORITY_SET CNT_INC 0
692 MOVED_TASK_TO_READY_STATE CNT_INC
692 TASK_SWITCHED_OUT CNT_INC
692 TASK_SWITCHED_IN SUSP_RX
692 QUEUE_RECEIVE_FAILED q1
692 QUEUE_RECEIVE_FAILED q1
692 QUEUE_RECEIVE_FAILED q1
692 TASK_INCREMENT_TICK 692
692 QUEUE_RECEIVE_FAILED q1
692 TASK_INCREMENT_TICK 692
693 TASK_SWITCHED_OUT SUSP_RX
693 TASK_SWITCHED_IN CNT_INC
693 TASK_PRIORITY_SET CNT_INC 1
693 MOVED_TASK_TO_READY_STATE CNT_INC
693 TASK_PRIORITY_SET CNT_INC 0
693 MOVED_TASK_TO_READY_STATE CNT_INC
693 TASK_SWITCHED_OUT CNT_INC
693 TASK_SWITCHED_IN IDLE
693 TASK_SWITCHED_OUT IDLE
693 TASK_SWITCHED_IN CNT_INC
693 TASK_PRIORITY_SET CNT_INC 1
693 MOVED_TASK_TO_READY_STATE CNT_INC
693 TASK_PRIORITY_SET CNT_INC 0
693 MOVED_TASK_TO_READY_STATE CNT_INC
693 TASK_SWITCHED_OUT CNT_INC
693 TASK_SWITCHED_IN SUSP_RX
693 QUEUE_RECEIVE_FAILED q1
693 QUEUE_RECEIVE_FAILED q1
693 TASK_INCREMENT_TICK 693
693 TASK_INCREMENT_TICK 693
694 TASK_SWITCHED_OUT SUSP_RX
694 TASK_SWITCHED_IN IDLE
694 TASK_INCREMENT_TICK 694
695 TASK_SWITCHED_OUT IDLE
695 TASK_SWITCHED_IN CNT_INC
695 TASK_PRIORITY_SET CNT_INC 1
695 MOVED_TASK_TO_READY_STATE CNT_INC
695 TASK_PRIORITY_SET CNT_INC 0
695 MOVED_TASK_TO_READY_STATE CNT_INC
695 TASK_SWITCHED_OUT CNT_INC
695 TASK_SWITCHED_IN SUSP_RX
695 QUEUE_RECEIVE_FAILED q1
695 QUEUE_RECEIVE_FAILED q1
695 QUEUE_RECEIVE_FAILED q1
695 TASK_INCREMENT_TICK 695
695 QUEUE_RECEIVE_FAILED q1
695 TASK_INCREMENT_TICK 695
696 TASK_SWITCHED_OUT SUSP_RX
696 TASK_SWITCHED_IN CNT_INC
696 TASK_PRIORITY_SET CNT_INC 1
696 MOVED_TASK_TO_READY_STATE CNT_INC
696 TASK_PRIORITY_SET CNT_INC 0
696 MOVED_TASK_TO_READY_STATE CNT_INC
696 TASK_SWITCHED_OUT CNT_INC
696 TASK_SWITCHED_IN IDLE
696 TASK_SWITCHED_OUT IDLE
696 TASK_SWITCHED_IN CNT_INC
696 TASK_PRIORITY_SET CNT_INC 1
696 MOVED_TASK_TO_READY_STATE CNT_INC
696 TASK_PRIORITY_SET CNT_INC 0
696 MOVED_TASK_TO_READY_STATE CNT_INC
696 TASK_SWITCHED_OUT CNT_INC
696 TASK_SWITCHED_IN SUSP_RX
696 QUEUE_RECEIVE_FAILED q1
696 QUEUE_RECEIVE_FAILED q1
696 TASK_INCREMENT_TICK 696
696 TASK_INCREMENT_TICK 696
697 TASK_SWITCHED_OUT SUSP_RX
697 TASK_SWITCHED_IN IDLE
697 TASK_INCREMENT_TICK 697
698 TASK_SWITCHED_OUT IDLE
698 TASK_SWITCHED_IN CNT_INC
698 TASK_PRIORITY_SET CNT_INC 1
698 MOVED_TASK_TO_READY_STATE CNT_INC
698 TASK_PRIORITY_SET CNT_INC 0
698 MOVED_TASK_TO_READY_STATE CNT_INC
698 TASK_SWITCHED_OUT CNT_INC
698 TASK_SWITCHED_IN SUSP_RX
698 QUEUE_RECEIVE_FAILED q1
698 QUEUE_RECEIVE_FAILED q1
698 QUEUE_RECEIVE_FAILED q1
698 TASK_INCREMENT_TICK 698
698 QUEUE_RECEIVE_FAILED q1
698 TASK_INCREMENT_TICK 698
699 TASK_SWITCHED_OUT SUSP_RX
699 TASK_SWITCHED_IN CNT_INC
699 TASK_PRIORITY_SET CNT_INC 1
699 MOVED_TASK_TO_READY_STATE CNT_INC
699 TASK_PRIORITY_SET CNT_INC 0
699 MOVED_TASK_TO_READY_STATE CNT_INC
699 TASK_SWITCHED_OUT CNT_INC
699 TASK_SWITCHED_IN IDLE
699 TASK_SWITCHED_OUT IDLE
699 TASK_SWITCHED_IN CNT_INC
699 TASK_PRIORITY_SET CNT_INC 1
699 MOVED_TASK_TO_READY_STATE CNT_INC
699 TASK_PRIORITY_SET CNT_INC 0
699 MOVED_TASK_TO_READY_STATE CNT_INC
699 TASK_SWITCHED_OUT CNT_INC
699 TASK_SWITCHED_IN SUSP_RX
699 QUEUE_RECEIVE_FAILED q1
699 QUEUE_RECEIVE_FAILED q1
699 TASK_INCREMENT_TICK 699
699 TASK_INCREMENT_TICK 699
700 MOVED_TASK_TO_READY_STATE CHECK
700 TASK_SWITCHED_OUT SUSP_RX
700 TASK_SWITCHED_IN CHECK
700 TASK_DELAY CHECK 100
700 MOVED_TASK_TO_DELAYED_LIST CHECK
700 TASK_SWITCHED_OUT CHECK
700 TASK_SWITCHED_IN IDLE
700 TASK_INCREMENT_TICK 700
701 TASK_SWITCHED_OUT IDLE
701 TASK_SWITCHED_IN CNT_INC
701 TASK_PRIORITY_SET CNT_INC 1
701 MOVED_TASK_TO_READY_STATE CNT_INC
701 TASK_PRIORITY_SET CNT_INC 0
701 MOVED_TASK_TO_READY_STATE CNT_INC
701 TASK_SWITCHED_OUT CNT_INC
701 TASK_SWITCHED_IN SUSP_RX
701 QUEUE_RECEIVE_FAILED q1
701 QUEUE_RECEIVE_FAILED q1
701 QUEUE_RECEIVE_FAILED q1
701 TASK_INCREMENT_TICK 701
701 TASK_INCREMENT_TICK 701
702 TASK_SWITCHED_OUT SUSP_RX
702 TASK_SWITCHED_IN CNT_INC
702 TASK_PRIORITY_SET CNT_INC 1
702 MOVED_TASK_TO_READY_STATE CNT_INC
702 TASK_PRIORITY_SET CNT_INC 0
702 MOVED_TASK_TO_READY_STATE CNT_INC
702 TASK_SWITCHED_OUT CNT_INC
702 TASK_SWITCHED_IN IDLE
702 TASK_SWITCHED_OUT IDLE
702 TASK_SWITCHED_IN CNT_INC
702 TASK_PRIORITY_SET CNT_INC 1
702 MOVED_TASK_TO_READY_STATE CNT_INC
702 TASK_PRIORITY_SET CNT_INC 0
702 MOVED_TASK_TO_READY_STATE CNT_INC
702 TASK_SWITCHED_OUT CNT_INC
702 TASK_SWITCHED_IN SUSP_RX
702 QUEUE_RECEIVE_FAILED q1
702 QUEUE_RECEIVE_FAILED q1
702 TASK_INCREMENT_TICK 702
703 TASK_SWITCHED_OUT SUSP_RX
703 TASK_SWITCHED_IN IDLE
703 TASK_INCREMENT_TICK 703
704 TASK_SWITCHED_OUT IDLE
704 TASK_SWITCHED_IN CNT_INC
704 TASK_PRIORITY_SET CNT_INC 1
704 MOVED_TASK_TO_READY_STATE CNT_INC
704 TASK_PRIORITY_SET CNT_INC 0
704 MOVED_TASK_TO_READY_STATE CNT_INC
704 TASK_SWITCHED_OUT CNT_INC
704 TASK_SWITCHED_IN SUSP_RX
704 QUEUE_RECEIVE_FAILED q1
704 QUEUE_RECEIVE_FAILED q1
704 QUEUE_RECEIVE_FAILED q1
704 QUEUE_RECEIVE_FAILED q1
704 TASK_INCREMENT_TICK 704
704 TASK_INCREMENT_TICK 704
705 TASK_SWITCHED_OUT SUSP_RX
705 TASK_SWITCHED_IN CNT_INC
705 TASK_PRIORITY_SET CNT_INC 1
705 MOVED_TASK_TO_READY_STATE CNT_INC
705 TASK_PRIORITY_SET CNT_INC 0
705 MOVED_TASK_TO_READY_STATE CNT_INC
705 TASK_SWITCHED_OUT CNT_INC
705 TASK_SWITCHED_IN IDLE
705 TASK_SWITCHED_OUT IDLE
705 TASK_SWITCHED_IN CNT_INC
705 TASK_PRIORITY_SET CNT_INC 1
705 MOVED_TASK_TO_READY_STATE CNT_INC
705 TASK_PRIORITY_SET CNT_INC 0
705 MOVED_TASK_TO_READY_STATE CNT_INC
705 TASK_SWITCHED_OUT CNT_INC
705 TASK_SWITCHED_IN SUSP_RX
705 QUEUE_RECEIVE_FAILED q1
705 QUEUE_RECEIVE_FAILED q1
705 TASK_INCREMENT_TICK 705
706 TASK_SWITCHED_OUT SUSP_RX
706 TASK_SWITCHED_IN IDLE
706 TASK_INCREMENT_TICK 706
707 TASK_SWITCHED_OUT IDLE
707 TASK_SWITCHED_IN CNT_INC
707 TASK_PRIORITY_SET CNT_INC 1
707 MOVED_TASK_TO_READY_STATE CNT_INC
707 TASK_PRIORITY_SET CNT_INC 0
707 MOVED_TASK_TO_READY_STATE CNT_INC
707 TASK_SWITCHED_OUT CNT_INC
707 TASK_SWITCHED_IN SUSP_RX
707 QUEUE_RECEIVE_FAILED q1
707 QUEUE_RECEIVE_FAILED q1
707 QUEUE_RECEIVE_FAILED q1
707 QUEUE_RECEIVE_FAILED q1
707 TASK_INCREMENT_TICK 707
707 TASK_INCREMENT_TICK 707
708 TASK_SWITCHED_OUT SUSP_RX
708 TASK_SWITCHED_IN CNT_INC
708 TASK_PRIORITY_SET CNT_INC 1
708 MOVED_TASK_TO_READY_STATE CNT_INC
708 TASK_PRIORITY_SET CNT_INC 0
708 MOVED_TASK_TO_READY_STATE CNT_INC
708 TASK_SWITCHED_OUT CNT_INC
708 TASK_SWITCHED_IN IDLE
708 TASK_SWITCHED_OUT IDLE
708 TASK_SWITCHED_IN CNT_INC
708 TASK_PRIORITY_SET CNT_INC 1
708 MOVED_TASK_TO_READY_STATE CNT_INC
708 TASK_PRIORITY_SET CNT_INC 0
708 MOVED_TASK_TO_READY_STATE CNT_INC
708 TASK_SWITCHED_OUT CNT_INC
708 TASK_SWITCHED_IN SUSP_RX
708 QUEUE_RECEIVE_FAILED q1
708 QUEUE_RECEIVE_FAILED q1
708 TASK_INCREMENT_TICK 708
709 TASK_SWITCHED_OUT SUSP_RX
709 TASK_SWITCHED_IN IDLE
709 TASK_INCREMENT_TICK 709
710 TASK_SWITCHED_OUT IDLE
710 TASK_SWITCHED_IN CNT_INC
710 TASK_PRIORITY_SET CNT_INC 1
710 MOVED_TASK_TO_READY_STATE CNT_INC
710 TASK_PRIORITY_SET CNT_INC 0
710 MOVED_TASK_TO_READY_STATE CNT_INC
710 TASK_SWITCHED_OUT CNT_INC
710 TASK_SWITCHED_IN SUSP_RX
710 QUEUE_RECEIVE_FAILED q1
710 QUEUE_RECEIVE_FAILED q1
710 QUEUE_RECEIVE_FAILED q1
710 QUEUE_RECEIVE_FAILED q1
710 TASK_INCREMENT_TICK 710
710 TASK_INCREMENT_TICK 710
711 TASK_SWITCHED_OUT SUSP_RX
711 TASK_SWITCHED_IN CNT_INC
711 TASK_PRIORITY_SET CNT_INC 1
711 MOVED_TASK_TO_READY_STATE CNT_INC
711 TASK_PRIORITY_SET CNT_INC 0
711 MOVED_TASK_TO_READY_STATE CNT_INC
711 TASK_SWITCHED_OUT CNT_INC
711 TASK_SWITCHED_IN IDLE
711 TASK_SWITCHED_OUT IDLE
711 TASK_SWITCHED_IN CNT_INC
711 TASK_PRIORITY_SET CNT_INC 1
711 MOVED_TASK_TO_READY_STATE CNT_INC
711 TASK_PRIORITY_SET CNT_INC 0
711 MOVED_TASK_TO_READY_STATE CNT_INC
711 TASK_SWITCHED_OUT CNT_INC
711 TASK_SWITCHED_IN SUSP_RX
711 QUEUE_RECEIVE_FAILED q1
711 QUEUE_RECEIVE_FAILED q1
711 TASK_INCREMENT_TICK 711
712 TASK_SWITCHED_OUT SUSP_RX
712 TASK_SWITCHED_IN IDLE
712 TASK_INCREMENT_TICK 712
713 TASK_SWITCHED_OUT IDLE
713 TASK_SWITCHED_IN CNT_INC
713 TASK_PRIORITY_SET CNT_INC 1
713 MOVED_TASK_TO_READY_STATE CNT_INC
713 TASK_PRIORITY_SET CNT_INC 0
713 MOVED_TASK_TO_READY_STATE CNT_INC
713 TASK_SWITCHED_OUT CNT_INC
713 TASK_SWITCHED_IN SUSP_RX
713 QUEUE_RECEIVE_FAILED q1
713 QUEUE_RECEIVE_FAILED q1
713 QUEUE_RECEIVE_FAILED q1
713 QUEUE_RECEIVE_FAILED q1
713 TASK_INCREMENT_TICK 713
713 TASK_INCREMENT_TICK 713
714 TASK_SWITCHED_OUT SUSP_RX
714 TASK_SWITCHED_IN CNT_INC
714 TASK_PRIORITY_SET CNT_INC 1
714 MOVED_TASK_TO_READY_STATE CNT_INC
714 TASK_PRIORITY_SET CNT_INC 0
714 MOVED_TASK_TO_READY_STATE CNT_INC
714 TASK_SWITCHED_OUT CNT_INC
714 TASK_SWITCHED_IN IDLE
714 TASK_SWITCHED_OUT IDLE
714 TASK_SWITCHED_IN CNT_INC
714 TASK_PRIORITY_SET CNT_INC 1
714 MOVED_TASK_TO_READY_STATE CNT_INC
714 TASK_PRIORITY_SET CNT_INC 0
714 MOVED_TASK_TO_READY_STATE CNT_INC
714 TASK_SWITCHED_OUT CNT_INC
714 TASK_SWITCHED_IN SUSP_RX
714 QUEUE_RECEIVE_FAILED q1
714 QUEUE_RECEIVE_FAILED q1
714 TASK_INCREMENT_TICK 714
715 TASK_SWITCHED_OUT SUSP_RX
715 TASK_SWITCHED_IN IDLE
715 TASK_INCREMENT_TICK 715
716 TASK_SWITCHED_OUT IDLE
716 TASK_SWITCHED_IN CNT_INC
716 TASK_PRIORITY_SET CNT_INC 1
716 MOVED_TASK_TO_READY_STATE CNT_INC
716 TASK_PRIORITY_SET CNT_INC 0
716 MOVED_TASK_TO_READY_STATE CNT_INC
716 TASK_SWITCHED_OUT CNT_INC
716 TASK_SWITCHED_IN SUSP_RX
716 QUEUE_RECEIVE_FAILED q1
716 QUEUE_RECEIVE_FAILED q1
716 QUEUE_RECEIVE_FAILED q1
716 QUEUE_RECEIVE_FAILED q1
716 TASK_INCREMENT_TICK 716
716 TASK_INCREMENT_TICK 716
717 TASK_SWITCHED_OUT SUSP_RX
717 TASK_SWITCHED_IN CNT_INC
717 TASK_PRIORITY_SET CNT_INC 1
717 MOVED_TASK_TO_READY_STATE CNT_INC
717 TASK_PRIORITY_SET CNT_INC 0
717 MOVED_TASK_TO_READY_STATE CNT_INC
717 TASK_SWITCHED_OUT CNT_INC
717 TASK_SWITCHED_IN IDLE
717 TASK_SWITCHED_OUT IDLE
717 TASK_SWITCHED_IN CNT_INC
717 TASK_PRIORITY_SET CNT_INC 1
717 MOVED_TASK_TO_READY_STATE CNT_INC
717 TASK_PRIORITY_SET CNT_INC 0
717 MOVED_TASK_TO_READY_STATE CNT_INC
717 TASK_SWITCHED_OUT CNT_INC
717 TASK_SWITCHED_IN SUSP_RX
717 QUEUE_RECEIVE_FAILED q1
717 QUEUE_RECEIVE_FAILED q1
717 TASK_INCREMENT_TICK 717
718 TASK_SWITCHED_OUT SUSP_RX
718 TASK_SWITCHED_IN IDLE
718 TASK_INCREMENT_TICK 718
719 TASK_SWITCHED_OUT IDLE
719 TASK_SWITCHED_IN CNT_INC
719 TASK_PRIORITY_SET CNT_INC 1
719 MOVED_TASK_TO_READY_STATE CNT_INC
719 TASK_PRIORITY_SET CNT_INC 0
719 MOVED_TASK_TO_READY_STATE CNT_INC
719 TASK_SWITCHED_OUT CNT_INC
719 TASK_SWITCHED_IN SUSP_RX
719 QUEUE_RECEIVE_FAILED q1
719 QUEUE_RECEIVE_FAILED q1
719 QUEUE_RECEIVE_FAILED q1
719 QUEUE_RECEIVE_FAILED q1
719 TASK_INCREMENT_TICK 719
719 TASK_INCREMENT_TICK 719
720 TASK_SWITCHED_OUT SUSP_RX
720 TASK_SWITCHED_IN CNT_INC
720 TASK_PRIORITY_SET CNT_INC 1
720 MOVED_TASK_TO_READY_STATE CNT_INC
720 TASK_PRIORITY_SET CNT_INC 0
720 MOVED_TASK_TO_READY_STATE CNT_INC
720 TASK_SWITCHED_OUT CNT_INC
720 TASK_SWITCHED_IN IDLE
720 TASK_SWITCHED_OUT IDLE
720 TASK_SWITCHED_IN CNT_INC
720 TASK_PRIORITY_SET CNT_INC 1
720 MOVED_TASK_TO_READY_STATE CNT_INC
720 TASK_PRIORITY_SET CNT_INC 0
720 MOVED_TASK_TO_READY_STATE CNT_INC
720 TASK_SWITCHED_OUT CNT_INC
720 TASK_SWITCHED_IN SUSP_RX
720 QUEUE_RECEIVE_FAILED q1
720 QUEUE_RECEIVE_FAILED q1
720 TASK_INCREMENT_TICK 720
721 TASK_SWITCHED_OUT SUSP_RX
721 TASK_SWITCHED_IN IDLE
721 TASK_INCREMENT_TICK 721
722 TASK_SWITCHED_OUT IDLE
722 TASK_SWITCHED_IN CNT_INC
722 TASK_PRIORITY_SET CNT_INC 1
722 MOVED_TASK_TO_READY_STATE CNT_INC
722 TASK_PRIORITY_SET CNT_INC 0
722 MOVED_TASK_TO_READY_STATE CNT_INC
722 TASK_SWITCHED_OUT CNT_INC
722 TASK_SWITCHED_IN SUSP_RX
722 QUEUE_RECEIVE_FAILED q1
722 QUEUE_RECEIVE_FAILED q1
722 QUEUE_RECEIVE_FAILED q1
722 QUEUE_RECEIVE_FAILED q1
722 TASK_INCREMENT_TICK 722
722 TASK_INCREMENT_TICK 722
723 TASK_SWITCHED_OUT SUSP_RX
723 TASK_SWITCHED_IN CNT_INC
723 TASK_PRIORITY_SET CNT_INC 1
723 MOVED_TASK_TO_READY_STATE CNT_INC
723 TASK_PRIORITY_SET CNT_INC 0
723 MOVED_TASK_TO_READY_STATE CNT_INC
723 TASK_SWITCHED_OUT CNT_INC
723 TASK_SWITCHED_IN IDLE
723 TASK_SWITCHED_OUT IDLE
723 TASK_SWITCHED_IN CNT_INC
723 TASK_PRIORITY_SET CNT_INC 1
723 MOVED_TASK_TO_READY_STATE CNT_INC
723 TASK_PRIORITY_SET CNT_INC 0
723 MOVED_TASK_TO_READY_STATE CNT_INC
723 TASK_SWITCHED_OUT CNT_INC
723 TASK_SWITCHED_IN SUSP_RX
723 QUEUE_RECEIVE_FAILED q1
723 QUEUE_RECEIVE_FAILED q1
723 TASK_INCREMENT_TICK 723
724 TASK_SWITCHED_OUT SUSP_RX
724 TASK_SWITCHED_IN IDLE
724 TASK_INCREMENT_TICK 724
725 TASK_SWITCHED_OUT IDLE
725 TASK_SWITCHED_IN CNT_INC
725 TASK_PRIORITY_SET CNT_INC 1
725 MOVED_TASK_TO_READY_STATE CNT_INC
725 TASK_PRIORITY_SET CNT_INC 0
725 MOVED_TASK_TO_READY_STATE CNT_INC
725 TASK_SWITCHED_OUT CNT_INC
725 TASK_SWITCHED_IN SUSP_RX
725 QUEUE_RECEIVE_FAILED q1
725 QUEUE_RECEIVE_FAILED q1
725 QUEUE_RECEIVE_FAILED q1
725 QUEUE_RECEIVE_FAILED q1
725 TASK_INCREMENT_TICK 725
725 TASK_INCREMENT_TICK 725
726 TASK_SWITCHED_OUT SUSP_RX
726 TASK_SWITCHED_IN CNT_INC
726 TASK_PRIORITY_SET CNT_INC 1
726 MOVED_TASK_TO_READY_STATE CNT_INC
726 TASK_PRIORITY_SET CNT_INC 0
726 MOVED_TASK_TO_READY_STATE CNT_INC
726 TASK_SWITCHED_OUT CNT_INC
726 TASK_SWITCHED_IN IDLE
726 TASK_SWITCHED_OUT IDLE
726 TASK_SWITCHED_IN CNT_INC
726 TASK_PRIORITY_SET CNT_INC 1
726 MOVED_TASK_TO_READY_STATE CNT_INC
726 TASK_PRIORITY_SET CNT_INC 0
726 MOVED_TASK_TO_READY_STATE CNT_INC
726 TASK_SWITCHED_OUT CNT_INC
726 TASK_SWITCHED_IN SUSP_RX
726 QUEUE_RECEIVE_FAILED q1
726 QUEUE_RECEIVE_FAILED q1
726 TASK_INCREMENT_TICK 726
727 TASK_SWITCHED_OUT SUSP_RX
727 TASK_SWITCHED_IN IDLE
727 TASK_INCREMENT_TICK 727
728 TASK_SWITCHED_OUT IDLE
728 TASK_SWITCHED_IN CNT_INC
728 TASK_PRIORITY_SET CNT_INC 1
728 MOVED_TASK_TO_READY_STATE CNT_INC
728 TASK_PRIORITY_SET CNT_INC 0
728 MOVED_TASK_TO_READY_STATE CNT_INC
728 TASK_SWITCHED_OUT CNT_INC
728 TASK_SWITCHED_IN SUSP_RX
728 QUEUE_RECEIVE_FAILED q1
728 QUEUE_RECEIVE_FAILED q1
728 QUEUE_RECEIVE_FAILED q1
728 QUEUE_RECEIVE_FAILED q1
728 TASK_INCREMENT_TICK 728
728 TASK_INCREMENT_TICK 728
729 TASK_SWITCHED_OUT SUSP_RX
729 TASK_SWITCHED_IN CNT_INC
729 TASK_PRIORITY_SET CNT_INC 1
729 MOVED_TASK_TO_READY_STATE CNT_INC
729 TASK_PRIORITY_SET CNT_INC 0
729 MOVED_TASK_TO_READY_STATE CNT_INC
729 TASK_SWITCHED_OUT CNT_INC
729 TASK_SWITCHED_IN IDLE
729 TASK_SWITCHED_OUT IDLE
729 TASK_SWITCHED_IN CNT_INC
729 TASK_PRIORITY_SET CNT_INC 1
729 MOVED_TASK_TO_READY_STATE CNT_INC
729 TASK_PRIORITY_SET CNT_INC 0
729 MOVED_TASK_TO_READY_STATE CNT_INC
729 TASK_SWITCHED_OUT CNT_INC
729 TASK_SWITCHED_IN SUSP_RX
729 QUEUE_RECEIVE_FAILED q1
729 QUEUE_RECEIVE_FAILED q1
729 TASK_INCREMENT_TICK 729
730 TASK_SWITCHED_OUT SUSP_RX
730 TASK_SWITCHED_IN IDLE
730 TASK_INCREMENT_TICK 730
731 TASK_SWITCHED_OUT IDLE
731 TASK_SWITCHED_IN CNT_INC
731 TASK_PRIORITY_SET CNT_INC 1
731 MOVED_TASK_TO_READY_STATE CNT_INC
731 TASK_PRIORITY_SET CNT_INC 0
731 MOVED_TASK_TO_READY_STATE CNT_INC
731 TASK_SWITCHED_OUT CNT_INC
731 TASK_SWITCHED_IN SUSP_RX
731 QUEUE_RECEIVE_FAILED q1
731 QUEUE_RECEIVE_FAILED q1
731 QUEUE_RECEIVE_FAILED q1
731 QUEUE_RECEIVE_FAILED q1
731 TASK_INCREMENT_TICK 731
731 TASK_INCREMENT_TICK 731
732 TASK_SWITCHED_OUT SUSP_RX
732 TASK_SWITCHED_IN CNT_INC
732 TASK_PRIORITY_SET CNT_INC 1
732 MOVED_TASK_TO_READY_STATE CNT_INC
732 TASK_PRIORITY_SET CNT_INC 0
732 MOVED_TASK_TO_READY_STATE CNT_INC
732 TASK_SWITCHED_OUT CNT_INC
732 TASK_SWITCHED_IN IDLE
732 TASK_SWITCHED_OUT IDLE
732 TASK_SWITCHED_IN CNT_INC
732 TASK_PRIORITY_SET CNT_INC 1
732 MOVED_TASK_TO_READY_STATE CNT_INC
732 TASK_PRIORITY_SET CNT_INC 0
732 MOVED_TASK_TO_READY_STATE CNT_INC
732 TASK_SWITCHED_OUT CNT_INC
732 TASK_SWITCHED_IN SUSP_RX
732 QUEUE_RECEIVE_FAILED q1
732 QUEUE_RECEIVE_FAILED q1
732 TASK_INCREMENT_TICK 732
733 TASK_SWITCHED_OUT SUSP_RX
733 TASK_SWITCHED_IN IDLE
733 TASK_INCREMENT_TICK 733
734 TASK_SWITCHED_OUT IDLE
734 TASK_SWITCHED_IN CNT_INC
734 TASK_PRIORITY_SET CNT_INC 1
734 MOVED_TASK_TO_READY_STATE CNT_INC
734 TASK_PRIORITY_SET CNT_INC 0
734 MOVED_TASK_TO_READY_STATE CNT_INC
734 TASK_SWITCHED_OUT CNT_INC
734 TASK_SWITCHED_IN SUSP_RX
734 QUEUE_RECEIVE_FAILED q1
734 QUEUE_RECEIVE_FAILED q1
734 QUEUE_RECEIVE_FAILED q1
734 QUEUE_RECEIVE_FAILED q1
734 TASK_INCREMENT_TICK 734
734 TASK_INCREMENT_TICK 734
735 TASK_SWITCHED_OUT SUSP_RX
735 TASK_SWITCHED_IN CNT_INC
735 TASK_PRIORITY_SET CNT_INC 1
735 MOVED_TASK_TO_READY_STATE CNT_INC
735 TASK_PRIORITY_SET CNT_INC 0
735 MOVED_TASK_TO_READY_STATE CNT_INC
735 TASK_SWITCHED_OUT CNT_INC
735 TASK_SWITCHED_IN IDLE
735 TASK_SWITCHED_OUT IDLE
735 TASK_SWITCHED_IN CNT_INC
735 TASK_PRIORITY_SET CNT_INC 1
735 MOVED_TASK_TO_READY_STATE CNT_INC
735 TASK_PRIORITY_SET CNT_INC 0
735 MOVED_TASK_TO_READY_STATE CNT_INC
735 TASK_SWITCHED_OUT CNT_INC
735 TASK_SWITCHED_IN SUSP_RX
735 QUEUE_RECEIVE_FAILED q1
735 QUEUE_RECEIVE_FAILED q1
735 TASK_INCREMENT_TICK 735
736 TASK_SWITCHED_OUT SUSP_RX
736 TASK_SWITCHED_IN IDLE
736 TASK_INCREMENT_TICK 736
737 TASK_SWITCHED_OUT IDLE
737 TASK_SWITCHED_IN CNT_INC
737 TASK_PRIORITY_SET CNT_INC 1
737 MOVED_TASK_TO_READY_STATE CNT_INC
737 TASK_PRIORITY_SET CNT_INC 0
737 MOVED_TASK_TO_READY_STATE CNT_INC
737 TASK_SWITCHED_OUT CNT_INC
737 TASK_SWITCHED_IN SUSP_RX
737 QUEUE_RECEIVE_FAILED q1
737 QUEUE_RECEIVE_FAILED q1
737 QUEUE_RECEIVE_FAILED q1
737 QUEUE_RECEIVE_FAILED q1
737 TASK_INCREMENT_TICK 737
737 TASK_INCREMENT_TICK 737
738 TASK_SWITCHED_OUT SUSP_RX
738 TASK_SWITCHED_IN CNT_INC
738 TASK_PRIORITY_SET CNT_INC 1
738 MOVED_TASK_TO_READY_STATE CNT_INC
738 TASK_PRIORITY_SET CNT_INC 0
738 MOVED_TASK_TO_READY_STATE CNT_INC
738 TASK_SWITCHED_OUT CNT_INC
738 TASK_SWITCHED_IN IDLE
738 TASK_SWITCHED_OUT IDLE
738 TASK_SWITCHED_IN CNT_INC
738 TASK_PRIORITY_SET CNT_INC 1
738 MOVED_TASK_TO_READY_STATE CNT_INC
738 TASK_PRIORITY_SET CNT_INC 0
738 MOVED_TASK_TO_READY_STATE CNT_INC
738 TASK_SWITCHED_OUT CNT_INC
738 TASK_SWITCHED_IN SUSP_RX
738 QUEUE_RECEIVE_FAILED q1
738 QUEUE_RECEIVE_FAILED q1
738 TASK_INCREMENT_TICK 738
739 TASK_SWITCHED_OUT SUSP_RX
739 TASK_SWITCHED_IN IDLE
739 TASK_INCREMENT_TICK 739
740 TASK_SWITCHED_OUT IDLE
740 TASK_SWITCHED_IN CNT_INC
740 TASK_PRIORITY_SET CNT_INC 1
740 MOVED_TASK_TO_READY_STATE CNT_INC
740 TASK_PRIORITY_SET CNT_INC 0
740 MOVED_TASK_TO_READY_STATE CNT_INC
740 TASK_SWITCHED_OUT CNT_INC
740 TASK_SWITCHED_IN SUSP_RX
740 QUEUE_RECEIVE_FAILED q1
740 QUEUE_RECEIVE_FAILED q1
740 QUEUE_RECEIVE_FAILED q1
740 QUEUE_RECEIVE_FAILED q1
740 TASK_INCREMENT_TICK 740
740 TASK_INCREMENT_TICK 740
741 TASK_SWITCHED_OUT SUSP_RX
741 TASK_SWITCHED_IN CNT_INC
741 TASK_PRIORITY_SET CNT_INC 1
741 MOVED_TASK_TO_READY_STATE CNT_INC
741 TASK_PRIORITY_SET CNT_INC 0
741 MOVED_TASK_TO_READY_STATE CNT_INC
741 TASK_SWITCHED_OUT CNT_INC
741 TASK_SWITCHED_IN IDLE
741 TASK_SWITCHED_OUT IDLE
741 TASK_SWITCHED_IN CNT_INC
741 TASK_PRIORITY_SET CNT_INC 1
741 MOVED_TASK_TO_READY_STATE CNT_INC
741 TASK_PRIORITY_SET CNT_INC 0
741 MOVED_TASK_TO_READY_STATE CNT_INC
741 TASK_SWITCHED_OUT CNT_INC
741 TASK_SWITCHED_IN SUSP_RX
741 QUEUE_RECEIVE_FAILED q1
741 QUEUE_RECEIVE_FAILED q1
741 TASK_INCREMENT_TICK 741
742 TASK_SWITCHED_OUT SUSP_RX
742 TASK_SWITCHED_IN IDLE
742 TASK_INCREMENT_TICK 742
743 TASK_SWITCHED_OUT IDLE
743 TASK_SWITCHED_IN CNT_INC
743 TASK_PRIORITY_SET CNT_INC 1
743 MOVED_TASK_TO_READY_STATE CNT_INC
743 TASK_PRIORITY_SET CNT_INC 0
743 MOVED_TASK_TO_READY_STATE CNT_INC
743 TASK_SWITCHED_OUT CNT_INC
743 TASK_SWITCHED_IN SUSP_RX
743 QUEUE_RECEIVE_FAILED q1
743 QUEUE_RECEIVE_FAILED q1
743 QUEUE_RECEIVE_FAILED q1
743 QUEUE_RECEIVE_FAILED q1
743 TASK_INCREMENT_TICK 743
743 TASK_INCREMENT_TICK 743
744 TASK_SWITCHED_OUT SUSP_RX
744 TASK_SWITCHED_IN CNT_INC
744 TASK_PRIORITY_SET CNT_INC 1
744 MOVED_TASK_TO_READY_STATE CNT_INC
744 TASK_PRIORITY_SET CNT_INC 0
744 MOVED_TASK_TO_READY_STATE CNT_INC
744 TASK_SWITCHED_OUT CNT_INC
744 TASK_SWITCHED_IN IDLE
744 TASK_SWITCHED_OUT IDLE
744 TASK_SWITCHED_IN CNT_INC
744 TASK_PRIORITY_SET CNT_INC 1
744 MOVED_TASK_TO_READY_STATE CNT_INC
744 TASK_PRIORITY_SET CNT_INC 0
744 MOVED_TASK_TO_READY_STATE CNT_INC
744 TASK_SWITCHED_OUT CNT_INC
744 TASK_SWITCHED_IN SUSP_RX
744 QUEUE_RECEIVE_FAILED q1
744 QUEUE_RECEIVE_FAILED q1
744 TASK_INCREMENT_TICK 744
745 TASK_SWITCHED_OUT SUSP_RX
745 TASK_SWITCHED_IN IDLE
745 TASK_INCREMENT_TICK 745
746 TASK_SWITCHED_OUT IDLE
746 TASK_SWITCHED_IN CNT_INC
746 TASK_PRIORITY_SET CNT_INC 1
746 MOVED_TASK_TO_READY_STATE CNT_INC
746 TASK_PRIORITY_SET CNT_INC 0
746 MOVED_TASK_TO_READY_STATE CNT_INC
746 TASK_SWITCHED_OUT CNT_INC
746 TASK_SWITCHED_IN SUSP_RX
746 QUEUE_RECEIVE_FAILED q1
746 QUEUE_RECEIVE_FAILED q1
746 QUEUE_RECEIVE_FAILED q1
746 QUEUE_RECEIVE_FAILED q1
746 TASK_INCREMENT_TICK 746
746 TASK_INCREMENT_TICK 746
747 TASK_SWITCHED_OUT SUSP_RX
747 TASK_SWITCHED_IN CNT_INC
747 TASK_PRIORITY_SET CNT_INC 1
747 MOVED_TASK_TO_READY_STATE CNT_INC
747 TASK_PRIORITY_SET CNT_INC 0
747 MOVED_TASK_TO_READY_STATE CNT_INC
747 TASK_SWITCHED_OUT CNT_INC
747 TASK_SWITCHED_IN IDLE
747 TASK_SWITCHED_OUT IDLE
747 TASK_SWITCHED_IN CNT_INC
747 TASK_PRIORITY_SET CNT_INC 1
747 MOVED_TASK_TO_READY_STATE CNT_INC
747 TASK_PRIORITY_SET CNT_INC 0
747 MOVED_TASK_TO_READY_STATE CNT_INC
747 TASK_SWITCHED_OUT CNT_INC
747 TASK_SWITCHED_IN SUSP_RX
747 QUEUE_RECEIVE_FAILED q1
747 QUEUE_RECEIVE_FAILED q1
747 TASK_INCREMENT_TICK 747
748 TASK_SWITCHED_OUT SUSP_RX
748 TASK_SWITCHED_IN IDLE
748 TASK_INCREMENT_TICK 748
749 TASK_SWITCHED_OUT IDLE
749 TASK_SWITCHED_IN CNT_INC
749 TASK_PRIORITY_SET CNT_INC 1
749 MOVED_TASK_TO_READY_STATE CNT_INC
749 TASK_PRIORITY_SET CNT_INC 0
749 MOVED_TASK_TO_READY_STATE CNT_INC
749 TASK_SWITCHED_OUT CNT_INC
749 TASK_SWITCHED_IN SUSP_RX
749 QUEUE_RECEIVE_FAILED q1
749 QUEUE_RECEIVE_FAILED q1
749 QUEUE_RECEIVE_FAILED q1
749 QUEUE_RECEIVE_FAILED q1
749 TASK_INCREMENT_TICK 749
749 TASK_INCREMENT_TICK 749
750 TASK_SWITCHED_OUT SUSP_RX
750 TASK_SWITCHED_IN CNT_INC
750 TASK_PRIORITY_SET CNT_INC 1
750 MOVED_TASK_TO_READY_STATE CNT_INC
750 TASK_PRIORITY_SET CNT_INC 0
750 MOVED_TASK_TO_READY_STATE CNT_INC
750 TASK_SWITCHED_OUT CNT_INC
750 TASK_SWITCHED_IN IDLE
750 TASK_SWITCHED_OUT IDLE
750 TASK_SWITCHED_IN CNT_INC
750 TASK_PRIORITY_SET CNT_INC 1
750 MOVED_TASK_TO_READY_STATE CNT_INC
750 TASK_PRIORITY_SET CNT_INC 0
750 MOVED_TASK_TO_READY_STATE CNT_INC
750 TASK_SWITCHED_OUT CNT_INC
750 TASK_SWITCHED_IN SUSP_RX
750 QUEUE_RECEIVE_FAILED q1
750 QUEUE_RECEIVE_FAILED q1
750 TASK_INCREMENT_TICK 750
751 TASK_SWITCHED_OUT SUSP_RX
751 TASK_SWITCHED_IN IDLE
751 TASK_INCREMENT_TICK 751
752 TASK_SWITCHED_OUT IDLE
752 TASK_SWITCHED_IN CNT_INC
752 TASK_PRIORITY_SET CNT_INC 1
752 MOVED_TASK_TO_READY_STATE CNT_INC
752 TASK_PRIORITY_SET CNT_INC 0
752 MOVED_TASK_TO_READY_STATE CNT_INC
752 TASK_SWITCHED_OUT CNT_INC
752 TASK_SWITCHED_IN SUSP_RX
752 QUEUE_RECEIVE_FAILED q1
752 QUEUE_RECEIVE_FAILED q1
752 QUEUE_RECEIVE_FAILED q1
752 QUEUE_RECEIVE_FAILED q1
752 TASK_INCREMENT_TICK 752
752 TASK_INCREMENT_TICK 752
753 TASK_SWITCHED_OUT SUSP_RX
753 TASK_SWITCHED_IN CNT_INC
753 TASK_PRIORITY_SET CNT_INC 1
753 MOVED_TASK_TO_READY_STATE CNT_INC
753 TASK_PRIORITY_SET CNT_INC 0
753 MOVED_TASK_TO_READY_STATE CNT_INC
753 TASK_SWITCHED_OUT CNT_INC
753 TASK_SWITCHED_IN IDLE
753 TASK_SWITCHED_OUT IDLE
753 TASK_SWITCHED_IN CNT_INC
753 TASK_PRIORITY_SET CNT_INC 1
753 MOVED_TASK_TO_READY_STATE CNT_INC
753 TASK_PRIORITY_SET CNT_INC 0
753 MOVED_TASK_TO_READY_STATE CNT_INC
753 TASK_SWITCHED_OUT CNT_INC
753 TASK_SWITCHED_IN SUSP_RX
753 QUEUE_RECEIVE_FAILED q1
753 QUEUE_RECEIVE_FAILED q1
753 TASK_INCREMENT_TICK 753
754 TASK_SWITCHED_OUT SUSP_RX
754 TASK_SWITCHED_IN IDLE
754 TASK_INCREMENT_TICK 754
755 TASK_SWITCHED_OUT IDLE
755 TASK_SWITCHED_IN CNT_INC
755 TASK_PRIORITY_SET CNT_INC 1
755 MOVED_TASK_TO_READY_STATE CNT_INC
755 TASK_PRIORITY_SET CNT_INC 0
755 MOVED_TASK_TO_READY_STATE CNT_INC
755 TASK_SWITCHED_OUT CNT_INC
755 TASK_SWITCHED_IN SUSP_RX
755 QUEUE_RECEIVE_FAILED q1
755 QUEUE_RECEIVE_FAILED q1
755 QUEUE_RECEIVE_FAILED q1
755 QUEUE_RECEIVE_FAILED q1
755 TASK_INCREMENT_TICK 755
755 TASK_INCREMENT_TICK 755
756 TASK_SWITCHED_OUT SUSP_RX
756 TASK_SWITCHED_IN CNT_INC
756 TASK_PRIORITY_SET CNT_INC 1
756 MOVED_TASK_TO_READY_STATE CNT_INC
756 TASK_PRIORITY_SET CNT_INC 0
756 MOVED_TASK_TO_READY_STATE CNT_INC
756 TASK_SWITCHED_OUT CNT_INC
756 TASK_SWITCHED_IN IDLE
756 TASK_SWITCHED_OUT IDLE
756 TASK_SWITCHED_IN CNT_INC
756 TASK_PRIORITY_SET CNT_INC 1
756 MOVED_TASK_TO_READY_STATE CNT_INC
756 TASK_PRIORITY_SET CNT_INC 0
756 MOVED_TASK_TO_READY_STATE CNT_INC
756 TASK_SWITCHED_OUT CNT_INC
756 TASK_SWITCHED_IN SUSP_RX
756 QUEUE_RECEIVE_FAILED q1
756 QUEUE_RECEIVE_FAILED q1
756 TASK_INCREMENT_TICK 756
757 TASK_SWITCHED_OUT SUSP_RX
757 TASK_SWITCHED_IN IDLE
757 TASK_INCREMENT_TICK 757
758 TASK_SWITCHED_OUT IDLE
758 TASK_SWITCHED_IN CNT_INC
758 TASK_PRIORITY_SET CNT_INC 1
758 MOVED_TASK_TO_READY_STATE CNT_INC
758 TASK_PRIORITY_SET CNT_INC 0
758 MOVED_TASK_TO_READY_STATE CNT_INC
758 TASK_SWITCHED_OUT CNT_INC
758 TASK_SWITCHED_IN SUSP_RX
758 QUEUE_RECEIVE_FAILED q1
758 QUEUE_RECEIVE_FAILED q1
758 QUEUE_RECEIVE_FAILED q1
758 QUEUE_RECEIVE_FAILED q1
758 TASK_INCREMENT_TICK 758
758 TASK_INCREMENT_TICK 758
759 TASK_SWITCHED_OUT SUSP_RX
759 TASK_SWITCHED_IN CNT_INC
759 TASK_PRIORITY_SET CNT_INC 1
759 MOVED_TASK_TO_READY_STATE CNT_INC
759 TASK_PRIORITY_SET CNT_INC 0
759 MOVED_TASK_TO_READY_STATE CNT_INC
759 TASK_SWITCHED_OUT CNT_INC
759 TASK_SWITCHED_IN IDLE
759 TASK_SWITCHED_OUT IDLE
759 TASK_SWITCHED_IN CNT_INC
759 TASK_PRIORITY_SET CNT_INC 1
759 MOVED_TASK_TO_READY_STATE CNT_INC
759 TASK_PRIORITY_SET CNT_INC 0
759 MOVED_TASK_TO_READY_STATE CNT_INC
759 TASK_SWITCHED_OUT CNT_INC
759 TASK_SWITCHED_IN SUSP_RX
759 QUEUE_RECEIVE_FAILED q1
759 QUEUE_RECEIVE_FAILED q1
759 TASK_INCREMENT_TICK 759
760 TASK_SWITCHED_OUT SUSP_RX
760 TASK_SWITCHED_IN IDLE
760 TASK_INCREMENT_TICK 760
761 TASK_SWITCHED_OUT IDLE
761 TASK_SWITCHED_IN CNT_INC
761 TASK_PRIORITY_SET CNT_INC 1
761 MOVED_TASK_TO_READY_STATE CNT_INC
761 TASK_PRIORITY_SET CNT_INC 0
761 MOVED_TASK_TO_READY_STATE CNT_INC
761 TASK_SWITCHED_OUT CNT_INC
761 TASK_SWITCHED_IN SUSP_RX
761 QUEUE_RECEIVE_FAILED q1
761 QUEUE_RECEIVE_FAILED q1
761 QUEUE_RECEIVE_FAILED q1
761 QUEUE_RECEIVE_FAILED q1
761 TASK_INCREMENT_TICK 761
761 TASK_INCREMENT_TICK 761
762 TASK_SWITCHED_OUT SUSP_RX
762 TASK_SWITCHED_IN CNT_INC
762 TASK_PRIORITY_SET CNT_INC 1
762 MOVED_TASK_TO_READY_STATE CNT_INC
762 TASK_PRIORITY_SET CNT_INC 0
762 MOVED_TASK_TO_READY_STATE CNT_INC
762 TASK_SWITCHED_OUT CNT_INC
762 TASK_SWITCHED_IN IDLE
762 TASK_SWITCHED_OUT IDLE
762 TASK_SWITCHED_IN CNT_INC
762 TASK_PRIORITY_SET CNT_INC 1
762 MOVED_TASK_TO_READY_STATE CNT_INC
762 TASK_PRIORITY_SET CNT_INC 0
762 MOVED_TASK_TO_READY_STATE CNT_INC
762 TASK_SWITCHED_OUT CNT_INC
762 TASK_SWITCHED_IN SUSP_RX
762 QUEUE_RECEIVE_FAILED q1
762 QUEUE_RECEIVE_FAILED q1
762 TASK_INCREMENT_TICK 762
763 TASK_SWITCHED_OUT SUSP_RX
763 TASK_SWITCHED_IN IDLE
763 TASK_INCREMENT_TICK 763
764 TASK_SWITCHED_OUT IDLE
764 TASK_SWITCHED_IN CNT_INC
764 TASK_PRIORITY_SET CNT_INC 1
764 MOVED_TASK_TO_READY_STATE CNT_INC
764 TASK_PRIORITY_SET CNT_INC 0
764 MOVED_TASK_TO_READY_STATE CNT_INC
764 TASK_SWITCHED_OUT CNT_INC
764 TASK_SWITCHED_IN SUSP_RX
764 QUEUE_RECEIVE_FAILED q1
764 QUEUE_RECEIVE_FAILED q1
764 QUEUE_RECEIVE_FAILED q1
764 QUEUE_RECEIVE_FAILED q1
764 TASK_INCREMENT_TICK 764
764 TASK_INCREMENT_TICK 764
765 TASK_SWITCHED_OUT SUSP_RX
765 TASK_SWITCHED_IN CNT_INC
765 TASK_PRIORITY_SET CNT_INC 1
765 MOVED_TASK_TO_READY_STATE CNT_INC
765 TASK_PRIORITY_SET CNT_INC 0
765 MOVED_TASK_TO_READY_STATE CNT_INC
765 TASK_SWITCHED_OUT CNT_INC
765 TASK_SWITCHED_IN IDLE
765 TASK_SWITCHED_OUT IDLE
765 TASK_SWITCHED_IN CNT_INC
765 TASK_PRIORITY_SET CNT_INC 1
765 MOVED_TASK_TO_READY_STATE CNT_INC
765 TASK_PRIORITY_SET CNT_INC 0
765 MOVED_TASK_TO_READY_STATE CNT_INC
765 TASK_SWITCHED_OUT CNT_INC
765 TASK_SWITCHED_IN SUSP_RX
765 QUEUE_RECEIVE_FAILED q1
765 QUEUE_RECEIVE_FAILED q1
765 TASK_INCREMENT_TICK 765
766 TASK_SWITCHED_OUT SUSP_RX
766 TASK_SWITCHED_IN IDLE
766 TASK_INCREMENT_TICK 766
767 TASK_SWITCHED_OUT IDLE
767 TASK_SWITCHED_IN CNT_INC
767 TASK_PRIORITY_SET CNT_INC 1
767 MOVED_TASK_TO_READY_STATE CNT_INC
767 TASK_PRIORITY_SET CNT_INC 0
767 MOVED_TASK_TO_READY_STATE CNT_INC
767 TASK_SWITCHED_OUT CNT_INC
767 TASK_SWITCHED_IN SUSP_RX
767 QUEUE_RECEIVE_FAILED q1
767 QUEUE_RECEIVE_FAILED q1
767 QUEUE_RECEIVE_FAILED q1
767 QUEUE_RECEIVE_FAILED q1
767 TASK_INCREMENT_TICK 767
767 TASK_INCREMENT_TICK 767
768 TASK_SWITCHED_OUT SUSP_RX
768 TASK_SWITCHED_IN CNT_INC
768 TASK_PRIORITY_SET CNT_INC 1
768 MOVED_TASK_TO_READY_STATE CNT_INC
768 TASK_PRIORITY_SET CNT_INC 0
768 MOVED_TASK_TO_READY_STATE CNT_INC
768 TASK_SWITCHED_OUT CNT_INC
768 TASK_SWITCHED_IN IDLE
768 TASK_SWITCHED_OUT IDLE
768 TASK_SWITCHED_IN CNT_INC
768 TASK_PRIORITY_SET CNT_INC 1
768 MOVED_TASK_TO_READY_STATE CNT_INC
768 TASK_PRIORITY_SET CNT_INC 0
768 MOVED_TASK_TO_READY_STATE CNT_INC
768 TASK_SWITCHED_OUT CNT_INC
768 TASK_SWITCHED_IN SUSP_RX
768 QUEUE_RECEIVE_FAILED q1
768 QUEUE_RECEIVE_FAILED q1
768 TASK_INCREMENT_TICK 768
769 TASK_SWITCHED_OUT SUSP_RX
769 TASK_SWITCHED_IN IDLE
769 TASK_INCREMENT_TICK 769
770 TASK_SWITCHED_OUT IDLE
770 TASK_SWITCHED_IN CNT_INC
770 TASK_PRIORITY_SET CNT_INC 1
770 MOVED_TASK_TO_READY_STATE CNT_INC
770 TASK_PRIORITY_SET CNT_INC 0
770 MOVED_TASK_TO_READY_STATE CNT_INC
770 TASK_SWITCHED_OUT CNT_INC
770 TASK_SWITCHED_IN SUSP_RX
770 QUEUE_RECEIVE_FAILED q1
770 QUEUE_RECEIVE_FAILED q1
770 QUEUE_RECEIVE_FAILED q1
770 QUEUE_RECEIVE_FAILED q1
770 TASK_INCREMENT_TICK 770
770 TASK_INCREMENT_TICK 770
771 TASK_SWITCHED_OUT SUSP_RX
771 TASK_SWITCHED_IN CNT_INC
771 TASK_PRIORITY_SET CNT_INC 1
771 MOVED_TASK_TO_READY_STATE CNT_INC
771 TASK_PRIORITY_SET CNT_INC 0
771 MOVED_TASK_TO_READY_STATE CNT_INC
771 TASK_SWITCHED_OUT CNT_INC
771 TASK_SWITCHED_IN IDLE
771 TASK_SWITCHED_OUT IDLE
771 TASK_SWITCHED_IN CNT_INC
771 TASK_PRIORITY_SET CNT_INC 1
771 MOVED_TASK_TO_READY_STATE CNT_INC
771 TASK_PRIORITY_SET CNT_INC 0
771 MOVED_TASK_TO_READY_STATE CNT_INC
771 TASK_SWITCHED_OUT CNT_INC
771 TASK_SWITCHED_IN SUSP_RX
771 QUEUE_RECEIVE_FAILED q1
771 QUEUE_RECEIVE_FAILED q1
771 TASK_INCREMENT_TICK 771
772 TASK_SWITCHED_OUT SUSP_RX
772 TASK_SWITCHED_IN IDLE
772 TASK_INCREMENT_TICK 772
773 TASK_SWITCHED_OUT IDLE
773 TASK_SWITCHED_IN CNT_INC
773 TASK_PRIORITY_SET CNT_INC 1
773 MOVED_TASK_TO_READY_STATE CNT_INC
773 TASK_PRIORITY_SET CNT_INC 0
773 MOVED_TASK_TO_READY_STATE CNT_INC
773 TASK_SWITCHED_OUT CNT_INC
773 TASK_SWITCHED_IN SUSP_RX
773 QUEUE_RECEIVE_FAILED q1
773 QUEUE_RECEIVE_FAILED q1
773 QUEUE_RECEIVE_FAILED q1
773 QUEUE_RECEIVE_FAILED q1
773 TASK_INCREMENT_TICK 773
773 TASK_INCREMENT_TICK 773
774 MOVED_TASK_TO_READY_STATE C_CTRL
774 TASK_SWITCHED_OUT SUSP_RX
774 TASK_SWITCHED_IN CNT_INC
774 TASK_PRIORITY_SET CNT_INC 1
774 MOVED_TASK_TO_READY_STATE CNT_INC
774 TASK_PRIORITY_SET CNT_INC 0
774 MOVED_TASK_TO_READY_STATE CNT_INC
774 TASK_SWITCHED_OUT CNT_INC
774 TASK_SWITCHED_IN IDLE
774 TASK_SWITCHED_OUT IDLE
774 TASK_SWITCHED_IN C_CTRL
774 TASK_SUSPEND CNT_INC
774 TASK_RESUME CNT_INC
774 MOVED_TASK_TO_READY_STATE CNT_INC
774 TASK_DELAY C_CTRL 128
774 MOVED_TASK_TO_DELAYED_LIST C_CTRL
774 TASK_SWITCHED_OUT C_CTRL
774 TASK_SWITCHED_IN SUSP_RX
774 QUEUE_RECEIVE_FAILED q1
774 TASK_INCREMENT_TICK 774
774 TASK_INCREMENT_TICK 774
775 TASK_SWITCHED_OUT SUSP_RX
775 TASK_SWITCHED_IN IDLE
775 TASK_INCREMENT_TICK 775
776 MOVED_TASK_TO_READY_STATE SUSP_TX
776 TASK_SWITCHED_OUT IDLE
776 TASK_SWITCHED_IN CNT_INC
776 TASK_PRIORITY_SET CNT_INC 1
776 MOVED_TASK_TO_READY_STATE CNT_INC
776 TASK_PRIORITY_SET CNT_INC 0
776 MOVED_TASK_TO_READY_STATE CNT_INC
776 TASK_SWITCHED_OUT CNT_INC
776 TASK_SWITCHED_IN SUSP_RX
776 QUEUE_RECEIVE_FAILED q1
776 QUEUE_RECEIVE_FAILED q1
776 QUEUE_RECEIVE_FAILED q1
776 TASK_INCREMENT_TICK 776
776 QUEUE_RECEIVE_FAILED q1
776 TASK_INCREMENT_TICK 776
777 TASK_SWITCHED_OUT SUSP_RX
777 TASK_SWITCHED_IN SUSP_TX
777 QUEUE_SEND q1
777 TASK_DELAY SUSP_TX 128
777 MOVED_TASK_TO_DELAYED_LIST SUSP_TX
777 TASK_SWITCHED_OUT SUSP_TX
777 TASK_SWITCHED_IN IDLE
777 TASK_SWITCHED_OUT IDLE
777 TASK_SWITCHED_IN CNT_INC
777 TASK_PRIORITY_SET CNT_INC 1
777 MOVED_TASK_TO_READY_STATE CNT_INC
777 TASK_PRIORITY_SET CNT_INC 0
777 MOVED_TASK_TO_READY_STATE CNT_INC
777 TASK_SWITCHED_OUT CNT_INC
777 TASK_SWITCHED_IN SUSP_RX
777 QUEUE_RECEIVE q1
777 QUEUE_RECEIVE_FAILED q1
777 TASK_INCREMENT_TICK 777
777 TASK_INCREMENT_TICK 777
778 TASK_SWITCHED_OUT SUSP_RX
778 TASK_SWITCHED_IN CNT_INC
778 TASK_PRIORITY_SET CNT_INC 1
778 MOVED_TASK_TO_READY_STATE CNT_INC
778 TASK_PRIORITY_SET CNT_INC 0
778 MOVED_TASK_TO_READY_STATE CNT_INC
778 TASK_SWITCHED_OUT CNT_INC
778 TASK_SWITCHED_IN IDLE
778 TASK_INCREMENT_TICK 778
779 TASK_SWITCHED_OUT IDLE
779 TASK_SWITCHED_IN CNT_INC
779 TASK_PRIORITY_SET CNT_INC 1
779 MOVED_TASK_TO_READY_STATE CNT_INC
779 TASK_PRIORITY_SET CNT_INC 0
779 MOVED_TASK_TO_READY_STATE CNT_INC
779 TASK_SWITCHED_OUT CNT_INC
779 TASK_SWITCHED_IN SUSP_RX
779 QUEUE_RECEIVE_FAILED q1
779 QUEUE_RECEIVE_FAILED q1
779 TASK_INCREMENT_TICK 779
780 TASK_SWITCHED_OUT SUSP_RX
780 TASK_SWITCHED_IN IDLE
780 TASK_SWITCHED_OUT IDLE
780 TASK_SWITCHED_IN CNT_INC
780 TASK_PRIORITY_SET CNT_INC 1
780 MOVED_TASK_TO_READY_STATE CNT_INC
780 TASK_PRIORITY_SET CNT_INC 0
780 MOVED_TASK_TO_READY_STATE CNT_INC
780 TASK_SWITCHED_OUT CNT_INC
780 TASK_SWITCHED_IN SUSP_RX
780 QUEUE_RECEIVE_FAILED q1
780 QUEUE_RECEIVE_FAILED q1
780 QUEUE_RECEIVE_FAILED q1
780 QUEUE_RECEIVE_FAILED q1
780 TASK_INCREMENT_TICK 780
780 TASK_INCREMENT_TICK 780
781 TASK_SWITCHED_OUT SUSP_RX
781 TASK_SWITCHED_IN CNT_INC
781 TASK_PRIORITY_SET CNT_INC 1
781 MOVED_TASK_TO_READY_STATE CNT_INC
781 TASK_PRIORITY_SET CNT_INC 0
781 MOVED_TASK_TO_READY_STATE CNT_INC
781 TASK_SWITCHED_OUT CNT_INC
781 TASK_SWITCHED_IN IDLE
781 TASK_INCREMENT_TICK 781
782 TASK_SWITCHED_OUT IDLE
782 TASK_SWITCHED_IN CNT_INC
782 TASK_PRIORITY_SET CNT_INC 1
782 MOVED_TASK_TO_READY_STATE CNT_INC
782 TASK_PRIORITY_SET CNT_INC 0
782 MOVED_TASK_TO_READY_STATE CNT_INC
782 TASK_SWITCHED_OUT CNT_INC
782 TASK_SWITCHED_IN SUSP_RX
782 QUEUE_RECEIVE_FAILED q1
782 QUEUE_RECEIVE_FAILED q1
782 TASK_INCREMENT_TICK 782
783 TASK_SWITCHED_OUT SUSP_RX
783 TASK_SWITCHED_IN IDLE
783 TASK_SWITCHED_OUT IDLE
783 TASK_SWITCHED_IN CNT_INC
783 TASK_PRIORITY_SET CNT_INC 1
783 MOVED_TASK_TO_READY_STATE CNT_INC
783 TASK_PRIORITY_SET CNT_INC 0
783 MOVED_TASK_TO_READY_STATE CNT_INC
783 TASK_SWITCHED_OUT CNT_INC
783 TASK_SWITCHED_IN SUSP_RX
783 QUEUE_RECEIVE_FAILED q1
783 QUEUE_RECEIVE_FAILED q1
783 QUEUE_RECEIVE_FAILED q1
783 QUEUE_RECEIVE_FAILED q1
783 TASK_INCREMENT_TICK 783
783 TASK_INCREMENT_TICK 783
784 TASK_SWITCHED_OUT SUSP_RX
784 TASK_SWITCHED_IN CNT_INC
784 TASK_PRIORITY_SET CNT_INC 1
784 MOVED_TASK_TO_READY_STATE CNT_INC
784 TASK_PRIORITY_SET CNT_INC 0
784 MOVED_TASK_TO_READY_STATE CNT_INC
784 TASK_SWITCHED_OUT CNT_INC
784 TASK_SWITCHED_IN IDLE
784 TASK_INCREMENT_TICK 784
785 TASK_SWITCHED_OUT IDLE
785 TASK_SWITCHED_IN CNT_INC
785 TASK_PRIORITY_SET CNT_INC 1
785 MOVED_TASK_TO_READY_STATE CNT_INC
785 TASK_PRIORITY_SET CNT_INC 0
785 MOVED_TASK_TO_READY_STATE CNT_INC
785 TASK_SWITCHED_OUT CNT_INC
785 TASK_SWITCHED_IN SUSP_RX
785 QUEUE_RECEIVE_FAILED q1
785 QUEUE_RECEIVE_FAILED q1
785 TASK_INCREMENT_TICK 785
786 TASK_SWITCHED_OUT SUSP_RX
786 TASK_SWITCHED_IN IDLE
786 TASK_SWITCHED_OUT IDLE
786 TASK_SWITCHED_IN CNT_INC
786 TASK_PRIORITY_SET CNT_INC 1
786 MOVED_TASK_TO_READY_STATE CNT_INC
786 TASK_PRIORITY_SET CNT_INC 0
786 MOVED_TASK_TO_READY_STATE CNT_INC
786 TASK_SWITCHED_OUT CNT_INC
786 TASK_SWITCHED_IN SUSP_RX
786 QUEUE_RECEIVE_FAILED q1
786 QUEUE_RECEIVE_FAILED q1
786 QUEUE_RECEIVE_FAILED q1
786 QUEUE_RECEIVE_FAILED q1
786 TASK_INCREMENT_TICK 786
786 TASK_INCREMENT_TICK 786
787 TASK_SWITCHED_OUT SUSP_RX
787 TASK_SWITCHED_IN CNT_INC
787 TASK_PRIORITY_SET CNT_INC 1
787 MOVED_TASK_TO_READY_STATE CNT_INC
787 TASK_PRIORITY_SET CNT_INC 0
787 MOVED_TASK_TO_READY_STATE CNT_INC
787 TASK_SWITCHED_OUT CNT_INC
787 TASK_SWITCHED_IN IDLE
787 TASK_INCREMENT_TICK 787
788 TASK_SWITCHED_OUT IDLE
788 TASK_SWITCHED_IN CNT_INC
788 TASK_PRIORITY_SET CNT_INC 1
788 MOVED_TASK_TO_READY_STATE CNT_INC
788 TASK_PRIORITY_SET CNT_INC 0
788 MOVED_TASK_TO_READY_STATE CNT_INC
788 TASK_SWITCHED_OUT CNT_INC
788 TASK_SWITCHED_IN SUSP_RX
788 QUEUE_RECEIVE_FAILED q1
788 QUEUE_RECEIVE_FAILED q1
788 TASK_INCREMENT_TICK 788
789 TASK_SWITCHED_OUT SUSP_RX
789 TASK_SWITCHED_IN IDLE
789 TASK_SWITCHED_OUT IDLE
789 TASK_SWITCHED_IN CNT_INC
789 TASK_PRIORITY_SET CNT_INC 1
789 MOVED_TASK_TO_READY_STATE CNT_INC
789 TASK_PRIORITY_SET CNT_INC 0
789 MOVED_TASK_TO_READY_STATE CNT_INC
789 TASK_SWITCHED_OUT CNT_INC
789 TASK_SWITCHED_IN SUSP_RX
789 QUEUE_RECEIVE_FAILED q1
789 QUEUE_RECEIVE_FAILED q1
789 QUEUE_RECEIVE_FAILED q1
789 QUEUE_RECEIVE_FAILED q1
789 TASK_INCREMENT_TICK 789
789 TASK_INCREMENT_TICK 789
790 TASK_SWITCHED_OUT SUSP_RX
790 TASK_SWITCHED_IN CNT_INC
790 TASK_PRIORITY_SET CNT_INC 1
790 MOVED_TASK_TO_READY_STATE CNT_INC
790 TASK_PRIORITY_SET CNT_INC 0
790 MOVED_TASK_TO_READY_STATE CNT_INC
790 TASK_SWITCHED_OUT CNT_INC
790 TASK_SWITCHED_IN IDLE
790 TASK_INCREMENT_TICK 790
791 TASK_SWITCHED_OUT IDLE
791 TASK_SWITCHED_IN CNT_INC
791 TASK_PRIORITY_SET CNT_INC 1
791 MOVED_TASK_TO_READY_STATE CNT_INC
791 TASK_PRIORITY_SET CNT_INC 0
791 MOVED_TASK_TO_READY_STATE CNT_INC
791 TASK_SWITCHED_OUT CNT_INC
791 TASK_SWITCHED_IN SUSP_RX
791 QUEUE_RECEIVE_FAILED q1
791 QUEUE_RECEIVE_FAILED q1
791 TASK_INCREMENT_TICK 791
792 TASK_SWITCHED_OUT SUSP_RX
792 TASK_SWITCHED_IN IDLE
792 TASK_SWITCHED_OUT IDLE
792 TASK_SWITCHED_IN CNT_INC
792 TASK_PRIORITY_SET CNT_INC 1
792 MOVED_TASK_TO_READY_STATE CNT_INC
792 TASK_PRIORITY_SET CNT_INC 0
792 MOVED_TASK_TO_READY_STATE CNT_INC
792 TASK_SWITCHED_OUT CNT_INC
792 TASK_SWITCHED_IN SUSP_RX
792 QUEUE_RECEIVE_FAILED q1
792 QUEUE_RECEIVE_FAILED q1
792 QUEUE_RECEIVE_FAILED q1
792 QUEUE_RECEIVE_FAILED q1
792 TASK_INCREMENT_TICK 792
792 TASK_INCREMENT_TICK 792
793 TASK_SWITCHED_OUT SUSP_RX
793 TASK_SWITCHED_IN CNT_INC
793 TASK_PRIORITY_SET CNT_INC 1
793 MOVED_TASK_TO_READY_STATE CNT_INC
793 TASK_PRIORITY_SET CNT_INC 0
793 MOVED_TASK_TO_READY_STATE CNT_INC
793 TASK_SWITCHED_OUT CNT_INC
793 TASK_SWITCHED_IN IDLE
793 TASK_INCREMENT_TICK 793
794 TASK_SWITCHED_OUT IDLE
794 TASK_SWITCHED_IN CNT_INC
794 TASK_PRIORITY_SET CNT_INC 1
794 MOVED_TASK_TO_READY_STATE CNT_INC
794 TASK_PRIORITY_SET CNT_INC 0
794 MOVED_TASK_TO_READY_STATE CNT_INC
794 TASK_SWITCHED_OUT CNT_INC
794 TASK_SWITCHED_IN SUSP_RX
794 QUEUE_RECEIVE_FAILED q1
794 QUEUE_RECEIVE_FAILED q1
794 TASK_INCREMENT_TICK 794
795 TASK_SWITCHED_OUT SUSP_RX
795 TASK_SWITCHED_IN IDLE
795 TASK_SWITCHED_OUT IDLE
795 TASK_SWITCHED_IN CNT_INC
795 TASK_PRIORITY_SET CNT_INC 1
795 MOVED_TASK_TO_READY_STATE CNT_INC
795 TASK_PRIORITY_SET CNT_INC 0
795 MOVED_TASK_TO_READY_STATE CNT_INC
795 TASK_SWITCHED_OUT CNT_INC
795 TASK_SWITCHED_IN SUSP_RX
795 QUEUE_RECEIVE_FAILED q1
795 QUEUE_RECEIVE_FAILED q1
795 QUEUE_RECEIVE_FAILED q1
795 QUEUE_RECEIVE_FAILED q1
795 TASK_INCREMENT_TICK 795
795 TASK_INCREMENT_TICK 795
796 TASK_SWITCHED_OUT SUSP_RX
796 TASK_SWITCHED_IN CNT_INC
796 TASK_PRIORITY_SET CNT_INC 1
796 MOVED_TASK_TO_READY_STATE CNT_INC
796 TASK_PRIORITY_SET CNT_INC 0
796 MOVED_TASK_TO_READY_STATE CNT_INC
796 TASK_SWITCHED_OUT CNT_INC
796 TASK_SWITCHED_IN IDLE
796 TASK_INCREMENT_TICK 796
797 TASK_SWITCHED_OUT IDLE
797 TASK_SWITCHED_IN CNT_INC
797 TASK_PRIORITY_SET CNT_INC 1
797 MOVED_TASK_TO_READY_STATE CNT_INC
797 TASK_PRIORITY_SET CNT_INC 0
797 MOVED_TASK_TO_READY_STATE CNT_INC
797 TASK_SWITCHED_OUT CNT_INC
797 TASK_SWITCHED_IN SUSP_RX
797 QUEUE_RECEIVE_FAILED q1
797 QUEUE_RECEIVE_FAILED q1
797 TASK_INCREMENT_TICK 797
798 TASK_SWITCHED_OUT SUSP_RX
798 TASK_SWITCHED_IN IDLE
798 TASK_SWITCHED_OUT IDLE
798 TASK_SWITCHED_IN CNT_INC
798 TASK_PRIORITY_SET CNT_INC 1
798 MOVED_TASK_TO_READY_STATE CNT_INC
798 TASK_PRIORITY_SET CNT_INC 0
798 MOVED_TASK_TO_READY_STATE CNT_INC
798 TASK_SWITCHED_OUT CNT_INC
798 TASK_SWITCHED_IN SUSP_RX
798 QUEUE_RECEIVE_FAILED q1
798 QUEUE_RECEIVE_FAILED q1
798 QUEUE_RECEIVE_FAILED q1
798 QUEUE_RECEIVE_FAILED q1
798 TASK_INCREMENT_TICK 798
798 TASK_INCREMENT_TICK 798
799 TASK_SWITCHED_OUT SUSP_RX
799 TASK_SWITCHED_IN CNT_INC
799 TASK_PRIORITY_SET CNT_INC 1
799 MOVED_TASK_TO_READY_STATE CNT_INC
799 TASK_PRIORITY_SET CNT_INC 0
799 MOVED_TASK_TO_READY_STATE CNT_INC
799 TASK_SWITCHED_OUT CNT_INC
799 TASK_SWITCHED_IN IDLE
799 TASK_INCREMENT_TICK 799
800 MOVED_TASK_TO_READY_STATE CHECK
800 TASK_SWITCHED_OUT IDLE
800 TASK_SWITCHED_IN CHECK
800 TASK_DELAY CHECK 100
800 MOVED_TASK_TO_DELAYED_LIST CHECK
800 TASK_SWITCHED_OUT CHECK
800 TASK_SWITCHED_IN CNT_INC
800 TASK_PRIORITY_SET CNT_INC 1
800 MOVED_TASK_TO_READY_STATE CNT_INC
800 TASK_PRIORITY_SET CNT_INC 0
800 MOVED_TASK_TO_READY_STATE CNT_INC
800 TASK_SWITCHED_OUT CNT_INC
800 TASK_SWITCHED_IN SUSP_RX
800 QUEUE_RECEIVE_FAILED q1
800 TASK_INCREMENT_TICK 800
800 QUEUE_RECEIVE_FAILED q1
800 TASK_INCREMENT_TICK 800
801 TASK_SWITCHED_OUT SUSP_RX
801 TASK_SWITCHED_IN IDLE
801 TASK_SWITCHED_OUT IDLE
801 TASK_SWITCHED_IN CNT_INC
801 TASK_PRIORITY_SET CNT_INC 1
801 MOVED_TASK_TO_READY_STATE CNT_INC
801 TASK_PRIORITY_SET CNT_INC 0
801 MOVED_TASK_TO_READY_STATE CNT_INC
801 TASK_SWITCHED_OUT CNT_INC
801 TASK_SWITCHED_IN SUSP_RX
801 QUEUE_RECEIVE_FAILED q1
801 QUEUE_RECEIVE_FAILED q1
801 QUEUE_RECEIVE_FAILED q1
801 TASK_INCREMENT_TICK 801
802 TASK_SWITCHED_OUT SUSP_RX
802 TASK_SWITCHED_IN CNT_INC
802 TASK_PRIORITY_SET CNT_INC 1
802 MOVED_TASK_TO_READY_STATE CNT_INC
802 TASK_PRIORITY_SET CNT_INC 0
802 MOVED_TASK_TO_READY_STATE CNT_INC
802 TASK_SWITCHED_OUT CNT_INC
802 TASK_SWITCHED_IN IDLE
802 TASK_INCREMENT_TICK 802
803 TASK_SWITCHED_OUT IDLE
803 TASK_SWITCHED_IN CNT_INC
803 TASK_PRIORITY_SET CNT_INC 1
803 MOVED_TASK_TO_READY_STATE CNT_INC
803 TASK_PRIORITY_SET CNT_INC 0
803 MOVED_TASK_TO_READY_STATE CNT_INC
803 TASK_SWITCHED_OUT CNT_INC
803 TASK_SWITCHED_IN SUSP_RX
803 QUEUE_RECEIVE_FAILED q1
803 QUEUE_RECEIVE_FAILED q1
803 TASK_INCREMENT_TICK 803
803 QUEUE_RECEIVE_FAILED q1
803 TASK_INCREMENT_TICK 803
804 TASK_SWITCHED_OUT SUSP_RX
804 TASK_SWITCHED_IN IDLE
804 TASK_SWITCHED_OUT IDLE
804 TASK_SWITCHED_IN CNT_INC
804 TASK_PRIORITY_SET CNT_INC 1
804 MOVED_TASK_TO_READY_STATE CNT_INC
804 TASK_PRIORITY_SET CNT_INC 0
804 MOVED_TASK_TO_READY_STATE CNT_INC
804 TASK_SWITCHED_OUT CNT_INC
804 TASK_SWITCHED_IN SUSP_RX
804 QUEUE_RECEIVE_FAILED q1
804 QUEUE_RECEIVE_FAILED q1
804 QUEUE_RECEIVE_FAILED q1
804 TASK_INCREMENT_TICK 804
805 TASK_SWITCHED_OUT SUSP_RX
805 TASK_SWITCHED_IN CNT_INC
805 TASK_PRIORITY_SET CNT_INC 1
805 MOVED_TASK_TO_READY_STATE CNT_INC
805 TASK_PRIORITY_SET CNT_INC 0
805 MOVED_TASK_TO_READY_STATE CNT_INC
805 TASK_SWITCHED_OUT CNT_INC
805 TASK_SWITCHED_IN IDLE
805 TASK_INCREMENT_TICK 805
806 TASK_SWITCHED_OUT IDLE
806 TASK_SWITCHED_IN CNT_INC
806 TASK_PRIORITY_SET CNT_INC 1
806 MOVED_TASK_TO_READY_STATE CNT_INC
806 TASK_PRIORITY_SET CNT_INC 0
806 MOVED_TASK_TO_READY_STATE CNT_INC
806 TASK_SWITCHED_OUT CNT_INC
806 TASK_SWITCHED_IN SUSP_RX
806 QUEUE_RECEIVE_FAILED q1
806 QUEUE_RECEIVE_FAILED q1
806 TASK_INCREMENT_TICK 806
806 QUEUE_RECEIVE_FAILED q1
806 TASK_INCREMENT_TICK 806
807 TASK_SWITCHED_OUT SUSP_RX
807 TASK_SWITCHED_IN IDLE
807 TASK_SWITCHED_OUT IDLE
807 TASK_SWITCHED_IN CNT_INC
807 TASK_PRIORITY_SET CNT_INC 1
807 MOVED_TASK_TO_READY_STATE CNT_INC
807 TASK_PRIORITY_SET CNT_INC 0
807 MOVED_TASK_TO_READY_STATE CNT_INC
807 TASK_SWITCHED_OUT CNT_INC
807 TASK_SWITCHED_IN SUSP_RX
807 QUEUE_RECEIVE_FAILED q1
807 QUEUE_RECEIVE_FAILED q1
807 QUEUE_RECEIVE_FAILED q1
807 TASK_INCREMENT_TICK 807
808 TASK_SWITCHED_OUT SUSP_RX
808 TASK_SWITCHED_IN CNT_INC
808 TASK_PRIORITY_SET CNT_INC 1
808 MOVED_TASK_TO_READY_STATE CNT_INC
808 TASK_PRIORITY_SET CNT_INC 0
808 MOVED_TASK_TO_READY_STATE CNT_INC
808 TASK_SWITCHED_OUT CNT_INC
808 TASK_SWITCHED_IN IDLE
808 TASK_INCREMENT_TICK 808
809 TASK_SWITCHED_OUT IDLE
809 TASK_SWITCHED_IN CNT_INC
809 TASK_PRIORITY_SET CNT_INC 1
809 MOVED_TASK_TO_READY_STATE CNT_INC
809 TASK_PRIORITY_SET CNT_INC 0
809 MOVED_TASK_TO_READY_STATE CNT_INC
809 TASK_SWITCHED_OUT CNT_INC
809 TASK_SWITCHED_IN SUSP_RX
809 QUEUE_RECEIVE_FAILED q1
809 QUEUE_RECEIVE_FAILED q1
809 TASK_INCREMENT_TICK 809
809 QUEUE_RECEIVE_FAILED q1
809 TASK_INCREMENT_TICK 809
810 TASK_SWITCHED_OUT SUSP_RX
810 TASK_SWITCHED_IN IDLE
810 TASK_SWITCHED_OUT IDLE
810 TASK_SWITCHED_IN CNT_INC
810 TASK_PRIORITY_SET CNT_INC 1
810 MOVED_TASK_TO_READY_STATE CNT_INC
810 TASK_PRIORITY_SET CNT_INC 0
810 MOVED_TASK_TO_READY_STATE CNT_INC
810 TASK_SWITCHED_OUT CNT_INC
810 TASK_SWITCHED_IN SUSP_RX
810 QUEUE_RECEIVE_FAILED q1
810 QUEUE_RECEIVE_FAILED q1
810 QUEUE_RECEIVE_FAILED q1
810 TASK_INCREMENT_TICK 810
811 TASK_SWITCHED_OUT SUSP_RX
811 TASK_SWITCHED_IN CNT_INC
811 TASK_PRIORITY_SET CNT_INC 1
811 MOVED_TASK_TO_READY_STATE CNT_INC
811 TASK_PRIORITY_SET CNT_INC 0
811 MOVED_TASK_TO_READY_STATE CNT_INC
811 TASK_SWITCHED_OUT CNT_INC
811 TASK_SWITCHED_IN IDLE
811 TASK_INCREMENT_TICK 811
812 TASK_SWITCHED_OUT IDLE
812 TASK_SWITCHED_IN CNT_INC
812 TASK_PRIORITY_SET CNT_INC 1
812 MOVED_TASK_TO_READY_STATE CNT_INC
812 TASK_PRIORITY_SET CNT_INC 0
812 MOVED_TASK_TO_READY_STATE CNT_INC
812 TASK_SWITCHED_OUT CNT_INC
812 TASK_SWITCHED_IN SUSP_RX
812 QUEUE_RECEIVE_FAILED q1
812 QUEUE_RECEIVE_FAILED q1
812 TASK_INCREMENT_TICK 812
812 QUEUE_RECEIVE_FAILED q1
812 TASK_INCREMENT_TICK 812
813 TASK_SWITCHED_OUT SUSP_RX
813 TASK_SWITCHED_IN IDLE
813 TASK_SWITCHED_OUT IDLE
813 TASK_SWITCHED_IN CNT_INC
813 TASK_PRIORITY_SET CNT_INC 1
813 MOVED_TASK_TO_READY_STATE CNT_INC
813 TASK_PRIORITY_SET CNT_INC 0
813 MOVED_TASK_TO_READY_STATE CNT_INC
813 TASK_SWITCHED_OUT CNT_INC
813 TASK_SWITCHED_IN SUSP_RX
813 QUEUE_RECEIVE_FAILED q1
813 QUEUE_RECEIVE_FAILED q1
813 QUEUE_RECEIVE_FAILED q1
813 TASK_INCREMENT_TICK 813
814 TASK_SWITCHED_OUT SUSP_RX
814 TASK_SWITCHED_IN CNT_INC
814 TASK_PRIORITY_SET CNT_INC 1
814 MOVED_TASK_TO_READY_STATE CNT_INC
814 TASK_PRIORITY_SET CNT_INC 0
814 MOVED_TASK_TO_READY_STATE CNT_INC
814 TASK_SWITCHED_OUT CNT_INC
814 TASK_SWITCHED_IN IDLE
814 TASK_INCREMENT_TICK 814
815 TASK_SWITCHED_OUT IDLE
815 TASK_SWITCHED_IN CNT_INC
815 TASK_PRIORITY_SET CNT_INC 1
815 MOVED_TASK_TO_READY_STATE CNT_INC
815 TASK_PRIORITY_SET CNT_INC 0
815 MOVED_TASK_TO_READY_STATE CNT_INC
815 TASK_SWITCHED_OUT CNT_INC
815 TASK_SWITCHED_IN SUSP_RX
815 QUEUE_RECEIVE_FAILED q1
815 QUEUE_RECEIVE_FAILED q1
815 TASK_INCREMENT_TICK 815
815 QUEUE_RECEIVE_FAILED q1
815 TASK_INCREMENT_TICK 815
816 TASK_SWITCHED_OUT SUSP_RX
816 TASK_SWITCHED_IN IDLE
816 TASK_SWITCHED_OUT IDLE
816 TASK_SWITCHED_IN CNT_INC
816 TASK_PRIORITY_SET CNT_INC 1
816 MOVED_TASK_TO_READY_STATE CNT_INC
816 TASK_PRIORITY_SET CNT_INC 0
816 MOVED_TASK_TO_READY_STATE CNT_INC
816 TASK_SWITCHED_OUT CNT_INC
816 TASK_SWITCHED_IN SUSP_RX
816 QUEUE_RECEIVE_FAILED q1
816 QUEUE_RECEIVE_FAILED q1
816 QUEUE_RECEIVE_FAILED q1
816 TASK_INCREMENT_TICK 816
817 TASK_SWITCHED_OUT SUSP_RX
817 TASK_SWITCHED_IN CNT_INC
817 TASK_PRIORITY_SET CNT_INC 1
817 MOVED_TASK_TO_READY_STATE CNT_INC
817 TASK_PRIORITY_SET CNT_INC 0
817 MOVED_TASK_TO_READY_STATE CNT_INC
817 TASK_SWITCHED_OUT CNT_INC
817 TASK_SWITCHED_IN IDLE
817 TASK_INCREMENT_TICK 817
818 TASK_SWITCHED_OUT IDLE
818 TASK_SWITCHED_IN CNT_INC
818 TASK_PRIORITY_SET CNT_INC 1
818 MOVED_TASK_TO_READY_STATE CNT_INC
818 TASK_PRIORITY_SET CNT_INC 0
818 MOVED_TASK_TO_READY_STATE CNT_INC
818 TASK_SWITCHED_OUT CNT_INC
818 TASK_SWITCHED_IN SUSP_RX
818 QUEUE_RECEIVE_FAILED q1
818 QUEUE_RECEIVE_FAILED q1
818 TASK_INCREMENT_TICK 818
818 QUEUE_RECEIVE_FAILED q1
818 TASK_INCREMENT_TICK 818
819 TASK_SWITCHED_OUT SUSP_RX
819 TASK_SWITCHED_IN IDLE
819 TASK_SWITCHED_OUT IDLE
819 TASK_SWITCHED_IN CNT_INC
819 TASK_PRIORITY_SET CNT_INC 1
819 MOVED_TASK_TO_READY_STATE CNT_INC
819 TASK_PRIORITY_SET CNT_INC 0
819 MOVED_TASK_TO_READY_STATE CNT_INC
819 TASK_SWITCHED_OUT CNT_INC
819 TASK_SWITCHED_IN SUSP_RX
819 QUEUE_RECEIVE_FAILED q1
819 QUEUE_RECEIVE_FAILED q1
819 QUEUE_RECEIVE_FAILED q1
819 TASK_INCREMENT_TICK 819
820 TASK_SWITCHED_OUT SUSP_RX
820 TASK_SWITCHED_IN CNT_INC
820 TASK_PRIORITY_SET CNT_INC 1
820 MOVED_TASK_TO_READY_STATE CNT_INC
820 TASK_PRIORITY_SET CNT_INC 0
820 MOVED_TASK_TO_READY_STATE CNT_INC
820 TASK_SWITCHED_OUT CNT_INC
820 TASK_SWITCHED_IN IDLE
820 TASK_INCREMENT_TICK 820
821 TASK_SWITCHED_OUT IDLE
821 TASK_SWITCHED_IN CNT_INC
821 TASK_PRIORITY_SET CNT_INC 1
821 MOVED_TASK_TO_READY_STATE CNT_INC
821 TASK_PRIORITY_SET CNT_INC 0
821 MOVED_TASK_TO_READY_STATE CNT_INC
821 TASK_SWITCHED_OUT CNT_INC
821 TASK_SWITCHED_IN SUSP_RX
821 QUEUE_RECEIVE_FAILED q1
821 QUEUE_RECEIVE_FAILED q1
821 TASK_INCREMENT_TICK 821
821 QUEUE_RECEIVE_FAILED q1
821 TASK_INCREMENT_TICK 821
822 TASK_SWITCHED_OUT SUSP_RX
822 TASK_SWITCHED_IN IDLE
822 TASK_SWITCHED_OUT IDLE
822 TASK_SWITCHED_IN CNT_INC
822 TASK_PRIORITY_SET CNT_INC 1
822 MOVED_TASK_TO_READY_STATE CNT_INC
822 TASK_PRIORITY_SET CNT_INC 0
822 MOVED_TASK_TO_READY_STATE CNT_INC
822 TASK_SWITCHED_OUT CNT_INC
822 TASK_SWITCHED_IN SUSP_RX
822 QUEUE_RECEIVE_FAILED q1
822 QUEUE_RECEIVE_FAILED q1
822 QUEUE_RECEIVE_FAILED q1
822 TASK_INCREMENT_TICK 822
823 TASK_SWITCHED_OUT SUSP_RX
823 TASK_SWITCHED_IN CNT_INC
823 TASK_PRIORITY_SET CNT_INC 1
823 MOVED_TASK_TO_READY_STATE CNT_INC
823 TASK_PRIORITY_SET CNT_INC 0
823 MOVED_TASK_TO_READY_STATE CNT_INC
823 TASK_SWITCHED_OUT CNT_INC
823 TASK_SWITCHED_IN IDLE
823 TASK_INCREMENT_TICK 823
824 TASK_SWITCHED_OUT IDLE
824 TASK_SWITCHED_IN CNT_INC
824 TASK_PRIORITY_SET CNT_INC 1
824 MOVED_TASK_TO_READY_STATE CNT_INC
824 TASK_PRIORITY_SET CNT_INC 0
824 MOVED_TASK_TO_READY_STATE CNT_INC
824 TASK_SWITCHED_OUT CNT_INC
824 TASK_SWITCHED_IN SUSP_RX
824 QUEUE_RECEIVE_FAILED q1
824 QUEUE_RECEIVE_FAILED q1
824 TASK_INCREMENT_TICK 824
824 QUEUE_RECEIVE_FAILED q1
824 TASK_INCREMENT_TICK 824
825 TASK_SWITCHED_OUT SUSP_RX
825 TASK_SWITCHED_IN IDLE
825 TASK_SWITCHED_OUT IDLE
825 TASK_SWITCHED_IN CNT_INC
825 TASK_PRIORITY_SET CNT_INC 1
825 MOVED_TASK_TO_READY_STATE CNT_INC
825 TASK_PRIORITY_SET CNT_INC 0
825 MOVED_TASK_TO_READY_STATE CNT_INC
825 TASK_SWITCHED_OUT CNT_INC
825 TASK_SWITCHED_IN SUSP_RX
825 QUEUE_RECEIVE_FAILED q1
825 QUEUE_RECEIVE_FAILED q1
825 QUEUE_RECEIVE_FAILED q1
825 TASK_INCREMENT_TICK 825
826 TASK_SWITCHED_OUT SUSP_RX
826 TASK_SWITCHED_IN CNT_INC
826 TASK_PRIORITY_SET CNT_INC 1
826 MOVED_TASK_TO_READY_STATE CNT_INC
826 TASK_PRIORITY_SET CNT_INC 0
826 MOVED_TASK_TO_READY_STATE CNT_INC
826 TASK_SWITCHED_OUT CNT_INC
826 TASK_SWITCHED_IN IDLE
826 TASK_INCREMENT_TICK 826
827 TASK_SWITCHED_OUT IDLE
827 TASK_SWITCHED_IN CNT_INC
827 TASK_PRIORITY_SET CNT_INC 1
827 MOVED_TASK_TO_READY_STATE CNT_INC
827 TASK_PRIORITY_SET CNT_INC 0
827 MOVED_TASK_TO_READY_STATE CNT_INC
827 TASK_SWITCHED_OUT CNT_INC
827 TASK_SWITCHED_IN SUSP_RX
827 QUEUE_RECEIVE_FAILED q1
827 QUEUE_RECEIVE_FAILED q1
827 TASK_INCREMENT_TICK 827
827 QUEUE_RECEIVE_FAILED q1
827 TASK_INCREMENT_TICK 827
828 TASK_SWITCHED_OUT SUSP_RX
828 TASK_SWITCHED_IN IDLE
828 TASK_SWITCHED_OUT IDLE
828 TASK_SWITCHED_IN CNT_INC
828 TASK_PRIORITY_SET CNT_INC 1
828 MOVED_TASK_TO_READY_STATE CNT_INC
828 TASK_PRIORITY_SET CNT_INC 0
828 MOVED_TASK_TO_READY_STATE CNT_INC
828 TASK_SWITCHED_OUT CNT_INC
828 TASK_SWITCHED_IN SUSP_RX
828 QUEUE_RECEIVE_FAILED q1
828 QUEUE_RECEIVE_FAILED q1
828 QUEUE_RECEIVE_FAILED q1
828 TASK_INCREMENT_TICK 828
829 TASK_SWITCHED_OUT SUSP_RX
829 TASK_SWITCHED_IN CNT_INC
829 TASK_PRIORITY_SET CNT_INC 1
829 MOVED_TASK_TO_READY_STATE CNT_INC
829 TASK_PRIORITY_SET CNT_INC 0
829 MOVED_TASK_TO_READY_STATE CNT_INC
829 TASK_SWITCHED_OUT CNT_INC
829 TASK_SWITCHED_IN IDLE
829 TASK_INCREMENT_TICK 829
830 TASK_SWITCHED_OUT IDLE
830 TASK_SWITCHED_IN CNT_INC
830 TASK_PRIORITY_SET CNT_INC 1
830 MOVED_TASK_TO_READY_STATE CNT_INC
830 TASK_PRIORITY_SET CNT_INC 0
830 MOVED_TASK_TO_READY_STATE CNT_INC
830 TASK_SWITCHED_OUT CNT_INC
830 TASK_SWITCHED_IN SUSP_RX
830 QUEUE_RECEIVE_FAILED q1
830 QUEUE_RECEIVE_FAILED q1
830 TASK_INCREMENT_TICK 830
830 QUEUE_RECEIVE_FAILED q1
830 TASK_INCREMENT_TICK 830
831 TASK_SWITCHED_OUT SUSP_RX
831 TASK_SWITCHED_IN IDLE
831 TASK_SWITCHED_OUT IDLE
831 TASK_SWITCHED_IN CNT_INC
831 TASK_PRIORITY_SET CNT_INC 1
831 MOVED_TASK_TO_READY_STATE CNT_INC
831 TASK_PRIORITY_SET CNT_INC 0
831 MOVED_TASK_TO_READY_STATE CNT_INC
831 TASK_SWITCHED_OUT CNT_INC
831 TASK_SWITCHED_IN SUSP_RX
831 QUEUE_RECEIVE_FAILED q1
831 QUEUE_RECEIVE_FAILED q1
831 QUEUE_RECEIVE_FAILED q1
831 TASK_INCREMENT_TICK 831
832 TASK_SWITCHED_OUT SUSP_RX
832 TASK_SWITCHED_IN CNT_INC
832 TASK_PRIORITY_SET CNT_INC 1
832 MOVED_TASK_TO_READY_STATE CNT_INC
832 TASK_PRIORITY_SET CNT_INC 0
832 MOVED_TASK_TO_READY_STATE CNT_INC
832 TASK_SWITCHED_OUT CNT_INC
832 TASK_SWITCHED_IN IDLE
832 TASK_INCREMENT_TICK 832
833 TASK_SWITCHED_OUT IDLE
833 TASK_SWITCHED_IN CNT_INC
833 TASK_PRIORITY_SET CNT_INC 1
833 MOVED_TASK_TO_READY_STATE CNT_INC
833 TASK_PRIORITY_SET CNT_INC 0
833 MOVED_TASK_TO_READY_STATE CNT_INC
833 TASK_SWITCHED_OUT CNT_INC
833 TASK_SWITCHED_IN SUSP_RX
833 QUEUE_RECEIVE_FAILED q1
833 QUEUE_RECEIVE_FAILED q1
833 TASK_INCREMENT_TICK 833
833 QUEUE_RECEIVE_FAILED q1
833 TASK_INCREMENT_TICK 833
834 TASK_SWITCHED_OUT SUSP_RX
834 TASK_SWITCHED_IN IDLE
834 TASK_SWITCHED_OUT IDLE
834 TASK_SWITCHED_IN CNT_INC
834 TASK_PRIORITY_SET CNT_INC 1
834 MOVED_TASK_TO_READY_STATE CNT_INC
834 TASK_PRIORITY_SET CNT_INC 0
834 MOVED_TASK_TO_READY_STATE CNT_INC
834 TASK_SWITCHED_OUT CNT_INC
834 TASK_SWITCHED_IN SUSP_RX
834 QUEUE_RECEIVE_FAILED q1
834 QUEUE_RECEIVE_FAILED q1
834 QUEUE_RECEIVE_FAILED q1
834 TASK_INCREMENT_TICK 834
835 TASK_SWITCHED_OUT SUSP_RX
835 TASK_SWITCHED_IN CNT_INC
835 TASK_PRIORITY_SET CNT_INC 1
835 MOVED_TASK_TO_READY_STATE CNT_INC
835 TASK_PRIORITY_SET CNT_INC 0
835 MOVED_TASK_TO_READY_STATE CNT_INC
835 TASK_SWITCHED_OUT CNT_INC
835 TASK_SWITCHED_IN IDLE
835 TASK_INCREMENT_TICK 835
836 TASK_SWITCHED_OUT IDLE
836 TASK_SWITCHED_IN CNT_INC
836 TASK_PRIORITY_SET CNT_INC 1
836 MOVED_TASK_TO_READY_STATE CNT_INC
836 TASK_PRIORITY_SET CNT_INC 0
836 MOVED_TASK_TO_READY_STATE CNT_INC
836 TASK_SWITCHED_OUT CNT_INC
836 TASK_SWITCHED_IN SUSP_RX
836 QUEUE_RECEIVE_FAILED q1
836 QUEUE_RECEIVE_FAILED q1
836 TASK_INCREMENT_TICK 836
836 QUEUE_RECEIVE_FAILED q1
836 TASK_INCREMENT_TICK 836
837 TASK_SWITCHED_OUT SUSP_RX
837 TASK_SWITCHED_IN IDLE
837 TASK_SWITCHED_OUT IDLE
837 TASK_SWITCHED_IN CNT_INC
837 TASK_PRIORITY_SET CNT_INC 1
837 MOVED_TASK_TO_READY_STATE CNT_INC
837 TASK_PRIORITY_SET CNT_INC 0
837 MOVED_TASK_TO_READY_STATE CNT_INC
837 TASK_SWITCHED_OUT CNT_INC
837 TASK_SWITCHED_IN SUSP_RX
837 QUEUE_RECEIVE_FAILED q1
837 QUEUE_RECEIVE_FAILED q1
837 QUEUE_RECEIVE_FAILED q1
837 TASK_INCREMENT_TICK 837
838 TASK_SWITCHED_OUT SUSP_RX
838 TASK_SWITCHED_IN CNT_INC
838 TASK_PRIORITY_SET CNT_INC 1
838 MOVED_TASK_TO_READY_STATE CNT_INC
838 TASK_PRIORITY_SET CNT_INC 0
838 MOVED_TASK_TO_READY_STATE CNT_INC
838 TASK_SWITCHED_OUT CNT_INC
838 TASK_SWITCHED_IN IDLE
838 TASK_INCREMENT_TICK 838
839 TASK_SWITCHED_OUT IDLE
839 TASK_SWITCHED_IN CNT_INC
839 TASK_PRIORITY_SET CNT_INC 1
839 MOVED_TASK_TO_READY_STATE CNT_INC
839 TASK_PRIORITY_SET CNT_INC 0
839 MOVED_TASK_TO_READY_STATE CNT_INC
839 TASK_SWITCHED_OUT CNT_INC
839 TASK_SWITCHED_IN SUSP_RX
839 QUEUE_RECEIVE_FAILED q1
839 QUEUE_RECEIVE_FAILED q1
839 TASK_INCREMENT_TICK 839
839 QUEUE_RECEIVE_FAILED q1
839 TASK_INCREMENT_TICK 839
840 TASK_SWITCHED_OUT SUSP_RX
840 TASK_SWITCHED_IN IDLE
840 TASK_SWITCHED_OUT IDLE
840 TASK_SWITCHED_IN CNT_INC
840 TASK_PRIORITY_SET CNT_INC 1
840 MOVED_TASK_TO_READY_STATE CNT_INC
840 TASK_PRIORITY_SET CNT_INC 0
840 MOVED_TASK_TO_READY_STATE CNT_INC
840 TASK_SWITCHED_OUT CNT_INC
840 TASK_SWITCHED_IN SUSP_RX
840 QUEUE_RECEIVE_FAILED q1
840 QUEUE_RECEIVE_FAILED q1
840 QUEUE_RECEIVE_FAILED q1
840 TASK_INCREMENT_TICK 840
841 TASK_SWITCHED_OUT SUSP_RX
841 TASK_SWITCHED_IN CNT_INC
841 TASK_PRIORITY_SET CNT_INC 1
841 MOVED_TASK_TO_READY_STATE CNT_INC
841 TASK_PRIORITY_SET CNT_INC 0
841 MOVED_TASK_TO_READY_STATE CNT_INC
841 TASK_SWITCHED_OUT CNT_INC
841 TASK_SWITCHED_IN IDLE
841 TASK_INCREMENT_TICK 841
842 TASK_SWITCHED_OUT IDLE
842 TASK_SWITCHED_IN CNT_INC
842 TASK_PRIORITY_SET CNT_INC 1
842 MOVED_TASK_TO_READY_STATE CNT_INC
842 TASK_PRIORITY_SET CNT_INC 0
842 MOVED_TASK_TO_READY_STATE CNT_INC
842 TASK_SWITCHED_OUT CNT_INC
842 TASK_SWITCHED_IN SUSP_RX
842 QUEUE_RECEIVE_FAILED q1
842 QUEUE_RECEIVE_FAILED q1
842 TASK_INCREMENT_TICK 842
842 QUEUE_RECEIVE_FAILED q1
842 TASK_INCREMENT_TICK 842
843 TASK_SWITCHED_OUT SUSP_RX
843 TASK_SWITCHED_IN IDLE
843 TASK_SWITCHED_OUT IDLE
843 TASK_SWITCHED_IN CNT_INC
843 TASK_PRIORITY_SET CNT_INC 1
843 MOVED_TASK_TO_READY_STATE CNT_INC
843 TASK_PRIORITY_SET CNT_INC 0
843 MOVED_TASK_TO_READY_STATE CNT_INC
843 TASK_SWITCHED_OUT CNT_INC
843 TASK_SWITCHED_IN SUSP_RX
843 QUEUE_RECEIVE_FAILED q1
843 QUEUE_RECEIVE_FAILED q1
843 QUEUE_RECEIVE_FAILED q1
843 TASK_INCREMENT_TICK 843
844 TASK_SWITCHED_OUT SUSP_RX
844 TASK_SWITCHED_IN CNT_INC
844 TASK_PRIORITY_SET CNT_INC 1
844 MOVED_TASK_TO_READY_STATE CNT_INC
844 TASK_PRIORITY_SET CNT_INC 0
844 MOVED_TASK_TO_READY_STATE CNT_INC
844 TASK_SWITCHED_OUT CNT_INC
844 TASK_SWITCHED_IN IDLE
844 TASK_INCREMENT_TICK 844
845 TASK_SWITCHED_OUT IDLE
845 TASK_SWITCHED_IN CNT_INC
845 TASK_PRIORITY_SET CNT_INC 1
845 MOVED_TASK_TO_READY_STATE CNT_INC
845 TASK_PRIORITY_SET CNT_INC 0
845 MOVED_TASK_TO_READY_STATE CNT_INC
845 TASK_SWITCHED_OUT CNT_INC
845 TASK_SWITCHED_IN SUSP_RX
845 QUEUE_RECEIVE_FAILED q1
845 QUEUE_RECEIVE_FAILED q1
845 TASK_INCREMENT_TICK 845
845 QUEUE_RECEIVE_FAILED q1
845 TASK_INCREMENT_TICK 845
846 TASK_SWITCHED_OUT SUSP_RX
846 TASK_SWITCHED_IN IDLE
846 TASK_SWITCHED_OUT IDLE
846 TASK_SWITCHED_IN CNT_INC
846 TASK_PRIORITY_SET CNT_INC 1
846 MOVED_TASK_TO_READY_STATE CNT_INC
846 TASK_PRIORITY_SET CNT_INC 0
846 MOVED_TASK_TO_READY_STATE CNT_INC
846 TASK_SWITCHED_OUT CNT_INC
846 TASK_SWITCHED_IN SUSP_RX
846 QUEUE_RECEIVE_FAILED q1
846 QUEUE_RECEIVE_FAILED q1
846 QUEUE_RECEIVE_FAILED q1
846 TASK_INCREMENT_TICK 846
847 TASK_SWITCHED_OUT SUSP_RX
847 TASK_SWITCHED_IN CNT_INC
847 TASK_PRIORITY_SET CNT_INC 1
847 MOVED_TASK_TO_READY_STATE CNT_INC
847 TASK_PRIORITY_SET CNT_INC 0
847 MOVED_TASK_TO_READY_STATE CNT_INC
847 TASK_SWITCHED_OUT CNT_INC
847 TASK_SWITCHED_IN IDLE
847 TASK_INCREMENT_TICK 847
848 TASK_SWITCHED_OUT IDLE
848 TASK_SWITCHED_IN CNT_INC
848 TASK_PRIORITY_SET CNT_INC 1
848 MOVED_TASK_TO_READY_STATE CNT_INC
848 TASK_PRIORITY_SET CNT_INC 0
848 MOVED_TASK_TO_READY_STATE CNT_INC
848 TASK_SWITCHED_OUT CNT_INC
848 TASK_SWITCHED_IN SUSP_RX
848 QUEUE_RECEIVE_FAILED q1
848 QUEUE_RECEIVE_FAILED q1
848 TASK_INCREMENT_TICK 848
848 QUEUE_RECEIVE_FAILED q1
848 TASK_INCREMENT_TICK 848
849 TASK_SWITCHED_OUT SUSP_RX
849 TASK_SWITCHED_IN IDLE
849 TASK_SWITCHED_OUT IDLE
849 TASK_SWITCHED_IN CNT_INC
849 TASK_PRIORITY_SET CNT_INC 1
849 MOVED_TASK_TO_READY_STATE CNT_INC
849 TASK_PRIORITY_SET CNT_INC 0
849 MOVED_TASK_TO_READY_STATE CNT_INC
849 TASK_SWITCHED_OUT CNT_INC
849 TASK_SWITCHED_IN SUSP_RX
849 QUEUE_RECEIVE_FAILED q1
849 QUEUE_RECEIVE_FAILED q1
849 QUEUE_RECEIVE_FAILED q1
849 TASK_INCREMENT_TICK 849
850 TASK_SWITCHED_OUT SUSP_RX
850 TASK_SWITCHED_IN CNT_INC
850 TASK_PRIORITY_SET CNT_INC 1
850 MOVED_TASK_TO_READY_STATE CNT_INC
850 TASK_PRIORITY_SET CNT_INC 0
850 MOVED_TASK_TO_READY_STATE CNT_INC
850 TASK_SWITCHED_OUT CNT_INC
850 TASK_SWITCHED_IN IDLE
850 TASK_INCREMENT_TICK 850
851 TASK_SWITCHED_OUT IDLE
851 TASK_SWITCHED_IN CNT_INC
851 TASK_PRIORITY_SET CNT_INC 1
851 MOVED_TASK_TO_READY_STATE CNT_INC
851 TASK_PRIORITY_SET CNT_INC 0
851 MOVED_TASK_TO_READY_STATE CNT_INC
851 TASK_SWITCHED_OUT CNT_INC
851 TASK_SWITCHED_IN SUSP_RX
851 QUEUE_RECEIVE_FAILED q1
851 QUEUE_RECEIVE_FAILED q1
851 TASK_INCREMENT_TICK 851
851 QUEUE_RECEIVE_FAILED q1
851 TASK_INCREMENT_TICK 851
852 TASK_SWITCHED_OUT SUSP_RX
852 TASK_SWITCHED_IN IDLE
852 TASK_SWITCHED_OUT IDLE
852 TASK_SWITCHED_IN CNT_INC
852 TASK_PRIORITY_SET CNT_INC 1
852 MOVED_TASK_TO_READY_STATE CNT_INC
852 TASK_PRIORITY_SET CNT_INC 0
852 MOVED_TASK_TO_READY_STATE CNT_INC
852 TASK_SWITCHED_OUT CNT_INC
852 TASK_SWITCHED_IN SUSP_RX
852 QUEUE_RECEIVE_FAILED q1
852 QUEUE_RECEIVE_FAILED q1
852 QUEUE_RECEIVE_FAILED q1
852 TASK_INCREMENT_TICK 852
853 TASK_SWITCHED_OUT SUSP_RX
853 TASK_SWITCHED_IN CNT_INC
853 TASK_PRIORITY_SET CNT_INC 1
853 MOVED_TASK_TO_READY_STATE CNT_INC
853 TASK_PRIORITY_SET CNT_INC 0
853 MOVED_TASK_TO_READY_STATE CNT_INC
853 TASK_SWITCHED_OUT CNT_INC
853 TASK_SWITCHED_IN IDLE
853 TASK_INCREMENT_TICK 853
854 TASK_SWITCHED_OUT IDLE
854 TASK_SWITCHED_IN CNT_INC
854 TASK_PRIORITY_SET CNT_INC 1
854 MOVED_TASK_TO_READY_STATE CNT_INC
854 TASK_PRIORITY_SET CNT_INC 0
854 MOVED_TASK_TO_READY_STATE CNT_INC
854 TASK_SWITCHED_OUT CNT_INC
854 TASK_SWITCHED_IN SUSP_RX
854 QUEUE_RECEIVE_FAILED q1
854 QUEUE_RECEIVE_FAILED q1
854 TASK_INCREMENT_TICK 854
854 QUEUE_RECEIVE_FAILED q1
854 TASK_INCREMENT_TICK 854
855 TASK_SWITCHED_OUT SUSP_RX
855 TASK_SWITCHED_IN IDLE
855 TASK_SWITCHED_OUT IDLE
855 TASK_SWITCHED_IN CNT_INC
855 TASK_PRIORITY_SET CNT_INC 1
855 MOVED_TASK_TO_READY_STATE CNT_INC
855 TASK_PRIORITY_SET CNT_INC 0
855 MOVED_TASK_TO_READY_STATE CNT_INC
855 TASK_SWITCHED_OUT CNT_INC
855 TASK_SWITCHED_IN SUSP_RX
855 QUEUE_RECEIVE_FAILED q1
855 QUEUE_RECEIVE_FAILED q1
855 QUEUE_RECEIVE_FAILED q1
855 TASK_INCREMENT_TICK 855
856 TASK_SWITCHED_OUT SUSP_RX
856 TASK_SWITCHED_IN CNT_INC
856 TASK_PRIORITY_SET CNT_INC 1
856 MOVED_TASK_TO_READY_STATE CNT_INC
856 TASK_PRIORITY_SET CNT_INC 0
856 MOVED_TASK_TO_READY_STATE CNT_INC
856 TASK_SWITCHED_OUT CNT_INC
856 TASK_SWITCHED_IN IDLE
856 TASK_INCREMENT_TICK 856
857 TASK_SWITCHED_OUT IDLE
857 TASK_SWITCHED_IN CNT_INC
857 TASK_PRIORITY_SET CNT_INC 1
857 MOVED_TASK_TO_READY_STATE CNT_INC
857 TASK_PRIORITY_SET CNT_INC 0
857 MOVED_TASK_TO_READY_STATE CNT_INC
857 TASK_SWITCHED_OUT CNT_INC
857 TASK_SWITCHED_IN SUSP_RX
857 QUEUE_RECEIVE_FAILED q1
857 QUEUE_RECEIVE_FAILED q1
857 TASK_INCREMENT_TICK 857
857 QUEUE_RECEIVE_FAILED q1
857 TASK_INCREMENT_TICK 857
858 TASK_SWITCHED_OUT SUSP_RX
858 TASK_SWITCHED_IN IDLE
858 TASK_SWITCHED_OUT IDLE
858 TASK_SWITCHED_IN CNT_INC
858 TASK_PRIORITY_SET CNT_INC 1
858 MOVED_TASK_TO_READY_STATE CNT_INC
858 TASK_PRIORITY_SET CNT_INC 0
858 MOVED_TASK_TO_READY_STATE CNT_INC
858 TASK_SWITCHED_OUT CNT_INC
858 TASK_SWITCHED_IN SUSP_RX
858 QUEUE_RECEIVE_FAILED q1
858 QUEUE_RECEIVE_FAILED q1
858 QUEUE_RECEIVE_FAILED q1
858 TASK_INCREMENT_TICK 858
859 TASK_SWITCHED_OUT SUSP_RX
859 TASK_SWITCHED_IN CNT_INC
859 TASK_PRIORITY_SET CNT_INC 1
859 MOVED_TASK_TO_READY_STATE CNT_INC
859 TASK_PRIORITY_SET CNT_INC 0
859 MOVED_TASK_TO_READY_STATE CNT_INC
859 TASK_SWITCHED_OUT CNT_INC
859 TASK_SWITCHED_IN IDLE
859 TASK_INCREMENT_TICK 859
860 TASK_SWITCHED_OUT IDLE
860 TASK_SWITCHED_IN CNT_INC
860 TASK_PRIORITY_SET CNT_INC 1
860 MOVED_TASK_TO_READY_STATE CNT_INC
860 TASK_PRIORITY_SET CNT_INC 0
860 MOVED_TASK_TO_READY_STATE CNT_INC
860 TASK_SWITCHED_OUT CNT_INC
860 TASK_SWITCHED_IN SUSP_RX
860 QUEUE_RECEIVE_FAILED q1
860 QUEUE_RECEIVE_FAILED q1
860 TASK_INCREMENT_TICK 860
860 QUEUE_RECEIVE_FAILED q1
860 TASK_INCREMENT_TICK 860
861 TASK_SWITCHED_OUT SUSP_RX
861 TASK_SWITCHED_IN IDLE
861 TASK_SWITCHED_OUT IDLE
861 TASK_SWITCHED_IN CNT_INC
861 TASK_PRIORITY_SET CNT_INC 1
861 MOVED_TASK_TO_READY_STATE CNT_INC
861 TASK_PRIORITY_SET CNT_INC 0
861 MOVED_TASK_TO_READY_STATE CNT_INC
861 TASK_SWITCHED_OUT CNT_INC
861 TASK_SWITCHED_IN SUSP_RX
861 QUEUE_RECEIVE_FAILED q1
861 QUEUE_RECEIVE_FAILED q1
861 QUEUE_RECEIVE_FAILED q1
861 TASK_INCREMENT_TICK 861
862 TASK_SWITCHED_OUT SUSP_RX
862 TASK_SWITCHED_IN CNT_INC
862 TASK_PRIORITY_SET CNT_INC 1
862 MOVED_TASK_TO_READY_STATE CNT_INC
862 TASK_PRIORITY_SET CNT_INC 0
862 MOVED_TASK_TO_READY_STATE CNT_INC
862 TASK_SWITCHED_OUT CNT_INC
862 TASK_SWITCHED_IN IDLE
862 TASK_INCREMENT_TICK 862
863 TASK_SWITCHED_OUT IDLE
863 TASK_SWITCHED_IN CNT_INC
863 TASK_PRIORITY_SET CNT_INC 1
863 MOVED_TASK_TO_READY_STATE CNT_INC
863 TASK_PRIORITY_SET CNT_INC 0
863 MOVED_TASK_TO_READY_STATE CNT_INC
863 TASK_SWITCHED_OUT CNT_INC
863 TASK_SWITCHED_IN SUSP_RX
863 QUEUE_RECEIVE_FAILED q1
863 QUEUE_RECEIVE_FAILED q1
863 TASK_INCREMENT_TICK 863
863 QUEUE_RECEIVE_FAILED q1
863 TASK_INCREMENT_TICK 863
864 TASK_SWITCHED_OUT SUSP_RX
864 TASK_SWITCHED_IN IDLE
864 TASK_SWITCHED_OUT IDLE
864 TASK_SWITCHED_IN CNT_INC
864 TASK_PRIORITY_SET CNT_INC 1
864 MOVED_TASK_TO_READY_STATE CNT_INC
864 TASK_PRIORITY_SET CNT_INC 0
864 MOVED_TASK_TO_READY_STATE CNT_INC
864 TASK_SWITCHED_OUT CNT_INC
864 TASK_SWITCHED_IN SUSP_RX
864 QUEUE_RECEIVE_FAILED q1
864 QUEUE_RECEIVE_FAILED q1
864 QUEUE_RECEIVE_FAILED q1
864 TASK_INCREMENT_TICK 864
865 TASK_SWITCHED_OUT SUSP_RX
865 TASK_SWITCHED_IN CNT_INC
865 TASK_PRIORITY_SET CNT_INC 1
865 MOVED_TASK_TO_READY_STATE CNT_INC
865 TASK_PRIORITY_SET CNT_INC 0
865 MOVED_TASK_TO_READY_STATE CNT_INC
865 TASK_SWITCHED_OUT CNT_INC
865 TASK_SWITCHED_IN IDLE
865 TASK_INCREMENT_TICK 865
866 TASK_SWITCHED_OUT IDLE
866 TASK_SWITCHED_IN CNT_INC
866 TASK_PRIORITY_SET CNT_INC 1
866 MOVED_TASK_TO_READY_STATE CNT_INC
866 TASK_PRIORITY_SET CNT_INC 0
866 MOVED_TASK_TO_READY_STATE CNT_INC
866 TASK_SWITCHED_OUT CNT_INC
866 TASK_SWITCHED_IN SUSP_RX
866 QUEUE_RECEIVE_FAILED q1
866 QUEUE_RECEIVE_FAILED q1
866 TASK_INCREMENT_TICK 866
866 QUEUE_RECEIVE_FAILED q1
866 TASK_INCREMENT_TICK 866
867 TASK_SWITCHED_OUT SUSP_RX
867 TASK_SWITCHED_IN IDLE
867 TASK_SWITCHED_OUT IDLE
867 TASK_SWITCHED_IN CNT_INC
867 TASK_PRIORITY_SET CNT_INC 1
867 MOVED_TASK_TO_READY_STATE CNT_INC
867 TASK_PRIORITY_SET CNT_INC 0
867 MOVED_TASK_TO_READY_STATE CNT_INC
867 TASK_SWITCHED_OUT CNT_INC
867 TASK_SWITCHED_IN SUSP_RX
867 QUEUE_RECEIVE_FAILED q1
867 QUEUE_RECEIVE_FAILED q1
867 QUEUE_RECEIVE_FAILED q1
867 TASK_INCREMENT_TICK 867
868 TASK_SWITCHED_OUT SUSP_RX
868 TASK_SWITCHED_IN CNT_INC
868 TASK_PRIORITY_SET CNT_INC 1
868 MOVED_TASK_TO_READY_STATE CNT_INC
868 TASK_PRIORITY_SET CNT_INC 0
868 MOVED_TASK_TO_READY_STATE CNT_INC
868 TASK_SWITCHED_OUT CNT_INC
868 TASK_SWITCHED_IN IDLE
868 TASK_INCREMENT_TICK 868
869 TASK_SWITCHED_OUT IDLE
869 TASK_SWITCHED_IN CNT_INC
869 TASK_PRIORITY_SET CNT_INC 1
869 MOVED_TASK_TO_READY_STATE CNT_INC
869 TASK_PRIORITY_SET CNT_INC 0
869 MOVED_TASK_TO_READY_STATE CNT_INC
869 TASK_SWITCHED_OUT CNT_INC
869 TASK_SWITCHED_IN SUSP_RX
869 QUEUE_RECEIVE_FAILED q1
869 QUEUE_RECEIVE_FAILED q1
869 TASK_INCREMENT_TICK 869
869 QUEUE_RECEIVE_FAILED q1
869 TASK_INCREMENT_TICK 869
870 TASK_SWITCHED_OUT SUSP_RX
870 TASK_SWITCHED_IN IDLE
870 TASK_SWITCHED_OUT IDLE
870 TASK_SWITCHED_IN CNT_INC
870 TASK_PRIORITY_SET CNT_INC 1
870 MOVED_TASK_TO_READY_STATE CNT_INC
870 TASK_PRIORITY_SET CNT_INC 0
870 MOVED_TASK_TO_READY_STATE CNT_INC
870 TASK_SWITCHED_OUT CNT_INC
870 TASK_SWITCHED_IN SUSP_RX
870 QUEUE_RECEIVE_FAILED q1
870 QUEUE_RECEIVE_FAILED q1
870 QUEUE_RECEIVE_FAILED q1
870 TASK_INCREMENT_TICK 870
871 TASK_SWITCHED_OUT SUSP_RX
871 TASK_SWITCHED_IN CNT_INC
871 TASK_PRIORITY_SET CNT_INC 1
871 MOVED_TASK_TO_READY_STATE CNT_INC
871 TASK_PRIORITY_SET CNT_INC 0
871 MOVED_TASK_TO_READY_STATE CNT_INC
871 TASK_SWITCHED_OUT CNT_INC
871 TASK_SWITCHED_IN IDLE
871 TASK_INCREMENT_TICK 871
872 TASK_SWITCHED_OUT IDLE
872 TASK_SWITCHED_IN CNT_INC
872 TASK_PRIORITY_SET CNT_INC 1
872 MOVED_TASK_TO_READY_STATE CNT_INC
872 TASK_PRIORITY_SET CNT_INC 0
872 MOVED_TASK_TO_READY_STATE CNT_INC
872 TASK_SWITCHED_OUT CNT_INC
872 TASK_SWITCHED_IN SUSP_RX
872 QUEUE_RECEIVE_FAILED q1
872 QUEUE_RECEIVE_FAILED q1
872 TASK_INCREMENT_TICK 872
872 QUEUE_RECEIVE_FAILED q1
872 TASK_INCREMENT_TICK 872
873 TASK_SWITCHED_OUT SUSP_RX
873 TASK_SWITCHED_IN IDLE
873 TASK_SWITCHED_OUT IDLE
873 TASK_SWITCHED_IN CNT_INC
873 TASK_PRIORITY_SET CNT_INC 1
873 MOVED_TASK_TO_READY_STATE CNT_INC
873 TASK_PRIORITY_SET CNT_INC 0
873 MOVED_TASK_TO_READY_STATE CNT_INC
873 TASK_SWITCHED_OUT CNT_INC
873 TASK_SWITCHED_IN SUSP_RX
873 QUEUE_RECEIVE_FAILED q1
873 QUEUE_RECEIVE_FAILED q1
873 QUEUE_RECEIVE_FAILED q1
873 TASK_INCREMENT_TICK 873
874 TASK_SWITCHED_OUT SUSP_RX
874 TASK_SWITCHED_IN CNT_INC
874 TASK_PRIORITY_SET CNT_INC 1
874 MOVED_TASK_TO_READY_STATE CNT_INC
874 TASK_PRIORITY_SET CNT_INC 0
874 MOVED_TASK_TO_READY_STATE CNT_INC
874 TASK_SWITCHED_OUT CNT_INC
874 TASK_SWITCHED_IN IDLE
874 TASK_INCREMENT_TICK 874
875 TASK_SWITCHED_OUT IDLE
875 TASK_SWITCHED_IN CNT_INC
875 TASK_PRIORITY_SET CNT_INC 1
875 MOVED_TASK_TO_READY_STATE CNT_INC
875 TASK_PRIORITY_SET CNT_INC 0
875 MOVED_TASK_TO_READY_STATE CNT_INC
875 TASK_SWITCHED_OUT CNT_INC
875 TASK_SWITCHED_IN SUSP_RX
875 QUEUE_RECEIVE_FAILED q1
875 QUEUE_RECEIVE_FAILED q1
875 TASK_INCREMENT_TICK 875
875 QUEUE_RECEIVE_FAILED q1
875 TASK_INCREMENT_TICK 875
876 TASK_SWITCHED_OUT SUSP_RX
876 TASK_SWITCHED_IN IDLE
876 TASK_SWITCHED_OUT IDLE
876 TASK_SWITCHED_IN CNT_INC
876 TASK_PRIORITY_SET CNT_INC 1
876 MOVED_TASK_TO_READY_STATE CNT_INC
876 TASK_PRIORITY_SET CNT_INC 0
876 MOVED_TASK_TO_READY_STATE CNT_INC
876 TASK_SWITCHED_OUT CNT_INC
876 TASK_SWITCHED_IN SUSP_RX
876 QUEUE_RECEIVE_FAILED q1
876 QUEUE_RECEIVE_FAILED q1
876 QUEUE_RECEIVE_FAILED q1
876 TASK_INCREMENT_TICK 876
877 TASK_SWITCHED_OUT SUSP_RX
877 TASK_SWITCHED_IN CNT_INC
877 TASK_PRIORITY_SET CNT_INC 1
877 MOVED_TASK_TO_READY_STATE CNT_INC
877 TASK_PRIORITY_SET CNT_INC 0
877 MOVED_TASK_TO_READY_STATE CNT_INC
877 TASK_SWITCHED_OUT CNT_INC
877 TASK_SWITCHED_IN IDLE
877 TASK_INCREMENT_TICK 877
878 TASK_SWITCHED_OUT IDLE
878 TASK_SWITCHED_IN CNT_INC
878 TASK_PRIORITY_SET CNT_INC 1
878 MOVED_TASK_TO_READY_STATE CNT_INC
878 TASK_PRIORITY_SET CNT_INC 0
878 MOVED_TASK_TO_READY_STATE CNT_INC
878 TASK_SWITCHED_OUT CNT_INC
878 TASK_SWITCHED_IN SUSP_RX
878 QUEUE_RECEIVE_FAILED q1
878 QUEUE_RECEIVE_FAILED q1
878 TASK_INCREMENT_TICK 878
878 QUEUE_RECEIVE_FAILED q1
878 TASK_INCREMENT_TICK 878
879 TASK_SWITCHED_OUT SUSP_RX
879 TASK_SWITCHED_IN IDLE
879 TASK_SWITCHED_OUT IDLE
879 TASK_SWITCHED_IN CNT_INC
879 TASK_PRIORITY_SET CNT_INC 1
879 MOVED_TASK_TO_READY_STATE CNT_INC
879 TASK_PRIORITY_SET CNT_INC 0
879 MOVED_TASK_TO_READY_STATE CNT_INC
879 TASK_SWITCHED_OUT CNT_INC
879 TASK_SWITCHED_IN SUSP_RX
879 QUEUE_RECEIVE_FAILED q1
879 QUEUE_RECEIVE_FAILED q1
879 QUEUE_RECEIVE_FAILED q1
879 TASK_INCREMENT_TICK 879
880 TASK_SWITCHED_OUT SUSP_RX
880 TASK_SWITCHED_IN CNT_INC
880 TASK_PRIORITY_SET CNT_INC 1
880 MOVED_TASK_TO_READY_STATE CNT_INC
880 TASK_PRIORITY_SET CNT_INC 0
880 MOVED_TASK_TO_READY_STATE CNT_INC
880 TASK_SWITCHED_OUT CNT_INC
880 TASK_SWITCHED_IN IDLE
880 TASK_INCREMENT_TICK 880
881 TASK_SWITCHED_OUT IDLE
881 TASK_SWITCHED_IN CNT_INC
881 TASK_PRIORITY_SET CNT_INC 1
881 MOVED_TASK_TO_READY_STATE CNT_INC
881 TASK_PRIORITY_SET CNT_INC 0
881 MOVED_TASK_TO_READY_STATE CNT_INC
881 TASK_SWITCHED_OUT CNT_INC
881 TASK_SWITCHED_IN SUSP_RX
881 QUEUE_RECEIVE_FAILED q1
881 QUEUE_RECEIVE_FAILED q1
881 TASK_INCREMENT_TICK 881
881 QUEUE_RECEIVE_FAILED q1
881 TASK_INCREMENT_TICK 881
882 TASK_SWITCHED_OUT SUSP_RX
882 TASK_SWITCHED_IN IDLE
882 TASK_SWITCHED_OUT IDLE
882 TASK_SWITCHED_IN CNT_INC
882 TASK_PRIORITY_SET CNT_INC 1
882 MOVED_TASK_TO_READY_STATE CNT_INC
882 TASK_PRIORITY_SET CNT_INC 0
882 MOVED_TASK_TO_READY_STATE CNT_INC
882 TASK_SWITCHED_OUT CNT_INC
882 TASK_SWITCHED_IN SUSP_RX
882 QUEUE_RECEIVE_FAILED q1
882 QUEUE_RECEIVE_FAILED q1
882 QUEUE_RECEIVE_FAILED q1
882 TASK_INCREMENT_TICK 882
883 TASK_SWITCHED_OUT SUSP_RX
883 TASK_SWITCHED_IN CNT_INC
883 TASK_PRIORITY_SET CNT_INC 1
883 MOVED_TASK_TO_READY_STATE CNT_INC
883 TASK_PRIORITY_SET CNT_INC 0
883 MOVED_TASK_TO_READY_STATE CNT_INC
883 TASK_SWITCHED_OUT CNT_INC
883 TASK_SWITCHED_IN IDLE
883 TASK_INCREMENT_TICK 883
884 TASK_SWITCHED_OUT IDLE
884 TASK_SWITCHED_IN CNT_INC
884 TASK_PRIORITY_SET CNT_INC 1
884 MOVED_TASK_TO_READY_STATE CNT_INC
884 TASK_PRIORITY_SET CNT_INC 0
884 MOVED_TASK_TO_READY_STATE CNT_INC
884 TASK_SWITCHED_OUT CNT_INC
884 TASK_SWITCHED_IN SUSP_RX
884 QUEUE_RECEIVE_FAILED q1
884 QUEUE_RECEIVE_FAILED q1
884 TASK_INCREMENT_TICK 884
884 QUEUE_RECEIVE_FAILED q1
884 TASK_INCREMENT_TICK 884
885 TASK_SWITCHED_OUT SUSP_RX
885 TASK_SWITCHED_IN IDLE
885 TASK_SWITCHED_OUT IDLE
885 TASK_SWITCHED_IN CNT_INC
885 TASK_PRIORITY_SET CNT_INC 1
885 MOVED_TASK_TO_READY_STATE CNT_INC
885 TASK_PRIORITY_SET CNT_INC 0
885 MOVED_TASK_TO_READY_STATE CNT_INC
885 TASK_SWITCHED_OUT CNT_INC
885 TASK_SWITCHED_IN SUSP_RX
885 QUEUE_RECEIVE_FAILED q1
885 QUEUE_RECEIVE_FAILED q1
885 QUEUE_RECEIVE_FAILED q1
885 TASK_INCREMENT_TICK 885
886 TASK_SWITCHED_OUT SUSP_RX
886 TASK_SWITCHED_IN CNT_INC
886 TASK_PRIORITY_SET CNT_INC 1
886 MOVED_TASK_TO_READY_STATE CNT_INC
886 TASK_PRIORITY_SET CNT_INC 0
886 MOVED_TASK_TO_READY_STATE CNT_INC
886 TASK_SWITCHED_OUT CNT_INC
886 TASK_SWITCHED_IN IDLE
886 TASK_INCREMENT_TICK 886
887 TASK_SWITCHED_OUT IDLE
887 TASK_SWITCHED_IN CNT_INC
887 TASK_PRIORITY_SET CNT_INC 1
887 MOVED_TASK_TO_READY_STATE CNT_INC
887 TASK_PRIORITY_SET CNT_INC 0
887 MOVED_TASK_TO_READY_STATE CNT_INC
887 TASK_SWITCHED_OUT CNT_INC
887 TASK_SWITCHED_IN SUSP_RX
887 QUEUE_RECEIVE_FAILED q1
887 QUEUE_RECEIVE_FAILED q1
887 TASK_INCREMENT_TICK 887
887 QUEUE_RECEIVE_FAILED q1
887 TASK_INCREMENT_TICK 887
888 TASK_SWITCHED_OUT SUSP_RX
888 TASK_SWITCHED_IN IDLE
888 TASK_SWITCHED_OUT IDLE
888 TASK_SWITCHED_IN CNT_INC
888 TASK_PRIORITY_SET CNT_INC 1
888 MOVED_TASK_TO_READY_STATE CNT_INC
888 TASK_PRIORITY_SET CNT_INC 0
888 MOVED_TASK_TO_READY_STATE CNT_INC
888 TASK_SWITCHED_OUT CNT_INC
888 TASK_SWITCHED_IN SUSP_RX
888 QUEUE_RECEIVE_FAILED q1
888 QUEUE_RECEIVE_FAILED q1
888 QUEUE_RECEIVE_FAILED q1
888 TASK_INCREMENT_TICK 888
889 TASK_SWITCHED_OUT SUSP_RX
889 TASK_SWITCHED_IN CNT_INC
889 TASK_PRIORITY_SET CNT_INC 1
889 MOVED_TASK_TO_READY_STATE CNT_INC
889 TASK_PRIORITY_SET CNT_INC 0
889 MOVED_TASK_TO_READY_STATE CNT_INC
889 TASK_SWITCHED_OUT CNT_INC
889 TASK_SWITCHED_IN IDLE
889 TASK_INCREMENT_TICK 889
890 TASK_SWITCHED_OUT IDLE
890 TASK_SWITCHED_IN CNT_INC
890 TASK_PRIORITY_SET CNT_INC 1
890 MOVED_TASK_TO_READY_STATE CNT_INC
890 TASK_PRIORITY_SET CNT_INC 0
890 MOVED_TASK_TO_READY_STATE CNT_INC
890 TASK_SWITCHED_OUT CNT_INC
890 TASK_SWITCHED_IN SUSP_RX
890 QUEUE_RECEIVE_FAILED q1
890 QUEUE_RECEIVE_FAILED q1
890 TASK_INCREMENT_TICK 890
890 QUEUE_RECEIVE_FAILED q1
890 TASK_INCREMENT_TICK 890
891 TASK_SWITCHED_OUT SUSP_RX
891 TASK_SWITCHED_IN IDLE
891 TASK_SWITCHED_OUT IDLE
891 TASK_SWITCHED_IN CNT_INC
891 TASK_PRIORITY_SET CNT_INC 1
891 MOVED_TASK_TO_READY_STATE CNT_INC
891 TASK_PRIORITY_SET CNT_INC 0
891 MOVED_TASK_TO_READY_STATE CNT_INC
891 TASK_SWITCHED_OUT CNT_INC
891 TASK_SWITCHED_IN SUSP_RX
891 QUEUE_RECEIVE_FAILED q1
891 QUEUE_RECEIVE_FAILED q1
891 QUEUE_RECEIVE_FAILED q1
891 TASK_INCREMENT_TICK 891
892 TASK_SWITCHED_OUT SUSP_RX
892 TASK_SWITCHED_IN CNT_INC
892 TASK_PRIORITY_SET CNT_INC 1
892 MOVED_TASK_TO_READY_STATE CNT_INC
892 TASK_PRIORITY_SET CNT_INC 0
892 MOVED_TASK_TO_READY_STATE CNT_INC
892 TASK_SWITCHED_OUT CNT_INC
892 TASK_SWITCHED_IN IDLE
892 TASK_INCREMENT_TICK 892
893 TASK_SWITCHED_OUT IDLE
893 TASK_SWITCHED_IN CNT_INC
893 TASK_PRIORITY_SET CNT_INC 1
893 MOVED_TASK_TO_READY_STATE CNT_INC
893 TASK_PRIORITY_SET CNT_INC 0
893 MOVED_TASK_TO_READY_STATE CNT_INC
893 TASK_SWITCHED_OUT CNT_INC
893 TASK_SWITCHED_IN SUSP_RX
893 QUEUE_RECEIVE_FAILED q1
893 QUEUE_RECEIVE_FAILED q1
893 TASK_INCREMENT_TICK 893
893 QUEUE_RECEIVE_FAILED q1
893 TASK_INCREMENT_TICK 893
894 TASK_SWITCHED_OUT SUSP_RX
894 TASK_SWITCHED_IN IDLE
894 TASK_SWITCHED_OUT IDLE
894 TASK_SWITCHED_IN CNT_INC
894 TASK_PRIORITY_SET CNT_INC 1
894 MOVED_TASK_TO_READY_STATE CNT_INC
894 TASK_PRIORITY_SET CNT_INC 0
894 MOVED_TASK_TO_READY_STATE CNT_INC
894 TASK_SWITCHED_OUT CNT_INC
894 TASK_SWITCHED_IN SUSP_RX
894 QUEUE_RECEIVE_FAILED q1
894 QUEUE_RECEIVE_FAILED q1
894 QUEUE_RECEIVE_FAILED q1
894 TASK_INCREMENT_TICK 894
895 TASK_SWITCHED_OUT SUSP_RX
895 TASK_SWITCHED_IN CNT_INC
895 TASK_PRIORITY_SET CNT_INC 1
895 MOVED_TASK_TO_READY_STATE CNT_INC
895 TASK_PRIORITY_SET CNT_INC 0
895 MOVED_TASK_TO_READY_STATE CNT_INC
895 TASK_SWITCHED_OUT CNT_INC
895 TASK_SWITCHED_IN IDLE
895 TASK_INCREMENT_TICK 895
896 TASK_SWITCHED_OUT IDLE
896 TASK_SWITCHED_IN CNT_INC
896 TASK_PRIORITY_SET CNT_INC 1
896 MOVED_TASK_TO_READY_STATE CNT_INC
896 TASK_PRIORITY_SET CNT_INC 0
896 MOVED_TASK_TO_READY_STATE CNT_INC
896 TASK_SWITCHED_OUT CNT_INC
896 TASK_SWITCHED_IN SUSP_RX
896 QUEUE_RECEIVE_FAILED q1
896 QUEUE_RECEIVE_FAILED q1
896 TASK_INCREMENT_TICK 896
896 QUEUE_RECEIVE_FAILED q1
896 TASK_INCREMENT_TICK 896
897 TASK_SWITCHED_OUT SUSP_RX
897 TASK_SWITCHED_IN IDLE
897 TASK_SWITCHED_OUT IDLE
897 TASK_SWITCHED_IN CNT_INC
897 TASK_PRIORITY_SET CNT_INC 1
897 MOVED_TASK_TO_READY_STATE CNT_INC
897 TASK_PRIORITY_SET CNT_INC 0
897 MOVED_TASK_TO_READY_STATE CNT_INC
897 TASK_SWITCHED_OUT CNT_INC
897 TASK_SWITCHED_IN SUSP_RX
897 QUEUE_RECEIVE_FAILED q1
897 QUEUE_RECEIVE_FAILED q1
897 QUEUE_RECEIVE_FAILED q1
897 TASK_INCREMENT_TICK 897
898 TASK_SWITCHED_OUT SUSP_RX
898 TASK_SWITCHED_IN CNT_INC
898 TASK_PRIORITY_SET CNT_INC 1
898 MOVED_TASK_TO_READY_STATE CNT_INC
898 TASK_PRIORITY_SET CNT_INC 0
898 MOVED_TASK_TO_READY_STATE CNT_INC
898 TASK_SWITCHED_OUT CNT_INC
898 TASK_SWITCHED_IN IDLE
898 TASK_INCREMENT_TICK 898
899 TASK_SWITCHED_OUT IDLE
899 TASK_SWITCHED_IN CNT_INC
899 TASK_PRIORITY_SET CNT_INC 1
899 MOVED_TASK_TO_READY_STATE CNT_INC
899 TASK_PRIORITY_SET CNT_INC 0
899 MOVED_TASK_TO_READY_STATE CNT_INC
899 TASK_SWITCHED_OUT CNT_INC
899 TASK_SWITCHED_IN SUSP_RX
899 QUEUE_RECEIVE_FAILED q1
899 QUEUE_RECEIVE_FAILED q1
899 TASK_INCREMENT_TICK 899
899 QUEUE_RECEIVE_FAILED q1
899 TASK_INCREMENT_TICK 899
900 MOVED_TASK_TO_READY_STATE CHECK
900 TASK_SWITCHED_OUT SUSP_RX
900 TASK_SWITCHED_IN CHECK
900 TASK_DELAY CHECK 100
900 MOVED_TASK_TO_DELAYED_LIST CHECK
900 TASK_SWITCHED_OUT CHECK
900 TASK_SWITCHED_IN IDLE
900 TASK_SWITCHED_OUT IDLE
900 TASK_SWITCHED_IN CNT_INC
900 TASK_PRIORITY_SET CNT_INC 1
900 MOVED_TASK_TO_READY_STATE CNT_INC
900 TASK_PRIORITY_SET CNT_INC 0
900 MOVED_TASK_TO_READY_STATE CNT_INC
900 TASK_SWITCHED_OUT CNT_INC
900 TASK_SWITCHED_IN SUSP_RX
900 QUEUE_RECEIVE_FAILED q1
900 QUEUE_RECEIVE_FAILED q1
900 TASK_INCREMENT_TICK 900
900 QUEUE_RECEIVE_FAILED q1
900 TASK_INCREMENT_TICK 900
901 TASK_SWITCHED_OUT SUSP_RX
901 TASK_SWITCHED_IN CNT_INC
901 TASK_PRIORITY_SET CNT_INC 1
901 MOVED_TASK_TO_READY_STATE CNT_INC
901 TASK_PRIORITY_SET CNT_INC 0
901 MOVED_TASK_TO_READY_STATE CNT_INC
901 TASK_SWITCHED_OUT CNT_INC
901 TASK_SWITCHED_IN IDLE
901 TASK_INCREMENT_TICK 901
902 MOVED_TASK_TO_READY_STATE C_CTRL
902 TASK_SWITCHED_OUT IDLE
902 TASK_SWITCHED_IN CNT_INC
902 TASK_PRIORITY_SET CNT_INC 1
902 MOVED_TASK_TO_READY_STATE CNT_INC
902 TASK_PRIORITY_SET CNT_INC 0
902 MOVED_TASK_TO_READY_STATE CNT_INC
902 TASK_SWITCHED_OUT CNT_INC
902 TASK_SWITCHED_IN SUSP_RX
902 QUEUE_RECEIVE_FAILED q1
902 QUEUE_RECEIVE_FAILED q1
902 TASK_INCREMENT_TICK 902
902 TASK_INCREMENT_TICK 902
903 TASK_SWITCHED_OUT SUSP_RX
903 TASK_SWITCHED_IN C_CTRL
903 TASK_SUSPEND CNT_INC
903 TASK_RESUME CNT_INC
903 MOVED_TASK_TO_READY_STATE CNT_INC
903 TASK_DELAY C_CTRL 128
903 MOVED_TASK_TO_DELAYED_LIST C_CTRL
903 TASK_SWITCHED_OUT C_CTRL
903 TASK_SWITCHED_IN IDLE
903 TASK_SWITCHED_OUT IDLE
903 TASK_SWITCHED_IN SUSP_RX
903 QUEUE_RECEIVE_FAILED q1
903 QUEUE_RECEIVE_FAILED q1
903 TASK_INCREMENT_TICK 903
904 TASK_SWITCHED_OUT SUSP_RX
904 TASK_SWITCHED_IN CNT_INC
904 TASK_PRIORITY_SET CNT_INC 1
904 MOVED_TASK_TO_READY_STATE CNT_INC
904 TASK_PRIORITY_SET CNT_INC 0
904 MOVED_TASK_TO_READY_STATE CNT_INC
904 TASK_SWITCHED_OUT CNT_INC
904 TASK_SWITCHED_IN IDLE
904 TASK_INCREMENT_TICK 904
905 MOVED_TASK_TO_READY_STATE SUSP_TX
905 TASK_SWITCHED_OUT IDLE
905 TASK_SWITCHED_IN CNT_INC
905 TASK_PRIORITY_SET CNT_INC 1
905 MOVED_TASK_TO_READY_STATE CNT_INC
905 TASK_PRIORITY_SET CNT_INC 0
905 MOVED_TASK_TO_READY_STATE CNT_INC
905 TASK_SWITCHED_OUT CNT_INC
905 TASK_SWITCHED_IN SUSP_RX
905 QUEUE_RECEIVE_FAILED q1
905 QUEUE_RECEIVE_FAILED q1
905 TASK_INCREMENT_TICK 905
905 QUEUE_RECEIVE_FAILED q1
905 TASK_INCREMENT_TICK 905
906 TASK_SWITCHED_OUT SUSP_RX
906 TASK_SWITCHED_IN SUSP_TX
906 QUEUE_SEND q1
906 TASK_DELAY SUSP_TX 128
906 MOVED_TASK_TO_DELAYED_LIST SUSP_TX
906 TASK_SWITCHED_OUT SUSP_TX
906 TASK_SWITCHED_IN IDLE
906 TASK_SWITCHED_OUT IDLE
906 TASK_SWITCHED_IN CNT_INC
906 TASK_PRIORITY_SET CNT_INC 1
906 MOVED_TASK_TO_READY_STATE CNT_INC
906 TASK_PRIORITY_SET CNT_INC 0
906 MOVED_TASK_TO_READY_STATE CNT_INC
906 TASK_SWITCHED_OUT CNT_INC
906 TASK_SWITCHED_IN SUSP_RX
906 QUEUE_RECEIVE q1
906 QUEUE_RECEIVE_FAILED q1
906 TASK_INCREMENT_TICK 906
906 TASK_INCREMENT_TICK 906
907 TASK_SWITCHED_OUT SUSP_RX
907 TASK_SWITCHED_IN CNT_INC
907 TASK_PRIORITY_SET CNT_INC 1
907 MOVED_TASK_TO_READY_STATE CNT_INC
907 TASK_PRIORITY_SET CNT_INC 0
907 MOVED_TASK_TO_READY_STATE CNT_INC
907 TASK_SWITCHED_OUT CNT_INC
907 TASK_SWITCHED_IN IDLE
907 TASK_INCREMENT_TICK 907
908 TASK_SWITCHED_OUT IDLE
908 TASK_SWITCHED_IN CNT_INC
908 TASK_PRIORITY_SET CNT_INC 1
908 MOVED_TASK_TO_READY_STATE CNT_INC
908 TASK_PRIORITY_SET CNT_INC 0
908 MOVED_TASK_TO_READY_STATE CNT_INC
908 TASK_SWITCHED_OUT CNT_INC
908 TASK_SWITCHED_IN SUSP_RX
908 QUEUE_RECEIVE_FAILED q1
908 QUEUE_RECEIVE_FAILED q1
908 TASK_INCREMENT_TICK 908
909 TASK_SWITCHED_OUT SUSP_RX
909 TASK_SWITCHED_IN IDLE
909 TASK_SWITCHED_OUT IDLE
909 TASK_SWITCHED_IN CNT_INC
909 TASK_PRIORITY_SET CNT_INC 1
909 MOVED_TASK_TO_READY_STATE CNT_INC
909 TASK_PRIORITY_SET CNT_INC 0
909 MOVED_TASK_TO_READY_STATE CNT_INC
909 TASK_SWITCHED_OUT CNT_INC
909 TASK_SWITCHED_IN SUSP_RX
909 QUEUE_RECEIVE_FAILED q1
909 QUEUE_RECEIVE_FAILED q1
909 QUEUE_RECEIVE_FAILED q1
909 QUEUE_RECEIVE_FAILED q1
909 TASK_INCREMENT_TICK 909
909 TASK_INCREMENT_TICK 909
910 TASK_SWITCHED_OUT SUSP_RX
910 TASK_SWITCHED_IN CNT_INC
910 TASK_PRIORITY_SET CNT_INC 1
910 MOVED_TASK_TO_READY_STATE CNT_INC
910 TASK_PRIORITY_SET CNT_INC 0
910 MOVED_TASK_TO_READY_STATE CNT_INC
910 TASK_SWITCHED_OUT CNT_INC
910 TASK_SWITCHED_IN IDLE
910 TASK_INCREMENT_TICK 910
911 TASK_SWITCHED_OUT IDLE
911 TASK_SWITCHED_IN CNT_INC
911 TASK_PRIORITY_SET CNT_INC 1
911 MOVED_TASK_TO_READY_STATE CNT_INC
911 TASK_PRIORITY_SET CNT_INC 0
911 MOVED_TASK_TO_READY_STATE CNT_INC
911 TASK_SWITCHED_OUT CNT_INC
911 TASK_SWITCHED_IN SUSP_RX
911 QUEUE_RECEIVE_FAILED q1
911 QUEUE_RECEIVE_FAILED q1
911 TASK_INCREMENT_TICK 911
912 TASK_SWITCHED_OUT SUSP_RX
912 TASK_SWITCHED_IN IDLE
912 TASK_SWITCHED_OUT IDLE
912 TASK_SWITCHED_IN CNT_INC
912 TASK_PRIORITY_SET CNT_INC 1
912 MOVED_TASK_TO_READY_STATE CNT_INC
912 TASK_PRIORITY_SET CNT_INC 0
912 MOVED_TASK_TO_READY_STATE CNT_INC
912 TASK_SWITCHED_OUT CNT_INC
912 TASK_SWITCHED_IN SUSP_RX
912 QUEUE_RECEIVE_FAILED q1
912 QUEUE_RECEIVE_FAILED q1
912 QUEUE_RECEIVE_FAILED q1
912 QUEUE_RECEIVE_FAILED q1
912 TASK_INCREMENT_TICK 912
912 TASK_INCREMENT_TICK 912
913 TASK_SWITCHED_OUT SUSP_RX
913 TASK_SWITCHED_IN CNT_INC
913 TASK_PRIORITY_SET CNT_INC 1
913 MOVED_TASK_TO_READY_STATE CNT_INC
913 TASK_PRIORITY_SET CNT_INC 0
913 MOVED_TASK_TO_READY_STATE CNT_INC
913 TASK_SWITCHED_OUT CNT_INC
913 TASK_SWITCHED_IN IDLE
913 TASK_INCREMENT_TICK 913
914 TASK_SWITCHED_OUT IDLE
914 TASK_SWITCHED_IN CNT_INC
914 TASK_PRIORITY_SET CNT_INC 1
914 MOVED_TASK_TO_READY_STATE CNT_INC
914 TASK_PRIORITY_SET CNT_INC 0
914 MOVED_TASK_TO_READY_STATE CNT_INC
914 TASK_SWITCHED_OUT CNT_INC
914 TASK_SWITCHED_IN SUSP_RX
914 QUEUE_RECEIVE_FAILED q1
914 QUEUE_RECEIVE_FAILED q1
914 TASK_INCREMENT_TICK 914
915 TASK_SWITCHED_OUT SUSP_RX
915 TASK_SWITCHED_IN IDLE
915 TASK_SWITCHED_OUT IDLE
915 TASK_SWITCHED_IN CNT_INC
915 TASK_PRIORITY_SET CNT_INC 1
915 MOVED_TASK_TO_READY_STATE CNT_INC
915 TASK_PRIORITY_SET CNT_INC 0
915 MOVED_TASK_TO_READY_STATE CNT_INC
915 TASK_SWITCHED_OUT CNT_INC
915 TASK_SWITCHED_IN SUSP_RX
915 QUEUE_RECEIVE_FAILED q1
915 QUEUE_RECEIVE_FAILED q1
915 QUEUE_RECEIVE_FAILED q1
915 QUEUE_RECEIVE_FAILED q1
915 TASK_INCREMENT_TICK 915
915 TASK_INCREMENT_TICK 915
916 TASK_SWITCHED_OUT SUSP_RX
916 TASK_SWITCHED_IN CNT_INC
916 TASK_PRIORITY_SET CNT_INC 1
916 MOVED_TASK_TO_READY_STATE CNT_INC
916 TASK_PRIORITY_SET CNT_INC 0
916 MOVED_TASK_TO_READY_STATE CNT_INC
916 TASK_SWITCHED_OUT CNT_INC
916 TASK_SWITCHED_IN IDLE
916 TASK_INCREMENT_TICK 916
917 TASK_SWITCHED_OUT IDLE
917 TASK_SWITCHED_IN CNT_INC
917 TASK_PRIORITY_SET CNT_INC 1
917 MOVED_TASK_TO_READY_STATE CNT_INC
917 TASK_PRIORITY_SET CNT_INC 0
917 MOVED_TASK_TO_READY_STATE CNT_INC
917 TASK_SWITCHED_OUT CNT_INC
917 TASK_SWITCHED_IN SUSP_RX
917 QUEUE_RECEIVE_FAILED q1
917 QUEUE_RECEIVE_FAILED q1
917 TASK_INCREMENT_TICK 917
918 TASK_SWITCHED_OUT SUSP_RX
918 TASK_SWITCHED_IN IDLE
918 TASK_SWITCHED_OUT IDLE
918 TASK_SWITCHED_IN CNT_INC
918 TASK_PRIORITY_SET CNT_INC 1
918 MOVED_TASK_TO_READY_STATE CNT_INC
918 TASK_PRIORITY_SET CNT_INC 0
918 MOVED_TASK_TO_READY_STATE CNT_INC
918 TASK_SWITCHED_OUT CNT_INC
918 TASK_SWITCHED_IN SUSP_RX
918 QUEUE_RECEIVE_FAILED q1
918 QUEUE_RECEIVE_FAILED q1
918 QUEUE_RECEIVE_FAILED q1
918 QUEUE_RECEIVE_FAILED q1
918 TASK_INCREMENT_TICK 918
918 TASK_INCREMENT_TICK 918
919 TASK_SWITCHED_OUT SUSP_RX
919 TASK_SWITCHED_IN CNT_INC
919 TASK_PRIORITY_SET CNT_INC 1
919 MOVED_TASK_TO_READY_STATE CNT_INC
919 TASK_PRIORITY_SET CNT_INC 0
919 MOVED_TASK_TO_READY_STATE CNT_INC
919 TASK_SWITCHED_OUT CNT_INC
919 TASK_SWITCHED_IN IDLE
919 TASK_INCREMENT_TICK 919
920 TASK_SWITCHED_OUT IDLE
920 TASK_SWITCHED_IN CNT_INC
920 TASK_PRIORITY_SET CNT_INC 1
920 MOVED_TASK_TO_READY_STATE CNT_INC
920 TASK_PRIORITY_SET CNT_INC 0
920 MOVED_TASK_TO_READY_STATE CNT_INC
920 TASK_SWITCHED_OUT CNT_INC
920 TASK_SWITCHED_IN SUSP_RX
920 QUEUE_RECEIVE_FAILED q1
920 QUEUE_RECEIVE_FAILED q1
920 TASK_INCREMENT_TICK 920
921 TASK_SWITCHED_OUT SUSP_RX
921 TASK_SWITCHED_IN IDLE
921 TASK_SWITCHED_OUT IDLE
921 TASK_SWITCHED_IN CNT_INC
921 TASK_PRIORITY_SET CNT_INC 1
921 MOVED_TASK_TO_READY_STATE CNT_INC
921 TASK_PRIORITY_SET CNT_INC 0
921 MOVED_TASK_TO_READY_STATE CNT_INC
921 TASK_SWITCHED_OUT CNT_INC
921 TASK_SWITCHED_IN SUSP_RX
921 QUEUE_RECEIVE_FAILED q1
921 QUEUE_RECEIVE_FAILED q1
921 QUEUE_RECEIVE_FAILED q1
921 QUEUE_RECEIVE_FAILED q1
921 TASK_INCREMENT_TICK 921
921 TASK_INCREMENT_TICK 921
922 TASK_SWITCHED_OUT SUSP_RX
922 TASK_SWITCHED_IN CNT_INC
922 TASK_PRIORITY_SET CNT_INC 1
922 MOVED_TASK_TO_READY_STATE CNT_INC
922 TASK_PRIORITY_SET CNT_INC 0
922 MOVED_TASK_TO_READY_STATE CNT_INC
922 TASK_SWITCHED_OUT CNT_INC
922 TASK_SWITCHED_IN IDLE
922 TASK_INCREMENT_TICK 922
923 TASK_SWITCHED_OUT IDLE
923 TASK_SWITCHED_IN CNT_INC
923 TASK_PRIORITY_SET CNT_INC 1
923 MOVED_TASK_TO_READY_STATE CNT_INC
923 TASK_PRIORITY_SET CNT_INC 0
923 MOVED_TASK_TO_READY_STATE CNT_INC
923 TASK_SWITCHED_OUT CNT_INC
923 TASK_SWITCHED_IN SUSP_RX
923 QUEUE_RECEIVE_FAILED q1
923 QUEUE_RECEIVE_FAILED q1
923 TASK_INCREMENT_TICK 923
924 TASK_SWITCHED_OUT SUSP_RX
924 TASK_SWITCHED_IN IDLE
924 TASK_SWITCHED_OUT IDLE
924 TASK_SWITCHED_IN CNT_INC
924 TASK_PRIORITY_SET CNT_INC 1
924 MOVED_TASK_TO_READY_STATE CNT_INC
924 TASK_PRIORITY_SET CNT_INC 0
924 MOVED_TASK_TO_READY_STATE CNT_INC
924 TASK_SWITCHED_OUT CNT_INC
924 TASK_SWITCHED_IN SUSP_RX
924 QUEUE_RECEIVE_FAILED q1
924 QUEUE_RECEIVE_FAILED q1
924 QUEUE_RECEIVE_FAILED q1
924 QUEUE_RECEIVE_FAILED q1
924 TASK_INCREMENT_TICK 924
924 TASK_INCREMENT_TICK 924
925 TASK_SWITCHED_OUT SUSP_RX
925 TASK_SWITCHED_IN CNT_INC
925 TASK_PRIORITY_SET CNT_INC 1
925 MOVED_TASK_TO_READY_STATE CNT_INC
925 TASK_PRIORITY_SET CNT_INC 0
925 MOVED_TASK_TO_READY_STATE CNT_INC
925 TASK_SWITCHED_OUT CNT_INC
925 TASK_SWITCHED_IN IDLE
925 TASK_INCREMENT_TICK 925
926 TASK_SWITCHED_OUT IDLE
926 TASK_SWITCHED_IN CNT_INC
926 TASK_PRIORITY_SET CNT_INC 1
926 MOVED_TASK_TO_READY_STATE CNT_INC
926 TASK_PRIORITY_SET CNT_INC 0
926 MOVED_TASK_TO_READY_STATE CNT_INC
926 TASK_SWITCHED_OUT CNT_INC
926 TASK_SWITCHED_IN SUSP_RX
926 QUEUE_RECEIVE_FAILED q1
926 QUEUE_RECEIVE_FAILED q1
926 TASK_INCREMENT_TICK 926
927 TASK_SWITCHED_OUT SUSP_RX
927 TASK_SWITCHED_IN IDLE
927 TASK_SWITCHED_OUT IDLE
927 TASK_SWITCHED_IN CNT_INC
927 TASK_PRIORITY_SET CNT_INC 1
927 MOVED_TASK_TO_READY_STATE CNT_INC
927 TASK_PRIORITY_SET CNT_INC 0
927 MOVED_TASK_TO_READY_STATE CNT_INC
927 TASK_SWITCHED_OUT CNT_INC
927 TASK_SWITCHED_IN SUSP_RX
927 QUEUE_RECEIVE_FAILED q1
927 QUEUE_RECEIVE_FAILED q1
927 QUEUE_RECEIVE_FAILED q1
927 QUEUE_RECEIVE_FAILED q1
927 TASK_INCREMENT_TICK 927
927 TASK_INCREMENT_TICK 927
928 TASK_SWITCHED_OUT SUSP_RX
928 TASK_SWITCHED_IN CNT_INC
928 TASK_PRIORITY_SET CNT_INC 1
928 MOVED_TASK_TO_READY_STATE CNT_INC
928 TASK_PRIORITY_SET CNT_INC 0
928 MOVED_TASK_TO_READY_STATE CNT_INC
928 TASK_SWITCHED_OUT CNT_INC
928 TASK_SWITCHED_IN IDLE
928 TASK_INCREMENT_TICK 928
929 TASK_SWITCHED_OUT IDLE
929 TASK_SWITCHED_IN CNT_INC
929 TASK_PRIORITY_SET CNT_INC 1
929 MOVED_TASK_TO_READY_STATE CNT_INC
929 TASK_PRIORITY_SET CNT_INC 0
929 MOVED_TASK_TO_READY_STATE CNT_INC
929 TASK_SWITCHED_OUT CNT_INC
929 TASK_SWITCHED_IN SUSP_RX
929 QUEUE_RECEIVE_FAILED q1
929 QUEUE_RECEIVE_FAILED q1
929 TASK_INCREMENT_TICK 929
930 TASK_SWITCHED_OUT SUSP_RX
930 TASK_SWITCHED_IN IDLE
930 TASK_SWITCHED_OUT IDLE
930 TASK_SWITCHED_IN CNT_INC
930 TASK_PRIORITY_SET CNT_INC 1
930 MOVED_TASK_TO_READY_STATE CNT_INC
930 TASK_PRIORITY_SET CNT_INC 0
930 MOVED_TASK_TO_READY_STATE CNT_INC
930 TASK_SWITCHED_OUT CNT_INC
930 TASK_SWITCHED_IN SUSP_RX
930 QUEUE_RECEIVE_FAILED q1
930 QUEUE_RECEIVE_FAILED q1
930 QUEUE_RECEIVE_FAILED q1
930 QUEUE_RECEIVE_FAILED q1
930 TASK_INCREMENT_TICK 930
930 TASK_INCREMENT_TICK 930
931 TASK_SWITCHED_OUT SUSP_RX
931 TASK_SWITCHED_IN CNT_INC
931 TASK_PRIORITY_SET CNT_INC 1
931 MOVED_TASK_TO_READY_STATE CNT_INC
931 TASK_PRIORITY_SET CNT_INC 0
931 MOVED_TASK_TO_READY_STATE CNT_INC
931 TASK_SWITCHED_OUT CNT_INC
931 TASK_SWITCHED_IN IDLE
931 TASK_INCREMENT_TICK 931
932 TASK_SWITCHED_OUT IDLE
932 TASK_SWITCHED_IN CNT_INC
932 TASK_PRIORITY_SET CNT_INC 1
932 MOVED_TASK_TO_READY_STATE CNT_INC
932 TASK_PRIORITY_SET CNT_INC 0
932 MOVED_TASK_TO_READY_STATE CNT_INC
932 TASK_SWITCHED_OUT CNT_INC
932 TASK_SWITCHED_IN SUSP_RX
932 QUEUE_RECEIVE_FAILED q1
932 QUEUE_RECEIVE_FAILED q1
932 TASK_INCREMENT_TICK 932
933 TASK_SWITCHED_OUT SUSP_RX
933 TASK_SWITCHED_IN IDLE
933 TASK_SWITCHED_OUT IDLE
933 TASK_SWITCHED_IN CNT_INC
933 TASK_PRIORITY_SET CNT_INC 1
933 MOVED_TASK_TO_READY_STATE CNT_INC
933 TASK_PRIORITY_SET CNT_INC 0
933 MOVED_TASK_TO_READY_STATE CNT_INC
933 TASK_SWITCHED_OUT CNT_INC
933 TASK_SWITCHED_IN SUSP_RX
933 QUEUE_RECEIVE_FAILED q1
933 QUEUE_RECEIVE_FAILED q1
933 QUEUE_RECEIVE_FAILED q1
933 QUEUE_RECEIVE_FAILED q1
933 TASK_INCREMENT_TICK 933
933 TASK_INCREMENT_TICK 933
934 TASK_SWITCHED_OUT SUSP_RX
934 TASK_SWITCHED_IN CNT_INC
934 TASK_PRIORITY_SET CNT_INC 1
934 MOVED_TASK_TO_READY_STATE CNT_INC
934 TASK_PRIORITY_SET CNT_INC 0
934 MOVED_TASK_TO_READY_STATE CNT_INC
934 TASK_SWITCHED_OUT CNT_INC
934 TASK_SWITCHED_IN IDLE
934 TASK_INCREMENT_TICK 934
935 TASK_SWITCHED_OUT IDLE
935 TASK_SWITCHED_IN CNT_INC
935 TASK_PRIORITY_SET CNT_INC 1
935 MOVED_TASK_TO_READY_STATE CNT_INC
935 TASK_PRIORITY_SET CNT_INC 0
935 MOVED_TASK_TO_READY_STATE CNT_INC
935 TASK_SWITCHED_OUT CNT_INC
935 TASK_SWITCHED_IN SUSP_RX
935 QUEUE_RECEIVE_FAILED q1
935 QUEUE_RECEIVE_FAILED q1
935 TASK_INCREMENT_TICK 935
936 TASK_SWITCHED_OUT SUSP_RX
936 TASK_SWITCHED_IN IDLE
936 TASK_SWITCHED_OUT IDLE
936 TASK_SWITCHED_IN CNT_INC
936 TASK_PRIORITY_SET CNT_INC 1
936 MOVED_TASK_TO_READY_STATE CNT_INC
936 TASK_PRIORITY_SET CNT_INC 0
936 MOVED_TASK_TO_READY_STATE CNT_INC
936 TASK_SWITCHED_OUT CNT_INC
936 TASK_SWITCHED_IN SUSP_RX
936 QUEUE_RECEIVE_FAILED q1
936 QUEUE_RECEIVE_FAILED q1
936 QUEUE_RECEIVE_FAILED q1
936 QUEUE_RECEIVE_FAILED q1
936 TASK_INCREMENT_TICK 936
936 TASK_INCREMENT_TICK 936
937 TASK_SWITCHED_OUT SUSP_RX
937 TASK_SWITCHED_IN CNT_INC
937 TASK_PRIORITY_SET CNT_INC 1
937 MOVED_TASK_TO_READY_STATE CNT_INC
937 TASK_PRIORITY_SET CNT_INC 0
937 MOVED_TASK_TO_READY_STATE CNT_INC
937 TASK_SWITCHED_OUT CNT_INC
937 TASK_SWITCHED_IN IDLE
937 TASK_INCREMENT_TICK 937
938 TASK_SWITCHED_OUT IDLE
938 TASK_SWITCHED_IN CNT_INC
938 TASK_PRIORITY_SET CNT_INC 1
938 MOVED_TASK_TO_READY_STATE CNT_INC
938 TASK_PRIORITY_SET CNT_INC 0
938 MOVED_TASK_TO_READY_STATE CNT_INC
938 TASK_SWITCHED_OUT CNT_INC
938 TASK_SWITCHED_IN SUSP_RX
938 QUEUE_RECEIVE_FAILED q1
938 QUEUE_RECEIVE_FAILED q1
938 TASK_INCREMENT_TICK 938
939 TASK_SWITCHED_OUT SUSP_RX
939 TASK_SWITCHED_IN IDLE
939 TASK_SWITCHED_OUT IDLE
939 TASK_SWITCHED_IN CNT_INC
939 TASK_PRIORITY_SET CNT_INC 1
939 MOVED_TASK_TO_READY_STATE CNT_INC
939 TASK_PRIORITY_SET CNT_INC 0
939 MOVED_TASK_TO_READY_STATE CNT_INC
939 TASK_SWITCHED_OUT CNT_INC
939 TASK_SWITCHED_IN SUSP_RX
939 QUEUE_RECEIVE_FAILED q1
939 QUEUE_RECEIVE_FAILED q1
939 QUEUE_RECEIVE_FAILED q1
939 QUEUE_RECEIVE_FAILED q1
939 TASK_INCREMENT_TICK 939
939 TASK_INCREMENT_TICK 939
940 TASK_SWITCHED_OUT SUSP_RX
940 TASK_SWITCHED_IN CNT_INC
940 TASK_PRIORITY_SET CNT_INC 1
940 MOVED_TASK_TO_READY_STATE CNT_INC
940 TASK_PRIORITY_SET CNT_INC 0
940 MOVED_TASK_TO_READY_STATE CNT_INC
940 TASK_SWITCHED_OUT CNT_INC
940 TASK_SWITCHED_IN IDLE
940 TASK_INCREMENT_TICK 940
941 TASK_SWITCHED_OUT IDLE
941 TASK_SWITCHED_IN CNT_INC
941 TASK_PRIORITY_SET CNT_INC 1
941 MOVED_TASK_TO_READY_STATE CNT_INC
941 TASK_PRIORITY_SET CNT_INC 0
941 MOVED_TASK_TO_READY_STATE CNT_INC
941 TASK_SWITCHED_OUT CNT_INC
941 TASK_SWITCHED_IN SUSP_RX
941 QUEUE_RECEIVE_FAILED q1
941 QUEUE_RECEIVE_FAILED q1
941 TASK_INCREMENT_TICK 941
942 TASK_SWITCHED_OUT SUSP_RX
942 TASK_SWITCHED_IN IDLE
942 TASK_SWITCHED_OUT IDLE
942 TASK_SWITCHED_IN CNT_INC
942 TASK_PRIORITY_SET CNT_INC 1
942 MOVED_TASK_TO_READY_STATE CNT_INC
942 TASK_PRIORITY_SET CNT_INC 0
942 MOVED_TASK_TO_READY_STATE CNT_INC
942 TASK_SWITCHED_OUT CNT_INC
942 TASK_SWITCHED_IN SUSP_RX
942 QUEUE_RECEIVE_FAILED q1
942 QUEUE_RECEIVE_FAILED q1
942 QUEUE_RECEIVE_FAILED q1
942 QUEUE_RECEIVE_FAILED q1
942 TASK_INCREMENT_TICK 942
942 TASK_INCREMENT_TICK 942
943 TASK_SWITCHED_OUT SUSP_RX
943 TASK_SWITCHED_IN CNT_INC
943 TASK_PRIORITY_SET CNT_INC 1
943 MOVED_TASK_TO_READY_STATE CNT_INC
943 TASK_PRIORITY_SET CNT_INC 0
943 MOVED_TASK_TO_READY_STATE CNT_INC
943 TASK_SWITCHED_OUT CNT_INC
943 TASK_SWITCHED_IN IDLE
943 TASK_INCREMENT_TICK 943
944 TASK_SWITCHED_OUT IDLE
944 TASK_SWITCHED_IN CNT_INC
944 TASK_PRIORITY_SET CNT_INC 1
944 MOVED_TASK_TO_READY_STATE CNT_INC
944 TASK_PRIORITY_SET CNT_INC 0
944 MOVED_TASK_TO_READY_STATE CNT_INC
944 TASK_SWITCHED_OUT CNT_INC
944 TASK_SWITCHED_IN SUSP_RX
944 QUEUE_RECEIVE_FAILED q1
944 QUEUE_RECEIVE_FAILED q1
944 TASK_INCREMENT_TICK 944
945 TASK_SWITCHED_OUT SUSP_RX
945 TASK_SWITCHED_IN IDLE
945 TASK_SWITCHED_OUT IDLE
945 TASK_SWITCHED_IN CNT_INC
945 TASK_PRIORITY_SET CNT_INC 1
945 MOVED_TASK_TO_READY_STATE CNT_INC
945 TASK_PRIORITY_SET CNT_INC 0
945 MOVED_TASK_TO_READY_STATE CNT_INC
945 TASK_SWITCHED_OUT CNT_INC
945 TASK_SWITCHED_IN SUSP_RX
945 QUEUE_RECEIVE_FAILED q1
945 QUEUE_RECEIVE_FAILED q1
945 QUEUE_RECEIVE_FAILED q1
945 QUEUE_RECEIVE_FAILED q1
945 TASK_INCREMENT_TICK 945
945 TASK_INCREMENT_TICK 945
946 TASK_SWITCHED_OUT SUSP_RX
946 TASK_SWITCHED_IN CNT_INC
946 TASK_PRIORITY_SET CNT_INC 1
946 MOVED_TASK_TO_READY_STATE CNT_INC
946 TASK_PRIORITY_SET CNT_INC 0
946 MOVED_TASK_TO_READY_STATE CNT_INC
946 TASK_SWITCHED_OUT CNT_INC
946 TASK_SWITCHED_IN IDLE
946 TASK_INCREMENT_TICK 946
947 TASK_SWITCHED_OUT IDLE
947 TASK_SWITCHED_IN CNT_INC
947 TASK_PRIORITY_SET CNT_INC 1
947 MOVED_TASK_TO_READY_STATE CNT_INC
947 TASK_PRIORITY_SET CNT_INC 0
947 MOVED_TASK_TO_READY_STATE CNT_INC
947 TASK_SWITCHED_OUT CNT_INC
947 TASK_SWITCHED_IN SUSP_RX
947 QUEUE_RECEIVE_FAILED q1
947 QUEUE_RECEIVE_FAILED q1
947 TASK_INCREMENT_TICK 947
948 TASK_SWITCHED_OUT SUSP_RX
948 TASK_SWITCHED_IN IDLE
948 TASK_SWITCHED_OUT IDLE
948 TASK_SWITCHED_IN CNT_INC
948 TASK_PRIORITY_SET CNT_INC 1
948 MOVED_TASK_TO_READY_STATE CNT_INC
948 TASK_PRIORITY_SET CNT_INC 0
948 MOVED_TASK_TO_READY_STATE CNT_INC
948 TASK_SWITCHED_OUT CNT_INC
948 TASK_SWITCHED_IN SUSP_RX
948 QUEUE_RECEIVE_FAILED q1
948 QUEUE_RECEIVE_FAILED q1
948 QUEUE_RECEIVE_FAILED q1
948 QUEUE_RECEIVE_FAILED q1
948 TASK_INCREMENT_TICK 948
948 TASK_INCREMENT_TICK 948
949 TASK_SWITCHED_OUT SUSP_RX
949 TASK_SWITCHED_IN CNT_INC
949 TASK_PRIORITY_SET CNT_INC 1
949 MOVED_TASK_TO_READY_STATE CNT_INC
949 TASK_PRIORITY_SET CNT_INC 0
949 MOVED_TASK_TO_READY_STATE CNT_INC
949 TASK_SWITCHED_OUT CNT_INC
949 TASK_SWITCHED_IN IDLE
949 TASK_INCREMENT_TICK 949
950 TASK_SWITCHED_OUT IDLE
950 TASK_SWITCHED_IN CNT_INC
950 TASK_PRIORITY_SET CNT_INC 1
950 MOVED_TASK_TO_READY_STATE CNT_INC
950 TASK_PRIORITY_SET CNT_INC 0
950 MOVED_TASK_TO_READY_STATE CNT_INC
950 TASK_SWITCHED_OUT CNT_INC
950 TASK_SWITCHED_IN SUSP_RX
950 QUEUE_RECEIVE_FAILED q1
950 QUEUE_RECEIVE_FAILED q1
950 TASK_INCREMENT_TICK 950
951 TASK_SWITCHED_OUT SUSP_RX
951 TASK_SWITCHED_IN IDLE
951 TASK_SWITCHED_OUT IDLE
951 TASK_SWITCHED_IN CNT_INC
951 TASK_PRIORITY_SET CNT_INC 1
951 MOVED_TASK_TO_READY_STATE CNT_INC
951 TASK_PRIORITY_SET CNT_INC 0
951 MOVED_TASK_TO_READY_STATE CNT_INC
951 TASK_SWITCHED_OUT CNT_INC
951 TASK_SWITCHED_IN SUSP_RX
951 QUEUE_RECEIVE_FAILED q1
951 QUEUE_RECEIVE_FAILED q1
951 QUEUE_RECEIVE_FAILED q1
951 QUEUE_RECEIVE_FAILED q1
951 TASK_INCREMENT_TICK 951
951 TASK_INCREMENT_TICK 951
952 TASK_SWITCHED_OUT SUSP_RX
952 TASK_SWITCHED_IN CNT_INC
952 TASK_PRIORITY_SET CNT_INC 1
952 MOVED_TASK_TO_READY_STATE CNT_INC
952 TASK_PRIORITY_SET CNT_INC 0
952 MOVED_TASK_TO_READY_STATE CNT_INC
952 TASK_SWITCHED_OUT CNT_INC
952 TASK_SWITCHED_IN IDLE
952 TASK_INCREMENT_TICK 952
953 TASK_SWITCHED_OUT IDLE
953 TASK_SWITCHED_IN CNT_INC
953 TASK_PRIORITY_SET CNT_INC 1
953 MOVED_TASK_TO_READY_STATE CNT_INC
953 TASK_PRIORITY_SET CNT_INC 0
953 MOVED_TASK_TO_READY_STATE CNT_INC
953 TASK_SWITCHED_OUT CNT_INC
953 TASK_SWITCHED_IN SUSP_RX
953 QUEUE_RECEIVE_FAILED q1
953 QUEUE_RECEIVE_FAILED q1
953 TASK_INCREMENT_TICK 953
954 TASK_SWITCHED_OUT SUSP_RX
954 TASK_SWITCHED_IN IDLE
954 TASK_SWITCHED_OUT IDLE
954 TASK_SWITCHED_IN CNT_INC
954 TASK_PRIORITY_SET CNT_INC 1
954 MOVED_TASK_TO_READY_STATE CNT_INC
954 TASK_PRIORITY_SET CNT_INC 0
954 MOVED_TASK_TO_READY_STATE CNT_INC
954 TASK_SWITCHED_OUT CNT_INC
954 TASK_SWITCHED_IN SUSP_RX
954 QUEUE_RECEIVE_FAILED q1
954 QUEUE_RECEIVE_FAILED q1
954 QUEUE_RECEIVE_FAILED q1
954 QUEUE_RECEIVE_FAILED q1
954 TASK_INCREMENT_TICK 954
954 TASK_INCREMENT_TICK 954
955 TASK_SWITCHED_OUT SUSP_RX
955 TASK_SWITCHED_IN CNT_INC
955 TASK_PRIORITY_SET CNT_INC 1
955 MOVED_TASK_TO_READY_STATE CNT_INC
955 TASK_PRIORITY_SET CNT_INC 0
955 MOVED_TASK_TO_READY_STATE CNT_INC
955 TASK_SWITCHED_OUT CNT_INC
955 TASK_SWITCHED_IN IDLE
955 TASK_INCREMENT_TICK 955
956 TASK_SWITCHED_OUT IDLE
956 TASK_SWITCHED_IN CNT_INC
956 TASK_PRIORITY_SET CNT_INC 1
956 MOVED_TASK_TO_READY_STATE CNT_INC
956 TASK_PRIORITY_SET CNT_INC 0
956 MOVED_TASK_TO_READY_STATE CNT_INC
956 TASK_SWITCHED_OUT CNT_INC
956 TASK_SWITCHED_IN SUSP_RX
956 QUEUE_RECEIVE_FAILED q1
956 QUEUE_RECEIVE_FAILED q1
956 TASK_INCREMENT_TICK 956
957 TASK_SWITCHED_OUT SUSP_RX
957 TASK_SWITCHED_IN IDLE
957 TASK_SWITCHED_OUT IDLE
957 TASK_SWITCHED_IN CNT_INC
957 TASK_PRIORITY_SET CNT_INC 1
957 MOVED_TASK_TO_READY_STATE CNT_INC
957 TASK_PRIORITY_SET CNT_INC 0
957 MOVED_TASK_TO_READY_STATE CNT_INC
957 TASK_SWITCHED_OUT CNT_INC
957 TASK_SWITCHED_IN SUSP_RX
957 QUEUE_RECEIVE_FAILED q1
957 QUEUE_RECEIVE_FAILED q1
957 QUEUE_RECEIVE_FAILED q1
957 QUEUE_RECEIVE_FAILED q1
957 TASK_INCREMENT_TICK 957
957 TASK_INCREMENT_TICK 957
958 TASK_SWITCHED_OUT SUSP_RX
958 TASK_SWITCHED_IN CNT_INC
958 TASK_PRIORITY_SET CNT_INC 1
958 MOVED_TASK_TO_READY_STATE CNT_INC
958 TASK_PRIORITY_SET CNT_INC 0
958 MOVED_TASK_TO_READY_STATE CNT_INC
958 TASK_SWITCHED_OUT CNT_INC
958 TASK_SWITCHED_IN IDLE
958 TASK_INCREMENT_TICK 958
959 TASK_SWITCHED_OUT IDLE
959 TASK_SWITCHED_IN CNT_INC
959 TASK_PRIORITY_SET CNT_INC 1
959 MOVED_TASK_TO_READY_STATE CNT_INC
959 TASK_PRIORITY_SET CNT_INC 0
959 MOVED_TASK_TO_READY_STATE CNT_INC
959 TASK_SWITCHED_OUT CNT_INC
959 TASK_SWITCHED_IN SUSP_RX
959 QUEUE_RECEIVE_FAILED q1
959 QUEUE_RECEIVE_FAILED q1
959 TASK_INCREMENT_TICK 959
960 TASK_SWITCHED_OUT SUSP_RX
960 TASK_SWITCHED_IN IDLE
960 TASK_SWITCHED_OUT IDLE
960 TASK_SWITCHED_IN CNT_INC
960 TASK_PRIORITY_SET CNT_INC 1
960 MOVED_TASK_TO_READY_STATE CNT_INC
960 TASK_PRIORITY_SET CNT_INC 0
960 MOVED_TASK_TO_READY_STATE CNT_INC
960 TASK_SWITCHED_OUT CNT_INC
960 TASK_SWITCHED_IN SUSP_RX
960 QUEUE_RECEIVE_FAILED q1
960 QUEUE_RECEIVE_FAILED q1
960 QUEUE_RECEIVE_FAILED q1
960 QUEUE_RECEIVE_FAILED q1
960 TASK_INCREMENT_TICK 960
960 TASK_INCREMENT_TICK 960
961 TASK_SWITCHED_OUT SUSP_RX
961 TASK_SWITCHED_IN CNT_INC
961 TASK_PRIORITY_SET CNT_INC 1
961 MOVED_TASK_TO_READY_STATE CNT_INC
961 TASK_PRIORITY_SET CNT_INC 0
961 MOVED_TASK_TO_READY_STATE CNT_INC
961 TASK_SWITCHED_OUT CNT_INC
961 TASK_SWITCHED_IN IDLE
961 TASK_INCREMENT_TICK 961
962 TASK_SWITCHED_OUT IDLE
962 TASK_SWITCHED_IN CNT_INC
962 TASK_PRIORITY_SET CNT_INC 1
962 MOVED_TASK_TO_READY_STATE CNT_INC
962 TASK_PRIORITY_SET CNT_INC 0
962 MOVED_TASK_TO_READY_STATE CNT_INC
962 TASK_SWITCHED_OUT CNT_INC
962 TASK_SWITCHED_IN SUSP_RX
962 QUEUE_RECEIVE_FAILED q1
962 QUEUE_RECEIVE_FAILED q1
962 TASK_INCREMENT_TICK 962
963 TASK_SWITCHED_OUT SUSP_RX
963 TASK_SWITCHED_IN IDLE
963 TASK_SWITCHED_OUT IDLE
963 TASK_SWITCHED_IN CNT_INC
963 TASK_PRIORITY_SET CNT_INC 1
963 MOVED_TASK_TO_READY_STATE CNT_INC
963 TASK_PRIORITY_SET CNT_INC 0
963 MOVED_TASK_TO_READY_STATE CNT_INC
963 TASK_SWITCHED_OUT CNT_INC
963 TASK_SWITCHED_IN SUSP_RX
963 QUEUE_RECEIVE_FAILED q1
963 QUEUE_RECEIVE_FAILED q1
963 QUEUE_RECEIVE_FAILED q1
963 QUEUE_RECEIVE_FAILED q1
963 TASK_INCREMENT_TICK 963
963 TASK_INCREMENT_TICK 963
964 TASK_SWITCHED_OUT SUSP_RX
964 TASK_SWITCHED_IN CNT_INC
964 TASK_PRIORITY_SET CNT_INC 1
964 MOVED_TASK_TO_READY_STATE CNT_INC
964 TASK_PRIORITY_SET CNT_INC 0
964 MOVED_TASK_TO_READY_STATE CNT_INC
964 TASK_SWITCHED_OUT CNT_INC
964 TASK_SWITCHED_IN IDLE
964 TASK_INCREMENT_TICK 964
965 TASK_SWITCHED_OUT IDLE
965 TASK_SWITCHED_IN CNT_INC
965 TASK_PRIORITY_SET CNT_INC 1
965 MOVED_TASK_TO_READY_STATE CNT_INC
965 TASK_PRIORITY_SET CNT_INC 0
965 MOVED_TASK_TO_READY_STATE CNT_INC
965 TASK_SWITCHED_OUT CNT_INC
965 TASK_SWITCHED_IN SUSP_RX
965 QUEUE_RECEIVE_FAILED q1
965 QUEUE_RECEIVE_FAILED q1
965 TASK_INCREMENT_TICK 965
966 TASK_SWITCHED_OUT SUSP_RX
966 TASK_SWITCHED_IN IDLE
966 TASK_SWITCHED_OUT IDLE
966 TASK_SWITCHED_IN CNT_INC
966 TASK_PRIORITY_SET CNT_INC 1
966 MOVED_TASK_TO_READY_STATE CNT_INC
966 TASK_PRIORITY_SET CNT_INC 0
966 MOVED_TASK_TO_READY_STATE CNT_INC
966 TASK_SWITCHED_OUT CNT_INC
966 TASK_SWITCHED_IN SUSP_RX
966 QUEUE_RECEIVE_FAILED q1
966 QUEUE_RECEIVE_FAILED q1
966 QUEUE_RECEIVE_FAILED q1
966 QUEUE_RECEIVE_FAILED q1
966 TASK_INCREMENT_TICK 966
966 TASK_INCREMENT_TICK 966
967 TASK_SWITCHED_OUT SUSP_RX
967 TASK_SWITCHED_IN CNT_INC
967 TASK_PRIORITY_SET CNT_INC 1
967 MOVED_TASK_TO_READY_STATE CNT_INC
967 TASK_PRIORITY_SET CNT_INC 0
967 MOVED_TASK_TO_READY_STATE CNT_INC
967 TASK_SWITCHED_OUT CNT_INC
967 TASK_SWITCHED_IN IDLE
967 TASK_INCREMENT_TICK 967
968 TASK_SWITCHED_OUT IDLE
968 TASK_SWITCHED_IN CNT_INC
968 TASK_PRIORITY_SET CNT_INC 1
968 MOVED_TASK_TO_READY_STATE CNT_INC
968 TASK_PRIORITY_SET CNT_INC 0
968 MOVED_TASK_TO_READY_STATE CNT_INC
968 TASK_SWITCHED_OUT CNT_INC
968 TASK_SWITCHED_IN SUSP_RX
968 QUEUE_RECEIVE_FAILED q1
968 QUEUE_RECEIVE_FAILED q1
968 TASK_INCREMENT_TICK 968
969 TASK_SWITCHED_OUT SUSP_RX
969 TASK_SWITCHED_IN IDLE
969 TASK_SWITCHED_OUT IDLE
969 TASK_SWITCHED_IN CNT_INC
969 TASK_PRIORITY_SET CNT_INC 1
969 MOVED_TASK_TO_READY_STATE CNT_INC
969 TASK_PRIORITY_SET CNT_INC 0
969 MOVED_TASK_TO_READY_STATE CNT_INC
969 TASK_SWITCHED_OUT CNT_INC
969 TASK_SWITCHED_IN SUSP_RX
969 QUEUE_RECEIVE_FAILED q1
969 QUEUE_RECEIVE_FAILED q1
969 QUEUE_RECEIVE_FAILED q1
969 QUEUE_RECEIVE_FAILED q1
969 TASK_INCREMENT_TICK 969
969 TASK_INCREMENT_TICK 969
970 TASK_SWITCHED_OUT SUSP_RX
970 TASK_SWITCHED_IN CNT_INC
970 TASK_PRIORITY_SET CNT_INC 1
970 MOVED_TASK_TO_READY_STATE CNT_INC
970 TASK_PRIORITY_SET CNT_INC 0
970 MOVED_TASK_TO_READY_STATE CNT_INC
970 TASK_SWITCHED_OUT CNT_INC
970 TASK_SWITCHED_IN IDLE
970 TASK_INCREMENT_TICK 970
971 TASK_SWITCHED_OUT IDLE
971 TASK_SWITCHED_IN CNT_INC
971 TASK_PRIORITY_SET CNT_INC 1
971 MOVED_TASK_TO_READY_STATE CNT_INC
971 TASK_PRIORITY_SET CNT_INC 0
971 MOVED_TASK_TO_READY_STATE CNT_INC
971 TASK_SWITCHED_OUT CNT_INC
971 TASK_SWITCHED_IN SUSP_RX
971 QUEUE_RECEIVE_FAILED q1
971 QUEUE_RECEIVE_FAILED q1
971 TASK_INCREMENT_TICK 971
972 TASK_SWITCHED_OUT SUSP_RX
972 TASK_SWITCHED_IN IDLE
972 TASK_SWITCHED_OUT IDLE
972 TASK_SWITCHED_IN CNT_INC
972 TASK_PRIORITY_SET CNT_INC 1
972 MOVED_TASK_TO_READY_STATE CNT_INC
972 TASK_PRIORITY_SET CNT_INC 0
972 MOVED_TASK_TO_READY_STATE CNT_INC
972 TASK_SWITCHED_OUT CNT_INC
972 TASK_SWITCHED_IN SUSP_RX
972 QUEUE_RECEIVE_FAILED q1
972 QUEUE_RECEIVE_FAILED q1
972 QUEUE_RECEIVE_FAILED q1
972 QUEUE_RECEIVE_FAILED q1
972 TASK_INCREMENT_TICK 972
972 TASK_INCREMENT_TICK 972
973 TASK_SWITCHED_OUT SUSP_RX
973 TASK_SWITCHED_IN CNT_INC
973 TASK_PRIORITY_SET CNT_INC 1
973 MOVED_TASK_TO_READY_STATE CNT_INC
973 TASK_PRIORITY_SET CNT_INC 0
973 MOVED_TASK_TO_READY_STATE CNT_INC
973 TASK_SWITCHED_OUT CNT_INC
973 TASK_SWITCHED_IN IDLE
973 TASK_INCREMENT_TICK 973
974 TASK_SWITCHED_OUT IDLE
974 TASK_SWITCHED_IN CNT_INC
974 TASK_PRIORITY_SET CNT_INC 1
974 MOVED_TASK_TO_READY_STATE CNT_INC
974 TASK_PRIORITY_SET CNT_INC 0
974 MOVED_TASK_TO_READY_STATE CNT_INC
974 TASK_SWITCHED_OUT CNT_INC
974 TASK_SWITCHED_IN SUSP_RX
974 QUEUE_RECEIVE_FAILED q1
974 QUEUE_RECEIVE_FAILED q1
974 TASK_INCREMENT_TICK 974
975 TASK_SWITCHED_OUT SUSP_RX
975 TASK_SWITCHED_IN IDLE
975 TASK_SWITCHED_OUT IDLE
975 TASK_SWITCHED_IN CNT_INC
975 TASK_PRIORITY_SET CNT_INC 1
975 MOVED_TASK_TO_READY_STATE CNT_INC
975 TASK_PRIORITY_SET CNT_INC 0
975 MOVED_TASK_TO_READY_STATE CNT_INC
975 TASK_SWITCHED_OUT CNT_INC
975 TASK_SWITCHED_IN SUSP_RX
975 QUEUE_RECEIVE_FAILED q1
975 QUEUE_RECEIVE_FAILED q1
975 QUEUE_RECEIVE_FAILED q1
975 QUEUE_RECEIVE_FAILED q1
975 TASK_INCREMENT_TICK 975
975 TASK_INCREMENT_TICK 975
976 TASK_SWITCHED_OUT SUSP_RX
976 TASK_SWITCHED_IN CNT_INC
976 TASK_PRIORITY_SET CNT_INC 1
976 MOVED_TASK_TO_READY_STATE CNT_INC
976 TASK_PRIORITY_SET CNT_INC 0
976 MOVED_TASK_TO_READY_STATE CNT_INC
976 TASK_SWITCHED_OUT CNT_INC
976 TASK_SWITCHED_IN IDLE
976 TASK_INCREMENT_TICK 976
977 TASK_SWITCHED_OUT IDLE
977 TASK_SWITCHED_IN CNT_INC
977 TASK_PRIORITY_SET CNT_INC 1
977 MOVED_TASK_TO_READY_STATE CNT_INC
977 TASK_PRIORITY_SET CNT_INC 0
977 MOVED_TASK_TO_READY_STATE CNT_INC
977 TASK_SWITCHED_OUT CNT_INC
977 TASK_SWITCHED_IN SUSP_RX
977 QUEUE_RECEIVE_FAILED q1
977 QUEUE_RECEIVE_FAILED q1
977 TASK_INCREMENT_TICK 977
978 TASK_SWITCHED_OUT SUSP_RX
978 TASK_SWITCHED_IN IDLE
978 TASK_SWITCHED_OUT IDLE
978 TASK_SWITCHED_IN CNT_INC
978 TASK_PRIORITY_SET CNT_INC 1
978 MOVED_TASK_TO_READY_STATE CNT_INC
978 TASK_PRIORITY_SET CNT_INC 0
978 MOVED_TASK_TO_READY_STATE CNT_INC
978 TASK_SWITCHED_OUT CNT_INC
978 TASK_SWITCHED_IN SUSP_RX
978 QUEUE_RECEIVE_FAILED q1
978 QUEUE_RECEIVE_FAILED q1
978 QUEUE_RECEIVE_FAILED q1
978 QUEUE_RECEIVE_FAILED q1
978 TASK_INCREMENT_TICK 978
978 TASK_INCREMENT_TICK 978
979 TASK_SWITCHED_OUT SUSP_RX
979 TASK_SWITCHED_IN CNT_INC
979 TASK_PRIORITY_SET CNT_INC 1
979 MOVED_TASK_TO_READY_STATE CNT_INC
979 TASK_PRIORITY_SET CNT_INC 0
979 MOVED_TASK_TO_READY_STATE CNT_INC
979 TASK_SWITCHED_OUT CNT_INC
979 TASK_SWITCHED_IN IDLE
979 TASK_INCREMENT_TICK 979
980 TASK_SWITCHED_OUT IDLE
980 TASK_SWITCHED_IN CNT_INC
980 TASK_PRIORITY_SET CNT_INC 1
980 MOVED_TASK_TO_READY_STATE CNT_INC
980 TASK_PRIORITY_SET CNT_INC 0
980 MOVED_TASK_TO_READY_STATE CNT_INC
980 TASK_SWITCHED_OUT CNT_INC
980 TASK_SWITCHED_IN SUSP_RX
980 QUEUE_RECEIVE_FAILED q1
980 QUEUE_RECEIVE_FAILED q1
980 TASK_INCREMENT_TICK 980
981 TASK_SWITCHED_OUT SUSP_RX
981 TASK_SWITCHED_IN IDLE
981 TASK_SWITCHED_OUT IDLE
981 TASK_SWITCHED_IN CNT_INC
981 TASK_PRIORITY_SET CNT_INC 1
981 MOVED_TASK_TO_READY_STATE CNT_INC
981 TASK_PRIORITY_SET CNT_INC 0
981 MOVED_TASK_TO_READY_STATE CNT_INC
981 TASK_SWITCHED_OUT CNT_INC
981 TASK_SWITCHED_IN SUSP_RX
981 QUEUE_RECEIVE_FAILED q1
981 QUEUE_RECEIVE_FAILED q1
981 QUEUE_RECEIVE_FAILED q1
981 QUEUE_RECEIVE_FAILED q1
981 TASK_INCREMENT_TICK 981
981 TASK_INCREMENT_TICK 981
982 TASK_SWITCHED_OUT SUSP_RX
982 TASK_SWITCHED_IN CNT_INC
982 TASK_PRIORITY_SET CNT_INC 1
982 MOVED_TASK_TO_READY_STATE CNT_INC
982 TASK_PRIORITY_SET CNT_INC 0
982 MOVED_TASK_TO_READY_STATE CNT_INC
982 TASK_SWITCHED_OUT CNT_INC
982 TASK_SWITCHED_IN IDLE
982 TASK_INCREMENT_TICK 982
983 TASK_SWITCHED_OUT IDLE
983 TASK_SWITCHED_IN CNT_INC
983 TASK_PRIORITY_SET CNT_INC 1
983 MOVED_TASK_TO_READY_STATE CNT_INC
983 TASK_PRIORITY_SET CNT_INC 0
983 MOVED_TASK_TO_READY_STATE CNT_INC
983 TASK_SWITCHED_OUT CNT_INC
983 TASK_SWITCHED_IN SUSP_RX
983 QUEUE_RECEIVE_FAILED q1
983 QUEUE_RECEIVE_FAILED q1
983 TASK_INCREMENT_TICK 983
984 TASK_SWITCHED_OUT SUSP_RX
984 TASK_SWITCHED_IN IDLE
984 TASK_SWITCHED_OUT IDLE
984 TASK_SWITCHED_IN CNT_INC
984 TASK_PRIORITY_SET CNT_INC 1
984 MOVED_TASK_TO_READY_STATE CNT_INC
984 TASK_PRIORITY_SET CNT_INC 0
984 MOVED_TASK_TO_READY_STATE CNT_INC
984 TASK_SWITCHED_OUT CNT_INC
984 TASK_SWITCHED_IN SUSP_RX
984 QUEUE_RECEIVE_FAILED q1
984 QUEUE_RECEIVE_FAILED q1
984 QUEUE_RECEIVE_FAILED q1
984 QUEUE_RECEIVE_FAILED q1
984 TASK_INCREMENT_TICK 984
984 TASK_INCREMENT_TICK 984
985 TASK_SWITCHED_OUT SUSP_RX
985 TASK_SWITCHED_IN CNT_INC
985 TASK_PRIORITY_SET CNT_INC 1
985 MOVED_TASK_TO_READY_STATE CNT_INC
985 TASK_PRIORITY_SET CNT_INC 0
985 MOVED_TASK_TO_READY_STATE CNT_INC
985 TASK_SWITCHED_OUT CNT_INC
985 TASK_SWITCHED_IN IDLE
985 TASK_INCREMENT_TICK 985
986 TASK_SWITCHED_OUT IDLE
986 TASK_SWITCHED_IN CNT_INC
986 TASK_PRIORITY_SET CNT_INC 1
986 MOVED_TASK_TO_READY_STATE CNT_INC
986 TASK_PRIORITY_SET CNT_INC 0
986 MOVED_TASK_TO_READY_STATE CNT_INC
986 TASK_SWITCHED_OUT CNT_INC
986 TASK_SWITCHED_IN SUSP_RX
986 QUEUE_RECEIVE_FAILED q1
986 QUEUE_RECEIVE_FAILED q1
986 TASK_INCREMENT_TICK 986
987 TASK_SWITCHED_OUT SUSP_RX
987 TASK_SWITCHED_IN IDLE
987 TASK_SWITCHED_OUT IDLE
987 TASK_SWITCHED_IN CNT_INC
987 TASK_PRIORITY_SET CNT_INC 1
987 MOVED_TASK_TO_READY_STATE CNT_INC
987 TASK_PRIORITY_SET CNT_INC 0
987 MOVED_TASK_TO_READY_STATE CNT_INC
987 TASK_SWITCHED_OUT CNT_INC
987 TASK_SWITCHED_IN SUSP_RX
987 QUEUE_RECEIVE_FAILED q1
987 QUEUE_RECEIVE_FAILED q1
987 QUEUE_RECEIVE_FAILED q1
987 QUEUE_RECEIVE_FAILED q1
987 TASK_INCREMENT_TICK 987
987 TASK_INCREMENT_TICK 987
988 TASK_SWITCHED_OUT SUSP_RX
988 TASK_SWITCHED_IN CNT_INC
988 TASK_PRIORITY_SET CNT_INC 1
988 MOVED_TASK_TO_READY_STATE CNT_INC
988 TASK_PRIORITY_SET CNT_INC 0
988 MOVED_TASK_TO_READY_STATE CNT_INC
988 TASK_SWITCHED_OUT CNT_INC
988 TASK_SWITCHED_IN IDLE
988 TASK_INCREMENT_TICK 988
989 TASK_SWITCHED_OUT IDLE
989 TASK_SWITCHED_IN CNT_INC
989 TASK_PRIORITY_SET CNT_INC 1
989 MOVED_TASK_TO_READY_STATE CNT_INC
989 TASK_PRIORITY_SET CNT_INC 0
989 MOVED_TASK_TO_READY_STATE CNT_INC
989 TASK_SWITCHED_OUT CNT_INC
989 TASK_SWITCHED_IN SUSP_RX
989 QUEUE_RECEIVE_FAILED q1
989 QUEUE_RECEIVE_FAILED q1
989 TASK_INCREMENT_TICK 989
990 TASK_SWITCHED_OUT SUSP_RX
990 TASK_SWITCHED_IN IDLE
990 TASK_SWITCHED_OUT IDLE
990 TASK_SWITCHED_IN CNT_INC
990 TASK_PRIORITY_SET CNT_INC 1
990 MOVED_TASK_TO_READY_STATE CNT_INC
990 TASK_PRIORITY_SET CNT_INC 0
990 MOVED_TASK_TO_READY_STATE CNT_INC
990 TASK_SWITCHED_OUT CNT_INC
990 TASK_SWITCHED_IN SUSP_RX
990 QUEUE_RECEIVE_FAILED q1
990 QUEUE_RECEIVE_FAILED q1
990 QUEUE_RECEIVE_FAILED q1
990 QUEUE_RECEIVE_FAILED q1
990 TASK_INCREMENT_TICK 990
990 TASK_INCREMENT_TICK 990
991 TASK_SWITCHED_OUT SUSP_RX
991 TASK_SWITCHED_IN CNT_INC
991 TASK_PRIORITY_SET CNT_INC 1
991 MOVED_TASK_TO_READY_STATE CNT_INC
991 TASK_PRIORITY_SET CNT_INC 0
991 MOVED_TASK_TO_READY_STATE CNT_INC
991 TASK_SWITCHED_OUT CNT_INC
991 TASK_SWITCHED_IN IDLE
991 TASK_INCREMENT_TICK 991
992 TASK_SWITCHED_OUT IDLE
992 TASK_SWITCHED_IN CNT_INC
992 TASK_PRIORITY_SET CNT_INC 1
992 MOVED_TASK_TO_READY_STATE CNT_INC
992 TASK_PRIORITY_SET CNT_INC 0
992 MOVED_TASK_TO_READY_STATE CNT_INC
992 TASK_SWITCHED_OUT CNT_INC
992 TASK_SWITCHED_IN SUSP_RX
992 QUEUE_RECEIVE_FAILED q1
992 QUEUE_RECEIVE_FAILED q1
992 TASK_INCREMENT_TICK 992
993 TASK_SWITCHED_OUT SUSP_RX
993 TASK_SWITCHED_IN IDLE
993 TASK_SWITCHED_OUT IDLE
993 TASK_SWITCHED_IN CNT_INC
993 TASK_PRIORITY_SET CNT_INC 1
993 MOVED_TASK_TO_READY_STATE CNT_INC
993 TASK_PRIORITY_SET CNT_INC 0
993 MOVED_TASK_TO_READY_STATE CNT_INC
993 TASK_SWITCHED_OUT CNT_INC
993 TASK_SWITCHED_IN SUSP_RX
993 QUEUE_RECEIVE_FAILED q1
993 QUEUE_RECEIVE_FAILED q1
993 QUEUE_RECEIVE_FAILED q1
993 QUEUE_RECEIVE_FAILED q1
993 TASK_INCREMENT_TICK 993
993 TASK_INCREMENT_TICK 993
994 TASK_SWITCHED_OUT SUSP_RX
994 TASK_SWITCHED_IN CNT_INC
994 TASK_PRIORITY_SET CNT_INC 1
994 MOVED_TASK_TO_READY_STATE CNT_INC
994 TASK_PRIORITY_SET CNT_INC 0
994 MOVED_TASK_TO_READY_STATE CNT_INC
994 TASK_SWITCHED_OUT CNT_INC
994 TASK_SWITCHED_IN IDLE
994 TASK_INCREMENT_TICK 994
995 TASK_SWITCHED_OUT IDLE
995 TASK_SWITCHED_IN CNT_INC
995 TASK_PRIORITY_SET CNT_INC 1
995 MOVED_TASK_TO_READY_STATE CNT_INC
995 TASK_PRIORITY_SET CNT_INC 0
995 MOVED_TASK_TO_READY_STATE CNT_INC
995 TASK_SWITCHED_OUT CNT_INC
995 TASK_SWITCHED_IN SUSP_RX
995 QUEUE_RECEIVE_FAILED q1
995 QUEUE_RECEIVE_FAILED q1
995 TASK_INCREMENT_TICK 995
996 TASK_SWITCHED_OUT SUSP_RX
996 TASK_SWITCHED_IN IDLE
996 TASK_SWITCHED_OUT IDLE
996 TASK_SWITCHED_IN CNT_INC
996 TASK_PRIORITY_SET CNT_INC 1
996 MOVED_TASK_TO_READY_STATE CNT_INC
996 TASK_PRIORITY_SET CNT_INC 0
996 MOVED_TASK_TO_READY_STATE CNT_INC
996 TASK_SWITCHED_OUT CNT_INC
996 TASK_SWITCHED_IN SUSP_RX
996 QUEUE_RECEIVE_FAILED q1
996 QUEUE_RECEIVE_FAILED q1
996 QUEUE_RECEIVE_FAILED q1
996 QUEUE_RECEIVE_FAILED q1
996 TASK_INCREMENT_TICK 996
996 TASK_INCREMENT_TICK 996
997 TASK_SWITCHED_OUT SUSP_RX
997 TASK_SWITCHED_IN CNT_INC
997 TASK_PRIORITY_SET CNT_INC 1
997 MOVED_TASK_TO_READY_STATE CNT_INC
997 TASK_PRIORITY_SET CNT_INC 0
997 MOVED_TASK_TO_READY_STATE CNT_INC
997 TASK_SWITCHED_OUT CNT_INC
997 TASK_SWITCHED_IN IDLE
997 TASK_INCREMENT_TICK 997
998 TASK_SWITCHED_OUT IDLE
998 TASK_SWITCHED_IN CNT_INC
998 TASK_PRIORITY_SET CNT_INC 1
998 MOVED_TASK_TO_READY_STATE CNT_INC
998 TASK_PRIORITY_SET CNT_INC 0
998 MOVED_TASK_TO_READY_STATE CNT_INC
998 TASK_SWITCHED_OUT CNT_INC
998 TASK_SWITCHED_IN SUSP_RX
998 QUEUE_RECEIVE_FAILED q1
998 QUEUE_RECEIVE_FAILED q1
998 TASK_INCREMENT_TICK 998
999 TASK_SWITCHED_OUT SUSP_RX
999 TASK_SWITCHED_IN IDLE
999 TASK_SWITCHED_OUT IDLE
999 TASK_SWITCHED_IN CNT_INC
999 TASK_PRIORITY_SET CNT_INC 1
999 MOVED_TASK_TO_READY_STATE CNT_INC
999 TASK_PRIORITY_SET CNT_INC 0
999 MOVED_TASK_TO_READY_STATE CNT_INC
999 TASK_SWITCHED_OUT CNT_INC
999 TASK_SWITCHED_IN SUSP_RX
999 QUEUE_RECEIVE_FAILED q1
999 QUEUE_RECEIVE_FAILED q1
999 QUEUE_RECEIVE_FAILED q1
999 QUEUE_RECEIVE_FAILED q1
999 TASK_INCREMENT_TICK 999
999 TASK_INCREMENT_TICK 999
1000 MOVED_TASK_TO_READY_STATE CHECK
1000 TASK_SWITCHED_OUT SUSP_RX
1000 TASK_SWITCHED_IN CHECK
1000 TASK_DELAY CHECK 100
1000 MOVED_TASK_TO_DELAYED_LIST CHECK
1000 TASK_SWITCHED_OUT CHECK
1000 TASK_SWITCHED_IN CNT_INC
1000 TASK_PRIORITY_SET CNT_INC 1
1000 MOVED_TASK_TO_READY_STATE CNT_INC
1000 TASK_PRIORITY_SET CNT_INC 0
1000 MOVED_TASK_TO_READY_STATE CNT_INC
1000 TASK_SWITCHED_OUT CNT_INC
1000 TASK_SWITCHED_IN IDLE
1000 TASK_INCREMENT_TICK 1000
1001 TASK_SWITCHED_OUT IDLE
1001 TASK_SWITCHED_IN CNT_INC
1001 TASK_PRIORITY_SET CNT_INC 1
1001 MOVED_TASK_TO_READY_STATE CNT_INC
1001 TASK_PRIORITY_SET CNT_INC 0
1001 MOVED_TASK_TO_READY_STATE CNT_INC
1001 TASK_SWITCHED_OUT CNT_INC
1001 TASK_SWITCHED_IN SUSP_RX
1001 QUEUE_RECEIVE_FAILED q1
1001 TASK_INCREMENT_TICK 1001
1001 QUEUE_RECEIVE_FAILED q1
1001 TASK_INCREMENT_TICK 1001
1002 TASK_SWITCHED_OUT SUSP_RX
1002 TASK_SWITCHED_IN IDLE
1002 TASK_SWITCHED_OUT IDLE
1002 TASK_SWITCHED_IN CNT_INC
1002 TASK_PRIORITY_SET CNT_INC 1
1002 MOVED_TASK_TO_READY_STATE CNT_INC
1002 TASK_PRIORITY_SET CNT_INC 0
1002 MOVED_TASK_TO_READY_STATE CNT_INC
1002 TASK_SWITCHED_OUT CNT_INC
1002 TASK_SWITCHED_IN SUSP_RX
1002 QUEUE_RECEIVE_FAILED q1
1002 QUEUE_RECEIVE_FAILED q1
1002 QUEUE_RECEIVE_FAILED q1
1002 TASK_INCREMENT_TICK 1002
1003 TASK_SWITCHED_OUT SUSP_RX
1003 TASK_SWITCHED_IN CNT_INC
1003 TASK_PRIORITY_SET CNT_INC 1
1003 MOVED_TASK_TO_READY_STATE CNT_INC
1003 TASK_PRIORITY_SET CNT_INC 0
1003 MOVED_TASK_TO_READY_STATE CNT_INC
1003 TASK_SWITCHED_OUT CNT_INC
1003 TASK_SWITCHED_IN IDLE
1003 TASK_INCREMENT_TICK 1003
1004 TASK_SWITCHED_OUT IDLE
1004 TASK_SWITCHED_IN CNT_INC
1004 TASK_PRIORITY_SET CNT_INC 1
1004 MOVED_TASK_TO_READY_STATE CNT_INC
1004 TASK_PRIORITY_SET CNT_INC 0
1004 MOVED_TASK_TO_READY_STATE CNT_INC
1004 TASK_SWITCHED_OUT CNT_INC
1004 TASK_SWITCHED_IN SUSP_RX
1004 QUEUE_RECEIVE_FAILED q1
1004 QUEUE_RECEIVE_FAILED q1
1004 TASK_INCREMENT_TICK 1004
1004 QUEUE_RECEIVE_FAILED q1
1004 TASK_INCREMENT_TICK 1004
1005 TASK_SWITCHED_OUT SUSP_RX
1005 TASK_SWITCHED_IN IDLE
1005 TASK_SWITCHED_OUT IDLE
1005 TASK_SWITCHED_IN CNT_INC
1005 TASK_PRIORITY_SET CNT_INC 1
1005 MOVED_TASK_TO_READY_STATE CNT_INC
1005 TASK_PRIORITY_SET CNT_INC 0
1005 MOVED_TASK_TO_READY_STATE CNT_INC
1005 TASK_SWITCHED_OUT CNT_INC
1005 TASK_SWITCHED_IN SUSP_RX
1005 QUEUE_RECEIVE_FAILED q1
1005 QUEUE_RECEIVE_FAILED q1
1005 QUEUE_RECEIVE_FAILED q1
1005 TASK_INCREMENT_TICK 1005
1006 TASK_SWITCHED_OUT SUSP_RX
1006 TASK_SWITCHED_IN CNT_INC
1006 TASK_PRIORITY_SET CNT_INC 1
1006 MOVED_TASK_TO_READY_STATE CNT_INC
1006 TASK_PRIORITY_SET CNT_INC 0
1006 MOVED_TASK_TO_READY_STATE CNT_INC
1006 TASK_SWITCHED_OUT CNT_INC
1006 TASK_SWITCHED_IN IDLE
1006 TASK_INCREMENT_TICK 1006
1007 TASK_SWITCHED_OUT IDLE
1007 TASK_SWITCHED_IN CNT_INC
1007 TASK_PRIORITY_SET CNT_INC 1
1007 MOVED_TASK_TO_READY_STATE CNT_INC
1007 TASK_PRIORITY_SET CNT_INC 0
1007 MOVED_TASK_TO_READY_STATE CNT_INC
1007 TASK_SWITCHED_OUT CNT_INC
1007 TASK_SWITCHED_IN SUSP_RX
1007 QUEUE_RECEIVE_FAILED q1
1007 QUEUE_RECEIVE_FAILED q1
1007 TASK_INCREMENT_TICK 1007
1007 QUEUE_RECEIVE_FAILED q1
1007 TASK_INCREMENT_TICK 1007
1008 TASK_SWITCHED_OUT SUSP_RX
1008 TASK_SWITCHED_IN IDLE
1008 TASK_SWITCHED_OUT IDLE
1008 TASK_SWITCHED_IN CNT_INC
1008 TASK_PRIORITY_SET CNT_INC 1
1008 MOVED_TASK_TO_READY_STATE CNT_INC
1008 TASK_PRIORITY_SET CNT_INC 0
1008 MOVED_TASK_TO_READY_STATE CNT_INC
1008 TASK_SWITCHED_OUT CNT_INC
1008 TASK_SWITCHED_IN SUSP_RX
1008 QUEUE_RECEIVE_FAILED q1
1008 QUEUE_RECEIVE_FAILED q1
1008 QUEUE_RECEIVE_FAILED q1
1008 TASK_INCREMENT_TICK 1008
1009 TASK_SWITCHED_OUT SUSP_RX
1009 TASK_SWITCHED_IN CNT_INC
1009 TASK_PRIORITY_SET CNT_INC 1
1009 MOVED_TASK_TO_READY_STATE CNT_INC
1009 TASK_PRIORITY_SET CNT_INC 0
1009 MOVED_TASK_TO_READY_STATE CNT_INC
1009 TASK_SWITCHED_OUT CNT_INC
1009 TASK_SWITCHED_IN IDLE
1009 TASK_INCREMENT_TICK 1009
1010 TASK_SWITCHED_OUT IDLE
1010 TASK_SWITCHED_IN CNT_INC
1010 TASK_PRIORITY_SET CNT_INC 1
1010 MOVED_TASK_TO_READY_STATE CNT_INC
1010 TASK_PRIORITY_SET CNT_INC 0
1010 MOVED_TASK_TO_READY_STATE CNT_INC
1010 TASK_SWITCHED_OUT CNT_INC
1010 TASK_SWITCHED_IN SUSP_RX
1010 QUEUE_RECEIVE_FAILED q1
1010 QUEUE_RECEIVE_FAILED q1
1010 TASK_INCREMENT_TICK 1010
1010 QUEUE_RECEIVE_FAILED q1
1010 TASK_INCREMENT_TICK 1010
1011 TASK_SWITCHED_OUT SUSP_RX
1011 TASK_SWITCHED_IN IDLE
1011 TASK_SWITCHED_OUT IDLE
1011 TASK_SWITCHED_IN CNT_INC
1011 TASK_PRIORITY_SET CNT_INC 1
1011 MOVED_TASK_TO_READY_STATE CNT_INC
1011 TASK_PRIORITY_SET CNT_INC 0
1011 MOVED_TASK_TO_READY_STATE CNT_INC
1011 TASK_SWITCHED_OUT CNT_INC
1011 TASK_SWITCHED_IN SUSP_RX
1011 QUEUE_RECEIVE_FAILED q1
1011 QUEUE_RECEIVE_FAILED q1
1011 QUEUE_RECEIVE_FAILED q1
1011 TASK_INCREMENT_TICK 1011
1012 TASK_SWITCHED_OUT SUSP_RX
1012 TASK_SWITCHED_IN CNT_INC
1012 TASK_PRIORITY_SET CNT_INC 1
1012 MOVED_TASK_TO_READY_STATE CNT_INC
1012 TASK_PRIORITY_SET CNT_INC 0
1012 MOVED_TASK_TO_READY_STATE CNT_INC
1012 TASK_SWITCHED_OUT CNT_INC
1012 TASK_SWITCHED_IN IDLE
1012 TASK_INCREMENT_TICK 1012
1013 TASK_SWITCHED_OUT IDLE
1013 TASK_SWITCHED_IN CNT_INC
1013 TASK_PRIORITY_SET CNT_INC 1
1013 MOVED_TASK_TO_READY_STATE CNT_INC
1013 TASK_PRIORITY_SET CNT_INC 0
1013 MOVED_TASK_TO_READY_STATE CNT_INC
1013 TASK_SWITCHED_OUT CNT_INC
1013 TASK_SWITCHED_IN SUSP_RX
1013 QUEUE_RECEIVE_FAILED q1
1013 QUEUE_RECEIVE_FAILED q1
1013 TASK_INCREMENT_TICK 1013
1013 QUEUE_RECEIVE_FAILED q1
1013 TASK_INCREMENT_TICK 1013
1014 TASK_SWITCHED_OUT SUSP_RX
1014 TASK_SWITCHED_IN IDLE
1014 TASK_SWITCHED_OUT IDLE
1014 TASK_SWITCHED_IN CNT_INC
1014 TASK_PRIORITY_SET CNT_INC 1
1014 MOVED_TASK_TO_READY_STATE CNT_INC
1014 TASK_PRIORITY_SET CNT_INC 0
1014 MOVED_TASK_TO_READY_STATE CNT_INC
1014 TASK_SWITCHED_OUT CNT_INC
1014 TASK_SWITCHED_IN SUSP_RX
1014 QUEUE_RECEIVE_FAILED q1
1014 QUEUE_RECEIVE_FAILED q1
1014 QUEUE_RECEIVE_FAILED q1
1014 TASK_INCREMENT_TICK 1014
1015 TASK_SWITCHED_OUT SUSP_RX
1015 TASK_SWITCHED_IN CNT_INC
1015 TASK_PRIORITY_SET CNT_INC 1
1015 MOVED_TASK_TO_READY_STATE CNT_INC
1015 TASK_PRIORITY_SET CNT_INC 0
1015 MOVED_TASK_TO_READY_STATE CNT_INC
1015 TASK_SWITCHED_OUT CNT_INC
1015 TASK_SWITCHED_IN IDLE
1015 TASK_INCREMENT_TICK 1015
1016 TASK_SWITCHED_OUT IDLE
1016 TASK_SWITCHED_IN CNT_INC
1016 TASK_PRIORITY_SET CNT_INC 1
1016 MOVED_TASK_TO_READY_STATE CNT_INC
1016 TASK_PRIORITY_SET CNT_INC 0
1016 MOVED_TASK_TO_READY_STATE CNT_INC
1016 TASK_SWITCHED_OUT CNT_INC
1016 TASK_SWITCHED_IN SUSP_RX
1016 QUEUE_RECEIVE_FAILED q1
1016 QUEUE_RECEIVE_FAILED q1
1016 TASK_INCREMENT_TICK 1016
1016 QUEUE_RECEIVE_FAILED q1
1016 TASK_INCREMENT_TICK 1016
1017 TASK_SWITCHED_OUT SUSP_RX
1017 TASK_SWITCHED_IN IDLE
1017 TASK_SWITCHED_OUT IDLE
1017 TASK_SWITCHED_IN CNT_INC
1017 TASK_PRIORITY_SET CNT_INC 1
1017 MOVED_TASK_TO_READY_STATE CNT_INC
1017 TASK_PRIORITY_SET CNT_INC 0
1017 MOVED_TASK_TO_READY_STATE CNT_INC
1017 TASK_SWITCHED_OUT CNT_INC
1017 TASK_SWITCHED_IN SUSP_RX
1017 QUEUE_RECEIVE_FAILED q1
1017 QUEUE_RECEIVE_FAILED q1
1017 QUEUE_RECEIVE_FAILED q1
1017 TASK_INCREMENT_TICK 1017
1018 TASK_SWITCHED_OUT SUSP_RX
1018 TASK_SWITCHED_IN CNT_INC
1018 TASK_PRIORITY_SET CNT_INC 1
1018 MOVED_TASK_TO_READY_STATE CNT_INC
1018 TASK_PRIORITY_SET CNT_INC 0
1018 MOVED_TASK_TO_READY_STATE CNT_INC
1018 TASK_SWITCHED_OUT CNT_INC
1018 TASK_SWITCHED_IN IDLE
1018 TASK_INCREMENT_TICK 1018
1019 TASK_SWITCHED_OUT IDLE
1019 TASK_SWITCHED_IN CNT_INC
1019 TASK_PRIORITY_SET CNT_INC 1
1019 MOVED_TASK_TO_READY_STATE CNT_INC
1019 TASK_PRIORITY_SET CNT_INC 0
1019 MOVED_TASK_TO_READY_STATE CNT_INC
1019 TASK_SWITCHED_OUT CNT_INC
1019 TASK_SWITCHED_IN SUSP_RX
1019 QUEUE_RECEIVE_FAILED q1
1019 QUEUE_RECEIVE_FAILED q1
1019 TASK_INCREMENT_TICK 1019
1019 QUEUE_RECEIVE_FAILED q1
1019 TASK_INCREMENT_TICK 1019
1020 TASK_SWITCHED_OUT SUSP_RX
1020 TASK_SWITCHED_IN IDLE
1020 TASK_SWITCHED_OUT IDLE
1020 TASK_SWITCHED_IN CNT_INC
1020 TASK_PRIORITY_SET CNT_INC 1
1020 MOVED_TASK_TO_READY_STATE CNT_INC
1020 TASK_PRIORITY_SET CNT_INC 0
1020 MOVED_TASK_TO_READY_STATE CNT_INC
1020 TASK_SWITCHED_OUT CNT_INC
1020 TASK_SWITCHED_IN SUSP_RX
1020 QUEUE_RECEIVE_FAILED q1
1020 QUEUE_RECEIVE_FAILED q1
1020 QUEUE_RECEIVE_FAILED q1
1020 TASK_INCREMENT_TICK 1020
1021 TASK_SWITCHED_OUT SUSP_RX
1021 TASK_SWITCHED_IN CNT_INC
1021 TASK_PRIORITY_SET CNT_INC 1
1021 MOVED_TASK_TO_READY_STATE CNT_INC
1021 TASK_PRIORITY_SET CNT_INC 0
1021 MOVED_TASK_TO_READY_STATE CNT_INC
1021 TASK_SWITCHED_OUT CNT_INC
1021 TASK_SWITCHED_IN IDLE
1021 TASK_INCREMENT_TICK 1021
1022 TASK_SWITCHED_OUT IDLE
1022 TASK_SWITCHED_IN CNT_INC
1022 TASK_PRIORITY_SET CNT_INC 1
1022 MOVED_TASK_TO_READY_STATE CNT_INC
1022 TASK_PRIORITY_SET CNT_INC 0
1022 MOVED_TASK_TO_READY_STATE CNT_INC
1022 TASK_SWITCHED_OUT CNT_INC
1022 TASK_SWITCHED_IN SUSP_RX
1022 QUEUE_RECEIVE_FAILED q1
1022 QUEUE_RECEIVE_FAILED q1
1022 TASK_INCREMENT_TICK 1022
1022 QUEUE_RECEIVE_FAILED q1
1022 TASK_INCREMENT_TICK 1022
1023 TASK_SWITCHED_OUT SUSP_RX
1023 TASK_SWITCHED_IN IDLE
1023 TASK_SWITCHED_OUT IDLE
1023 TASK_SWITCHED_IN CNT_INC
1023 TASK_PRIORITY_SET CNT_INC 1
1023 MOVED_TASK_TO_READY_STATE CNT_INC
1023 TASK_PRIORITY_SET CNT_INC 0
1023 MOVED_TASK_TO_READY_STATE CNT_INC
1023 TASK_SWITCHED_OUT CNT_INC
1023 TASK_SWITCHED_IN SUSP_RX
1023 QUEUE_RECEIVE_FAILED q1
1023 QUEUE_RECEIVE_FAILED q1
1023 QUEUE_RECEIVE_FAILED q1
1023 TASK_INCREMENT_TICK 1023
1024 TASK_SWITCHED_OUT SUSP_RX
1024 TASK_SWITCHED_IN CNT_INC
1024 TASK_PRIORITY_SET CNT_INC 1
1024 MOVED_TASK_TO_READY_STATE CNT_INC
1024 TASK_PRIORITY_SET CNT_INC 0
1024 MOVED_TASK_TO_READY_STATE CNT_INC
1024 TASK_SWITCHED_OUT CNT_INC
1024 TASK_SWITCHED_IN IDLE
1024 TASK_INCREMENT_TICK 1024
1025 TASK_SWITCHED_OUT IDLE
1025 TASK_SWITCHED_IN CNT_INC
1025 TASK_PRIORITY_SET CNT_INC 1
1025 MOVED_TASK_TO_READY_STATE CNT_INC
1025 TASK_PRIORITY_SET CNT_INC 0
1025 MOVED_TASK_TO_READY_STATE CNT_INC
1025 TASK_SWITCHED_OUT CNT_INC
1025 TASK_SWITCHED_IN SUSP_RX
1025 QUEUE_RECEIVE_FAILED q1
1025 QUEUE_RECEIVE_FAILED q1
1025 TASK_INCREMENT_TICK 1025
1025 QUEUE_RECEIVE_FAILED q1
1025 TASK_INCREMENT_TICK 1025
1026 TASK_SWITCHED_OUT SUSP_RX
1026 TASK_SWITCHED_IN IDLE
1026 TASK_SWITCHED_OUT IDLE
1026 TASK_SWITCHED_IN CNT_INC
1026 TASK_PRIORITY_SET CNT_INC 1
1026 MOVED_TASK_TO_READY_STATE CNT_INC
1026 TASK_PRIORITY_SET CNT_INC 0
1026 MOVED_TASK_TO_READY_STATE CNT_INC
1026 TASK_SWITCHED_OUT CNT_INC
1026 TASK_SWITCHED_IN SUSP_RX
1026 QUEUE_RECEIVE_FAILED q1
1026 QUEUE_RECEIVE_FAILED q1
1026 QUEUE_RECEIVE_FAILED q1
1026 TASK_INCREMENT_TICK 1026
1027 TASK_SWITCHED_OUT SUSP_RX
1027 TASK_SWITCHED_IN CNT_INC
1027 TASK_PRIORITY_SET CNT_INC 1
1027 MOVED_TASK_TO_READY_STATE CNT_INC
1027 TASK_PRIORITY_SET CNT_INC 0
1027 MOVED_TASK_TO_READY_STATE CNT_INC
1027 TASK_SWITCHED_OUT CNT_INC
1027 TASK_SWITCHED_IN IDLE
1027 TASK_INCREMENT_TICK 1027
1028 TASK_SWITCHED_OUT IDLE
1028 TASK_SWITCHED_IN CNT_INC
1028 TASK_PRIORITY_SET CNT_INC 1
1028 MOVED_TASK_TO_READY_STATE CNT_INC
1028 TASK_PRIORITY_SET CNT_INC 0
1028 MOVED_TASK_TO_READY_STATE CNT_INC
1028 TASK_SWITCHED_OUT CNT_INC
1028 TASK_SWITCHED_IN SUSP_RX
1028 QUEUE_RECEIVE_FAILED q1
1028 QUEUE_RECEIVE_FAILED q1
1028 TASK_INCREMENT_TICK 1028
1028 QUEUE_RECEIVE_FAILED q1
1028 TASK_INCREMENT_TICK 1028
1029 TASK_SWITCHED_OUT SUSP_RX
1029 TASK_SWITCHED_IN IDLE
1029 TASK_SWITCHED_OUT IDLE
1029 TASK_SWITCHED_IN CNT_INC
1029 TASK_PRIORITY_SET CNT_INC 1
1029 MOVED_TASK_TO_READY_STATE CNT_INC
1029 TASK_PRIORITY_SET CNT_INC 0
1029 MOVED_TASK_TO_READY_STATE CNT_INC
1029 TASK_SWITCHED_OUT CNT_INC
1029 TASK_SWITCHED_IN SUSP_RX
1029 QUEUE_RECEIVE_FAILED q1
1029 QUEUE_RECEIVE_FAILED q1
1029 QUEUE_RECEIVE_FAILED q1
1029 TASK_INCREMENT_TICK 1029
1030 TASK_SWITCHED_OUT SUSP_RX
1030 TASK_SWITCHED_IN CNT_INC
1030 TASK_PRIORITY_SET CNT_INC 1
1030 MOVED_TASK_TO_READY_STATE CNT_INC
1030 TASK_PRIORITY_SET CNT_INC 0
1030 MOVED_TASK_TO_READY_STATE CNT_INC
1030 TASK_SWITCHED_OUT CNT_INC
1030 TASK_SWITCHED_IN IDLE
1030 TASK_INCREMENT_TICK 1030
1031 MOVED_TASK_TO_READY_STATE C_CTRL
1031 TASK_SWITCHED_OUT IDLE
1031 TASK_SWITCHED_IN CNT_INC
1031 TASK_PRIORITY_SET CNT_INC 1
1031 MOVED_TASK_TO_READY_STATE CNT_INC
1031 TASK_PRIORITY_SET CNT_INC 0
1031 MOVED_TASK_TO_READY_STATE CNT_INC
1031 TASK_SWITCHED_OUT CNT_INC
1031 TASK_SWITCHED_IN SUSP_RX
1031 QUEUE_RECEIVE_FAILED q1
1031 QUEUE_RECEIVE_FAILED q1
1031 TASK_INCREMENT_TICK 1031
1031 QUEUE_RECEIVE_FAILED q1
1031 TASK_INCREMENT_TICK 1031
1032 TASK_SWITCHED_OUT SUSP_RX
1032 TASK_SWITCHED_IN C_CTRL
1032 TASK_SUSPEND CNT_INC
1032 TASK_RESUME CNT_INC
1032 MOVED_TASK_TO_READY_STATE CNT_INC
1032 TASK_DELAY C_CTRL 128
1032 MOVED_TASK_TO_DELAYED_LIST C_CTRL
1032 TASK_SWITCHED_OUT C_CTRL
1032 TASK_SWITCHED_IN IDLE
1032 TASK_SWITCHED_OUT IDLE
1032 TASK_SWITCHED_IN SUSP_RX
1032 QUEUE_RECEIVE_FAILED q1
1032 QUEUE_RECEIVE_FAILED q1
1032 TASK_INCREMENT_TICK 1032
1032 TASK_INCREMENT_TICK 1032
1033 TASK_SWITCHED_OUT SUSP_RX
1033 TASK_SWITCHED_IN CNT_INC
1033 TASK_PRIORITY_SET CNT_INC 1
1033 MOVED_TASK_TO_READY_STATE CNT_INC
1033 TASK_PRIORITY_SET CNT_INC 0
1033 MOVED_TASK_TO_READY_STATE CNT_INC
1033 TASK_SWITCHED_OUT CNT_INC
1033 TASK_SWITCHED_IN IDLE
1033 TASK_INCREMENT_TICK 1033
1034 MOVED_TASK_TO_READY_STATE SUSP_TX
1034 TASK_SWITCHED_OUT IDLE
1034 TASK_SWITCHED_IN CNT_INC
1034 TASK_PRIORITY_SET CNT_INC 1
1034 MOVED_TASK_TO_READY_STATE CNT_INC
1034 TASK_PRIORITY_SET CNT_INC 0
1034 MOVED_TASK_TO_READY_STATE CNT_INC
1034 TASK_SWITCHED_OUT CNT_INC
1034 TASK_SWITCHED_IN SUSP_RX
1034 QUEUE_RECEIVE_FAILED q1
1034 QUEUE_RECEIVE_FAILED q1
1034 TASK_INCREMENT_TICK 1034
1035 TASK_SWITCHED_OUT SUSP_RX
1035 TASK_SWITCHED_IN SUSP_TX
1035 QUEUE_SEND q1
1035 TASK_DELAY SUSP_TX 128
1035 MOVED_TASK_TO_DELAYED_LIST SUSP_TX
1035 TASK_SWITCHED_OUT SUSP_TX
1035 TASK_SWITCHED_IN IDLE
1035 TASK_SWITCHED_OUT IDLE
1035 TASK_SWITCHED_IN CNT_INC
1035 TASK_PRIORITY_SET CNT_INC 1
1035 MOVED_TASK_TO_READY_STATE CNT_INC
1035 TASK_PRIORITY_SET CNT_INC 0
1035 MOVED_TASK_TO_READY_STATE CNT_INC
1035 TASK_SWITCHED_OUT CNT_INC
1035 TASK_SWITCHED_IN SUSP_RX
1035 QUEUE_RECEIVE q1
1035 QUEUE_RECEIVE_FAILED q1
1035 TASK_INCREMENT_TICK 1035
1035 QUEUE_RECEIVE_FAILED q1
1035 TASK_INCREMENT_TICK 1035
1036 TASK_SWITCHED_OUT SUSP_RX
1036 TASK_SWITCHED_IN CNT_INC
1036 TASK_PRIORITY_SET CNT_INC 1
1036 MOVED_TASK_TO_READY_STATE CNT_INC
1036 TASK_PRIORITY_SET CNT_INC 0
1036 MOVED_TASK_TO_READY_STATE CNT_INC
1036 TASK_SWITCHED_OUT CNT_INC
1036 TASK_SWITCHED_IN IDLE
1036 TASK_INCREMENT_TICK 1036
1037 TASK_SWITCHED_OUT IDLE
1037 TASK_SWITCHED_IN CNT_INC
1037 TASK_PRIORITY_SET CNT_INC 1
1037 MOVED_TASK_TO_READY_STATE CNT_INC
1037 TASK_PRIORITY_SET CNT_INC 0
1037 MOVED_TASK_TO_READY_STATE CNT_INC
1037 TASK_SWITCHED_OUT CNT_INC
1037 TASK_SWITCHED_IN SUSP_RX
1037 QUEUE_RECEIVE_FAILED q1
1037 QUEUE_RECEIVE_FAILED q1
1037 TASK_INCREMENT_TICK 1037
1037 TASK_INCREMENT_TICK 1037
1038 TASK_SWITCHED_OUT SUSP_RX
1038 TASK_SWITCHED_IN IDLE
1038 TASK_SWITCHED_OUT IDLE
1038 TASK_SWITCHED_IN CNT_INC
1038 TASK_PRIORITY_SET CNT_INC 1
1038 MOVED_TASK_TO_READY_STATE CNT_INC
1038 TASK_PRIORITY_SET CNT_INC 0
1038 MOVED_TASK_TO_READY_STATE CNT_INC
1038 TASK_SWITCHED_OUT CNT_INC
1038 TASK_SWITCHED_IN SUSP_RX
1038 QUEUE_RECEIVE_FAILED q1
1038 QUEUE_RECEIVE_FAILED q1
1038 QUEUE_RECEIVE_FAILED q1
1038 TASK_INCREMENT_TICK 1038
1038 QUEUE_RECEIVE_FAILED q1
1038 TASK_INCREMENT_TICK 1038
1039 TASK_SWITCHED_OUT SUSP_RX
1039 TASK_SWITCHED_IN CNT_INC
1039 TASK_PRIORITY_SET CNT_INC 1
1039 MOVED_TASK_TO_READY_STATE CNT_INC
1039 TASK_PRIORITY_SET CNT_INC 0
1039 MOVED_TASK_TO_READY_STATE CNT_INC
1039 TASK_SWITCHED_OUT CNT_INC
1039 TASK_SWITCHED_IN IDLE
1039 TASK_INCREMENT_TICK 1039
1040 TASK_SWITCHED_OUT IDLE
1040 TASK_SWITCHED_IN CNT_INC
1040 TASK_PRIORITY_SET CNT_INC 1
1040 MOVED_TASK_TO_READY_STATE CNT_INC
1040 TASK_PRIORITY_SET CNT_INC 0
1040 MOVED_TASK_TO_READY_STATE CNT_INC
1040 TASK_SWITCHED_OUT CNT_INC
1040 TASK_SWITCHED_IN SUSP_RX
1040 QUEUE_RECEIVE_FAILED q1
1040 QUEUE_RECEIVE_FAILED q1
1040 TASK_INCREMENT_TICK 1040
1040 TASK_INCREMENT_TICK 1040
1041 TASK_SWITCHED_OUT SUSP_RX
1041 TASK_SWITCHED_IN IDLE
1041 TASK_SWITCHED_OUT IDLE
1041 TASK_SWITCHED_IN CNT_INC
1041 TASK_PRIORITY_SET CNT_INC 1
1041 MOVED_TASK_TO_READY_STATE CNT_INC
1041 TASK_PRIORITY_SET CNT_INC 0
1041 MOVED_TASK_TO_READY_STATE CNT_INC
1041 TASK_SWITCHED_OUT CNT_INC
1041 TASK_SWITCHED_IN SUSP_RX
1041 QUEUE_RECEIVE_FAILED q1
1041 QUEUE_RECEIVE_FAILED q1
1041 QUEUE_RECEIVE_FAILED q1
1041 TASK_INCREMENT_TICK 1041
1041 QUEUE_RECEIVE_FAILED q1
1041 TASK_INCREMENT_TICK 1041
1042 TASK_SWITCHED_OUT SUSP_RX
1042 TASK_SWITCHED_IN CNT_INC
1042 TASK_PRIORITY_SET CNT_INC 1
1042 MOVED_TASK_TO_READY_STATE CNT_INC
1042 TASK_PRIORITY_SET CNT_INC 0
1042 MOVED_TASK_TO_READY_STATE CNT_INC
1042 TASK_SWITCHED_OUT CNT_INC
1042 TASK_SWITCHED_IN IDLE
1042 TASK_INCREMENT_TICK 1042
1043 TASK_SWITCHED_OUT IDLE
1043 TASK_SWITCHED_IN CNT_INC
1043 TASK_PRIORITY_SET CNT_INC 1
1043 MOVED_TASK_TO_READY_STATE CNT_INC
1043 TASK_PRIORITY_SET CNT_INC 0
1043 MOVED_TASK_TO_READY_STATE CNT_INC
1043 TASK_SWITCHED_OUT CNT_INC
1043 TASK_SWITCHED_IN SUSP_RX
1043 QUEUE_RECEIVE_FAILED q1
1043 QUEUE_RECEIVE_FAILED q1
1043 TASK_INCREMENT_TICK 1043
1043 TASK_INCREMENT_TICK 1043
1044 TASK_SWITCHED_OUT SUSP_RX
1044 TASK_SWITCHED_IN IDLE
1044 TASK_SWITCHED_OUT IDLE
1044 TASK_SWITCHED_IN CNT_INC
1044 TASK_PRIORITY_SET CNT_INC 1
1044 MOVED_TASK_TO_READY_STATE CNT_INC
1044 TASK_PRIORITY_SET CNT_INC 0
1044 MOVED_TASK_TO_READY_STATE CNT_INC
1044 TASK_SWITCHED_OUT CNT_INC
1044 TASK_SWITCHED_IN SUSP_RX
1044 QUEUE_RECEIVE_FAILED q1
1044 QUEUE_RECEIVE_FAILED q1
1044 QUEUE_RECEIVE_FAILED q1
1044 TASK_INCREMENT_TICK 1044
1044 QUEUE_RECEIVE_FAILED q1
1044 TASK_INCREMENT_TICK 1044
1045 TASK_SWITCHED_OUT SUSP_RX
1045 TASK_SWITCHED_IN CNT_INC
1045 TASK_PRIORITY_SET CNT_INC 1
1045 MOVED_TASK_TO_READY_STATE CNT_INC
1045 TASK_PRIORITY_SET CNT_INC 0
1045 MOVED_TASK_TO_READY_STATE CNT_INC
1045 TASK_SWITCHED_OUT CNT_INC
1045 TASK_SWITCHED_IN IDLE
1045 TASK_INCREMENT_TICK 1045
1046 TASK_SWITCHED_OUT IDLE
1046 TASK_SWITCHED_IN CNT_INC
1046 TASK_PRIORITY_SET CNT_INC 1
1046 MOVED_TASK_TO_READY_STATE CNT_INC
1046 TASK_PRIORITY_SET CNT_INC 0
1046 MOVED_TASK_TO_READY_STATE CNT_INC
1046 TASK_SWITCHED_OUT CNT_INC
1046 TASK_SWITCHED_IN SUSP_RX
1046 QUEUE_RECEIVE_FAILED q1
1046 QUEUE_RECEIVE_FAILED q1
1046 TASK_INCREMENT_TICK 1046
1046 TASK_INCREMENT_TICK 1046
1047 TASK_SWITCHED_OUT SUSP_RX
1047 TASK_SWITCHED_IN IDLE
1047 TASK_SWITCHED_OUT IDLE
1047 TASK_SWITCHED_IN CNT_INC
1047 TASK_PRIORITY_SET CNT_INC 1
1047 MOVED_TASK_TO_READY_STATE CNT_INC
1047 TASK_PRIORITY_SET CNT_INC 0
1047 MOVED_TASK_TO_READY_STATE CNT_INC
1047 TASK_SWITCHED_OUT CNT_INC
1047 TASK_SWITCHED_IN SUSP_RX
1047 QUEUE_RECEIVE_FAILED q1
1047 QUEUE_RECEIVE_FAILED q1
1047 QUEUE_RECEIVE_FAILED q1
1047 TASK_INCREMENT_TICK 1047
1047 QUEUE_RECEIVE_FAILED q1
1047 TASK_INCREMENT_TICK 1047
1048 TASK_SWITCHED_OUT SUSP_RX
1048 TASK_SWITCHED_IN CNT_INC
1048 TASK_PRIORITY_SET CNT_INC 1
1048 MOVED_TASK_TO_READY_STATE CNT_INC
1048 TASK_PRIORITY_SET CNT_INC 0
1048 MOVED_TASK_TO_READY_STATE CNT_INC
1048 TASK_SWITCHED_OUT CNT_INC
1048 TASK_SWITCHED_IN IDLE
1048 TASK_INCREMENT_TICK 1048
1049 TASK_SWITCHED_OUT IDLE
1049 TASK_SWITCHED_IN CNT_INC
1049 TASK_PRIORITY_SET CNT_INC 1
1049 MOVED_TASK_TO_READY_STATE CNT_INC
1049 TASK_PRIORITY_SET CNT_INC 0
1049 MOVED_TASK_TO_READY_STATE CNT_INC
1049 TASK_SWITCHED_OUT CNT_INC
1049 TASK_SWITCHED_IN SUSP_RX
1049 QUEUE_RECEIVE_FAILED q1
1049 QUEUE_RECEIVE_FAILED q1
1049 TASK_INCREMENT_TICK 1049
1049 TASK_INCREMENT_TICK 1049
1050 TASK_SWITCHED_OUT SUSP_RX
1050 TASK_SWITCHED_IN IDLE
1050 TASK_SWITCHED_OUT IDLE
1050 TASK_SWITCHED_IN CNT_INC
1050 TASK_PRIORITY_SET CNT_INC 1
1050 MOVED_TASK_TO_READY_STATE CNT_INC
1050 TASK_PRIORITY_SET CNT_INC 0
1050 MOVED_TASK_TO_READY_STATE CNT_INC
1050 TASK_SWITCHED_OUT CNT_INC
1050 TASK_SWITCHED_IN SUSP_RX
1050 QUEUE_RECEIVE_FAILED q1
1050 QUEUE_RECEIVE_FAILED q1
1050 QUEUE_RECEIVE_FAILED q1
1050 TASK_INCREMENT_TICK 1050
1050 QUEUE_RECEIVE_FAILED q1
1050 TASK_INCREMENT_TICK 1050
1051 TASK_SWITCHED_OUT SUSP_RX
1051 TASK_SWITCHED_IN CNT_INC
1051 TASK_PRIORITY_SET CNT_INC 1
1051 MOVED_TASK_TO_READY_STATE CNT_INC
1051 TASK_PRIORITY_SET CNT_INC 0
1051 MOVED_TASK_TO_READY_STATE CNT_INC
1051 TASK_SWITCHED_OUT CNT_INC
1051 TASK_SWITCHED_IN IDLE
1051 TASK_INCREMENT_TICK 1051
1052 TASK_SWITCHED_OUT IDLE
1052 TASK_SWITCHED_IN CNT_INC
1052 TASK_PRIORITY_SET CNT_INC 1
1052 MOVED_TASK_TO_READY_STATE CNT_INC
1052 TASK_PRIORITY_SET CNT_INC 0
1052 MOVED_TASK_TO_READY_STATE CNT_INC
1052 TASK_SWITCHED_OUT CNT_INC
1052 TASK_SWITCHED_IN SUSP_RX
1052 QUEUE_RECEIVE_FAILED q1
1052 QUEUE_RECEIVE_FAILED q1
1052 TASK_INCREMENT_TICK 1052
1052 TASK_INCREMENT_TICK 1052
1053 TASK_SWITCHED_OUT SUSP_RX
1053 TASK_SWITCHED_IN IDLE
1053 TASK_SWITCHED_OUT IDLE
1053 TASK_SWITCHED_IN CNT_INC
1053 TASK_PRIORITY_SET CNT_INC 1
1053 MOVED_TASK_TO_READY_STATE CNT_INC
1053 TASK_PRIORITY_SET CNT_INC 0
1053 MOVED_TASK_TO_READY_STATE CNT_INC
1053 TASK_SWITCHED_OUT CNT_INC
1053 TASK_SWITCHED_IN SUSP_RX
1053 QUEUE_RECEIVE_FAILED q1
1053 QUEUE_RECEIVE_FAILED q1
1053 QUEUE_RECEIVE_FAILED q1
1053 TASK_INCREMENT_TICK 1053
1053 QUEUE_RECEIVE_FAILED q1
1053 TASK_INCREMENT_TICK 1053
1054 TASK_SWITCHED_OUT SUSP_RX
1054 TASK_SWITCHED_IN CNT_INC
1054 TASK_PRIORITY_SET CNT_INC 1
1054 MOVED_TASK_TO_READY_STATE CNT_INC
1054 TASK_PRIORITY_SET CNT_INC 0
1054 MOVED_TASK_TO_READY_STATE CNT_INC
1054 TASK_SWITCHED_OUT CNT_INC
1054 TASK_SWITCHED_IN IDLE
1054 TASK_INCREMENT_TICK 1054
1055 TASK_SWITCHED_OUT IDLE
1055 TASK_SWITCHED_IN CNT_INC
1055 TASK_PRIORITY_SET CNT_INC 1
1055 MOVED_TASK_TO_READY_STATE CNT_INC
1055 TASK_PRIORITY_SET CNT_INC 0
1055 MOVED_TASK_TO_READY_STATE CNT_INC
1055 TASK_SWITCHED_OUT CNT_INC
1055 TASK_SWITCHED_IN SUSP_RX
1055 QUEUE_RECEIVE_FAILED q1
1055 QUEUE_RECEIVE_FAILED q1
1055 TASK_INCREMENT_TICK 1055
1055 TASK_INCREMENT_TICK 1055
1056 TASK_SWITCHED_OUT SUSP_RX
1056 TASK_SWITCHED_IN IDLE
1056 TASK_SWITCHED_OUT IDLE
1056 TASK_SWITCHED_IN CNT_INC
1056 TASK_PRIORITY_SET CNT_INC 1
1056 MOVED_TASK_TO_READY_STATE CNT_INC
1056 TASK_PRIORITY_SET CNT_INC 0
1056 MOVED_TASK_TO_READY_STATE CNT_INC
1056 TASK_SWITCHED_OUT CNT_INC
1056 TASK_SWITCHED_IN SUSP_RX
1056 QUEUE_RECEIVE_FAILED q1
1056 QUEUE_RECEIVE_FAILED q1
1056 QUEUE_RECEIVE_FAILED q1
1056 TASK_INCREMENT_TICK 1056
1056 QUEUE_RECEIVE_FAILED q1
1056 TASK_INCREMENT_TICK 1056
1057 TASK_SWITCHED_OUT SUSP_RX
1057 TASK_SWITCHED_IN CNT_INC
1057 TASK_PRIORITY_SET CNT_INC 1
1057 MOVED_TASK_TO_READY_STATE CNT_INC
1057 TASK_PRIORITY_SET CNT_INC 0
1057 MOVED_TASK_TO_READY_STATE CNT_INC
1057 TASK_SWITCHED_OUT CNT_INC
1057 TASK_SWITCHED_IN IDLE
1057 TASK_INCREMENT_TICK 1057
1058 TASK_SWITCHED_OUT IDLE
1058 TASK_SWITCHED_IN CNT_INC
1058 TASK_PRIORITY_SET CNT_INC 1
1058 MOVED_TASK_TO_READY_STATE CNT_INC
1058 TASK_PRIORITY_SET CNT_INC 0
1058 MOVED_TASK_TO_READY_STATE CNT_INC
1058 TASK_SWITCHED_OUT CNT_INC
1058 TASK_SWITCHED_IN SUSP_RX
1058 QUEUE_RECEIVE_FAILED q1
1058 QUEUE_RECEIVE_FAILED q1
1058 TASK_INCREMENT_TICK 1058
1058 TASK_INCREMENT_TICK 1058
1059 TASK_SWITCHED_OUT SUSP_RX
1059 TASK_SWITCHED_IN IDLE
1059 TASK_SWITCHED_OUT IDLE
1059 TASK_SWITCHED_IN CNT_INC
1059 TASK_PRIORITY_SET CNT_INC 1
1059 MOVED_TASK_TO_READY_STATE CNT_INC
1059 TASK_PRIORITY_SET CNT_INC 0
1059 MOVED_TASK_TO_READY_STATE CNT_INC
1059 TASK_SWITCHED_OUT CNT_INC
1059 TASK_SWITCHED_IN SUSP_RX
1059 QUEUE_RECEIVE_FAILED q1
1059 QUEUE_RECEIVE_FAILED q1
1059 QUEUE_RECEIVE_FAILED q1
1059 TASK_INCREMENT_TICK 1059
1059 QUEUE_RECEIVE_FAILED q1
1059 TASK_INCREMENT_TICK 1059
1060 TASK_SWITCHED_OUT SUSP_RX
1060 TASK_SWITCHED_IN CNT_INC
1060 TASK_PRIORITY_SET CNT_INC 1
1060 MOVED_TASK_TO_READY_STATE CNT_INC
1060 TASK_PRIORITY_SET CNT_INC 0
1060 MOVED_TASK_TO_READY_STATE CNT_INC
1060 TASK_SWITCHED_OUT CNT_INC
1060 TASK_SWITCHED_IN IDLE
1060 TASK_INCREMENT_TICK 1060
1061 TASK_SWITCHED_OUT IDLE
1061 TASK_SWITCHED_IN CNT_INC
1061 TASK_PRIORITY_SET CNT_INC 1
1061 MOVED_TASK_TO_READY_STATE CNT_INC
1061 TASK_PRIORITY_SET CNT_INC 0
1061 MOVED_TASK_TO_READY_STATE CNT_INC
1061 TASK_SWITCHED_OUT CNT_INC
1061 TASK_SWITCHED_IN SUSP_RX
1061 QUEUE_RECEIVE_FAILED q1
1061 QUEUE_RECEIVE_FAILED q1
1061 TASK_INCREMENT_TICK 1061
1061 TASK_INCREMENT_TICK 1061
1062 TASK_SWITCHED_OUT SUSP_RX
1062 TASK_SWITCHED_IN IDLE
1062 TASK_SWITCHED_OUT IDLE
1062 TASK_SWITCHED_IN CNT_INC
1062 TASK_PRIORITY_SET CNT_INC 1
1062 MOVED_TASK_TO_READY_STATE CNT_INC
1062 TASK_PRIORITY_SET CNT_INC 0
1062 MOVED_TASK_TO_READY_STATE CNT_INC
1062 TASK_SWITCHED_OUT CNT_INC
1062 TASK_SWITCHED_IN SUSP_RX
1062 QUEUE_RECEIVE_FAILED q1
1062 QUEUE_RECEIVE_FAILED q1
1062 QUEUE_RECEIVE_FAILED q1
1062 TASK_INCREMENT_TICK 1062
1062 QUEUE_RECEIVE_FAILED q1
1062 TASK_INCREMENT_TICK 1062
1063 TASK_SWITCHED_OUT SUSP_RX
1063 TASK_SWITCHED_IN CNT_INC
1063 TASK_PRIORITY_SET CNT_INC 1
1063 MOVED_TASK_TO_READY_STATE CNT_INC
1063 TASK_PRIORITY_SET CNT_INC 0
1063 MOVED_TASK_TO_READY_STATE CNT_INC
1063 TASK_SWITCHED_OUT CNT_INC
1063 TASK_SWITCHED_IN IDLE
1063 TASK_INCREMENT_TICK 1063
1064 TASK_SWITCHED_OUT IDLE
1064 TASK_SWITCHED_IN CNT_INC
1064 TASK_PRIORITY_SET CNT_INC 1
1064 MOVED_TASK_TO_READY_STATE CNT_INC
1064 TASK_PRIORITY_SET CNT_INC 0
1064 MOVED_TASK_TO_READY_STATE CNT_INC
1064 TASK_SWITCHED_OUT CNT_INC
1064 TASK_SWITCHED_IN SUSP_RX
1064 QUEUE_RECEIVE_FAILED q1
1064 QUEUE_RECEIVE_FAILED q1
1064 TASK_INCREMENT_TICK 1064
1064 TASK_INCREMENT_TICK 1064
1065 TASK_SWITCHED_OUT SUSP_RX
1065 TASK_SWITCHED_IN IDLE
1065 TASK_SWITCHED_OUT IDLE
1065 TASK_SWITCHED_IN CNT_INC
1065 TASK_PRIORITY_SET CNT_INC 1
1065 MOVED_TASK_TO_READY_STATE CNT_INC
1065 TASK_PRIORITY_SET CNT_INC 0
1065 MOVED_TASK_TO_READY_STATE CNT_INC
1065 TASK_SWITCHED_OUT CNT_INC
1065 TASK_SWITCHED_IN SUSP_RX
1065 QUEUE_RECEIVE_FAILED q1
1065 QUEUE_RECEIVE_FAILED q1
1065 QUEUE_RECEIVE_FAILED q1
1065 TASK_INCREMENT_TICK 1065
1065 QUEUE_RECEIVE_FAILED q1
1065 TASK_INCREMENT_TICK 1065
1066 TASK_SWITCHED_OUT SUSP_RX
1066 TASK_SWITCHED_IN CNT_INC
1066 TASK_PRIORITY_SET CNT_INC 1
1066 MOVED_TASK_TO_READY_STATE CNT_INC
1066 TASK_PRIORITY_SET CNT_INC 0
1066 MOVED_TASK_TO_READY_STATE CNT_INC
1066 TASK_SWITCHED_OUT CNT_INC
1066 TASK_SWITCHED_IN IDLE
1066 TASK_INCREMENT_TICK 1066
1067 TASK_SWITCHED_OUT IDLE
1067 TASK_SWITCHED_IN CNT_INC
1067 TASK_PRIORITY_SET CNT_INC 1
1067 MOVED_TASK_TO_READY_STATE CNT_INC
1067 TASK_PRIORITY_SET CNT_INC 0
1067 MOVED_TASK_TO_READY_STATE CNT_INC
1067 TASK_SWITCHED_OUT CNT_INC
1067 TASK_SWITCHED_IN SUSP_RX
1067 QUEUE_RECEIVE_FAILED q1
1067 QUEUE_RECEIVE_FAILED q1
1067 TASK_INCREMENT_TICK 1067
1067 TASK_INCREMENT_TICK 1067
1068 TASK_SWITCHED_OUT SUSP_RX
1068 TASK_SWITCHED_IN IDLE
1068 TASK_SWITCHED_OUT IDLE
1068 TASK_SWITCHED_IN CNT_INC
1068 TASK_PRIORITY_SET CNT_INC 1
1068 MOVED_TASK_TO_READY_STATE CNT_INC
1068 TASK_PRIORITY_SET CNT_INC 0
1068 MOVED_TASK_TO_READY_STATE CNT_INC
1068 TASK_SWITCHED_OUT CNT_INC
1068 TASK_SWITCHED_IN SUSP_RX
1068 QUEUE_RECEIVE_FAILED q1
1068 QUEUE_RECEIVE_FAILED q1
1068 QUEUE_RECEIVE_FAILED q1
1068 TASK_INCREMENT_TICK 1068
1068 QUEUE_RECEIVE_FAILED q1
1068 TASK_INCREMENT_TICK 1068
1069 TASK_SWITCHED_OUT SUSP_RX
1069 TASK_SWITCHED_IN CNT_INC
1069 TASK_PRIORITY_SET CNT_INC 1
1069 MOVED_TASK_TO_READY_STATE CNT_INC
1069 TASK_PRIORITY_SET CNT_INC 0
1069 MOVED_TASK_TO_READY_STATE CNT_INC
1069 TASK_SWITCHED_OUT CNT_INC
1069 TASK_SWITCHED_IN IDLE
1069 TASK_INCREMENT_TICK 1069
1070 TASK_SWITCHED_OUT IDLE
1070 TASK_SWITCHED_IN CNT_INC
1070 TASK_PRIORITY_SET CNT_INC 1
1070 MOVED_TASK_TO_READY_STATE CNT_INC
1070 TASK_PRIORITY_SET CNT_INC 0
1070 MOVED_TASK_TO_READY_STATE CNT_INC
1070 TASK_SWITCHED_OUT CNT_INC
1070 TASK_SWITCHED_IN SUSP_RX
1070 QUEUE_RECEIVE_FAILED q1
1070 QUEUE_RECEIVE_FAILED q1
1070 TASK_INCREMENT_TICK 1070
1070 TASK_INCREMENT_TICK 1070
1071 TASK_SWITCHED_OUT SUSP_RX
1071 TASK_SWITCHED_IN IDLE
1071 TASK_SWITCHED_OUT IDLE
1071 TASK_SWITCHED_IN CNT_INC
1071 TASK_PRIORITY_SET CNT_INC 1
1071 MOVED_TASK_TO_READY_STATE CNT_INC
1071 TASK_PRIORITY_SET CNT_INC 0
1071 MOVED_TASK_TO_READY_STATE CNT_INC
1071 TASK_SWITCHED_OUT CNT_INC
1071 TASK_SWITCHED_IN SUSP_RX
1071 QUEUE_RECEIVE_FAILED q1
1071 QUEUE_RECEIVE_FAILED q1
1071 QUEUE_RECEIVE_FAILED q1
1071 TASK_INCREMENT_TICK 1071
1071 QUEUE_RECEIVE_FAILED q1
1071 TASK_INCREMENT_TICK 1071
1072 TASK_SWITCHED_OUT SUSP_RX
1072 TASK_SWITCHED_IN CNT_INC
1072 TASK_PRIORITY_SET CNT_INC 1
1072 MOVED_TASK_TO_READY_STATE CNT_INC
1072 TASK_PRIORITY_SET CNT_INC 0
1072 MOVED_TASK_TO_READY_STATE CNT_INC
1072 TASK_SWITCHED_OUT CNT_INC
1072 TASK_SWITCHED_IN IDLE
1072 TASK_INCREMENT_TICK 1072
1073 TASK_SWITCHED_OUT IDLE
1073 TASK_SWITCHED_IN CNT_INC
1073 TASK_PRIORITY_SET CNT_INC 1
1073 MOVED_TASK_TO_READY_STATE CNT_INC
1073 TASK_PRIORITY_SET CNT_INC 0
1073 MOVED_TASK_TO_READY_STATE CNT_INC
1073 TASK_SWITCHED_OUT CNT_INC
1073 TASK_SWITCHED_IN SUSP_RX
1073 QUEUE_RECEIVE_FAILED q1
1073 QUEUE_RECEIVE_FAILED q1
1073 TASK_INCREMENT_TICK 1073
1073 TASK_INCREMENT_TICK 1073
1074 TASK_SWITCHED_OUT SUSP_RX
1074 TASK_SWITCHED_IN IDLE
1074 TASK_SWITCHED_OUT IDLE
1074 TASK_SWITCHED_IN CNT_INC
1074 TASK_PRIORITY_SET CNT_INC 1
1074 MOVED_TASK_TO_READY_STATE CNT_INC
1074 TASK_PRIORITY_SET CNT_INC 0
1074 MOVED_TASK_TO_READY_STATE CNT_INC
1074 TASK_SWITCHED_OUT CNT_INC
1074 TASK_SWITCHED_IN SUSP_RX
1074 QUEUE_RECEIVE_FAILED q1
1074 QUEUE_RECEIVE_FAILED q1
1074 QUEUE_RECEIVE_FAILED q1
1074 TASK_INCREMENT_TICK 1074
1074 QUEUE_RECEIVE_FAILED q1
1074 TASK_INCREMENT_TICK 1074
1075 TASK_SWITCHED_OUT SUSP_RX
1075 TASK_SWITCHED_IN CNT_INC
1075 TASK_PRIORITY_SET CNT_INC 1
1075 MOVED_TASK_TO_READY_STATE CNT_INC
1075 TASK_PRIORITY_SET CNT_INC 0
1075 MOVED_TASK_TO_READY_STATE CNT_INC
1075 TASK_SWITCHED_OUT CNT_INC
1075 TASK_SWITCHED_IN IDLE
1075 TASK_INCREMENT_TICK 1075
1076 TASK_SWITCHED_OUT IDLE
1076 TASK_SWITCHED_IN CNT_INC
1076 TASK_PRIORITY_SET CNT_INC 1
1076 MOVED_TASK_TO_READY_STATE CNT_INC
1076 TASK_PRIORITY_SET CNT_INC 0
1076 MOVED_TASK_TO_READY_STATE CNT_INC
1076 TASK_SWITCHED_OUT CNT_INC
1076 TASK_SWITCHED_IN SUSP_RX
1076 QUEUE_RECEIVE_FAILED q1
1076 QUEUE_RECEIVE_FAILED q1
1076 TASK_INCREMENT_TICK 1076
1076 TASK_INCREMENT_TICK 1076
1077 TASK_SWITCHED_OUT SUSP_RX
1077 TASK_SWITCHED_IN IDLE
1077 TASK_SWITCHED_OUT IDLE
1077 TASK_SWITCHED_IN CNT_INC
1077 TASK_PRIORITY_SET CNT_INC 1
1077 MOVED_TASK_TO_READY_STATE CNT_INC
1077 TASK_PRIORITY_SET CNT_INC 0
1077 MOVED_TASK_TO_READY_STATE CNT_INC
1077 TASK_SWITCHED_OUT CNT_INC
1077 TASK_SWITCHED_IN SUSP_RX
1077 QUEUE_RECEIVE_FAILED q1
1077 QUEUE_RECEIVE_FAILED q1
1077 QUEUE_RECEIVE_FAILED q1
1077 TASK_INCREMENT_TICK 1077
1077 QUEUE_RECEIVE_FAILED q1
1077 TASK_INCREMENT_TICK 1077
1078 TASK_SWITCHED_OUT SUSP_RX
1078 TASK_SWITCHED_IN CNT_INC
1078 TASK_PRIORITY_SET CNT_INC 1
1078 MOVED_TASK_TO_READY_STATE CNT_INC
1078 TASK_PRIORITY_SET CNT_INC 0
1078 MOVED_TASK_TO_READY_STATE CNT_INC
1078 TASK_SWITCHED_OUT CNT_INC
1078 TASK_SWITCHED_IN IDLE
1078 TASK_INCREMENT_TICK 1078
1079 TASK_SWITCHED_OUT IDLE
1079 TASK_SWITCHED_IN CNT_INC
1079 TASK_PRIORITY_SET CNT_INC 1
1079 MOVED_TASK_TO_READY_STATE CNT_INC
1079 TASK_PRIORITY_SET CNT_INC 0
1079 MOVED_TASK_TO_READY_STATE CNT_INC
1079 TASK_SWITCHED_OUT CNT_INC
1079 TASK_SWITCHED_IN SUSP_RX
1079 QUEUE_RECEIVE_FAILED q1
1079 QUEUE_RECEIVE_FAILED q1
1079 TASK_INCREMENT_TICK 1079
1079 TASK_INCREMENT_TICK 1079
1080 TASK_SWITCHED_OUT SUSP_RX
1080 TASK_SWITCHED_IN IDLE
1080 TASK_SWITCHED_OUT IDLE
1080 TASK_SWITCHED_IN CNT_INC
1080 TASK_PRIORITY_SET CNT_INC 1
1080 MOVED_TASK_TO_READY_STATE CNT_INC
1080 TASK_PRIORITY_SET CNT_INC 0
1080 MOVED_TASK_TO_READY_STATE CNT_INC
1080 TASK_SWITCHED_OUT CNT_INC
1080 TASK_SWITCHED_IN SUSP_RX
1080 QUEUE_RECEIVE_FAILED q1
1080 QUEUE_RECEIVE_FAILED q1
1080 QUEUE_RECEIVE_FAILED q1
1080 TASK_INCREMENT_TICK 1080
1080 QUEUE_RECEIVE_FAILED q1
1080 TASK_INCREMENT_TICK 1080
1081 TASK_SWITCHED_OUT SUSP_RX
1081 TASK_SWITCHED_IN CNT_INC
1081 TASK_PRIORITY_SET CNT_INC 1
1081 MOVED_TASK_TO_READY_STATE CNT_INC
1081 TASK_PRIORITY_SET CNT_INC 0
1081 MOVED_TASK_TO_READY_STATE CNT_INC
1081 TASK_SWITCHED_OUT CNT_INC
1081 TASK_SWITCHED_IN IDLE
1081 TASK_INCREMENT_TICK 1081
1082 TASK_SWITCHED_OUT IDLE
1082 TASK_SWITCHED_IN CNT_INC
1082 TASK_PRIORITY_SET CNT_INC 1
1082 MOVED_TASK_TO_READY_STATE CNT_INC
1082 TASK_PRIORITY_SET CNT_INC 0
1082 MOVED_TASK_TO_READY_STATE CNT_INC
1082 TASK_SWITCHED_OUT CNT_INC
1082 TASK_SWITCHED_IN SUSP_RX
1082 QUEUE_RECEIVE_FAILED q1
1082 QUEUE_RECEIVE_FAILED q1
1082 TASK_INCREMENT_TICK 1082
1082 TASK_INCREMENT_TICK 1082
1083 TASK_SWITCHED_OUT SUSP_RX
1083 TASK_SWITCHED_IN IDLE
1083 TASK_SWITCHED_OUT IDLE
1083 TASK_SWITCHED_IN CNT_INC
1083 TASK_PRIORITY_SET CNT_INC 1
1083 MOVED_TASK_TO_READY_STATE CNT_INC
1083 TASK_PRIORITY_SET CNT_INC 0
1083 MOVED_TASK_TO_READY_STATE CNT_INC
1083 TASK_SWITCHED_OUT CNT_INC
1083 TASK_SWITCHED_IN SUSP_RX
1083 QUEUE_RECEIVE_FAILED q1
1083 QUEUE_RECEIVE_FAILED q1
1083 QUEUE_RECEIVE_FAILED q1
1083 TASK_INCREMENT_TICK 1083
1083 QUEUE_RECEIVE_FAILED q1
1083 TASK_INCREMENT_TICK 1083
1084 TASK_SWITCHED_OUT SUSP_RX
1084 TASK_SWITCHED_IN CNT_INC
1084 TASK_PRIORITY_SET CNT_INC 1
1084 MOVED_TASK_TO_READY_STATE CNT_INC
1084 TASK_PRIORITY_SET CNT_INC 0
1084 MOVED_TASK_TO_READY_STATE CNT_INC
1084 TASK_SWITCHED_OUT CNT_INC
1084 TASK_SWITCHED_IN IDLE
1084 TASK_INCREMENT_TICK 1084
1085 TASK_SWITCHED_OUT IDLE
1085 TASK_SWITCHED_IN CNT_INC
1085 TASK_PRIORITY_SET CNT_INC 1
1085 MOVED_TASK_TO_READY_STATE CNT_INC
1085 TASK_PRIORITY_SET CNT_INC 0
1085 MOVED_TASK_TO_READY_STATE CNT_INC
1085 TASK_SWITCHED_OUT CNT_INC
1085 TASK_SWITCHED_IN SUSP_RX
1085 QUEUE_RECEIVE_FAILED q1
1085 QUEUE_RECEIVE_FAILED q1
1085 TASK_INCREMENT_TICK 1085
1085 TASK_INCREMENT_TICK 1085
1086 TASK_SWITCHED_OUT SUSP_RX
1086 TASK_SWITCHED_IN IDLE
1086 TASK_SWITCHED_OUT IDLE
1086 TASK_SWITCHED_IN CNT_INC
1086 TASK_PRIORITY_SET CNT_INC 1
1086 MOVED_TASK_TO_READY_STATE CNT_INC
1086 TASK_PRIORITY_SET CNT_INC 0
1086 MOVED_TASK_TO_READY_STATE CNT_INC
1086 TASK_SWITCHED_OUT CNT_INC
1086 TASK_SWITCHED_IN SUSP_RX
1086 QUEUE_RECEIVE_FAILED q1
1086 QUEUE_RECEIVE_FAILED q1
1086 QUEUE_RECEIVE_FAILED q1
1086 TASK_INCREMENT_TICK 1086
1086 QUEUE_RECEIVE_FAILED q1
1086 TASK_INCREMENT_TICK 1086
1087 TASK_SWITCHED_OUT SUSP_RX
1087 TASK_SWITCHED_IN CNT_INC
1087 TASK_PRIORITY_SET CNT_INC 1
1087 MOVED_TASK_TO_READY_STATE CNT_INC
1087 TASK_PRIORITY_SET CNT_INC 0
1087 MOVED_TASK_TO_READY_STATE CNT_INC
1087 TASK_SWITCHED_OUT CNT_INC
1087 TASK_SWITCHED_IN IDLE
1087 TASK_INCREMENT_TICK 1087
1088 TASK_SWITCHED_OUT IDLE
1088 TASK_SWITCHED_IN CNT_INC
1088 TASK_PRIORITY_SET CNT_INC 1
1088 MOVED_TASK_TO_READY_STATE CNT_INC
1088 TASK_PRIORITY_SET CNT_INC 0
1088 MOVED_TASK_TO_READY_STATE CNT_INC
1088 TASK_SWITCHED_OUT CNT_INC
1088 TASK_SWITCHED_IN SUSP_RX
1088 QUEUE_RECEIVE_FAILED q1
1088 QUEUE_RECEIVE_FAILED q1
1088 TASK_INCREMENT_TICK 1088
1088 TASK_INCREMENT_TICK 1088
1089 TASK_SWITCHED_OUT SUSP_RX
1089 TASK_SWITCHED_IN IDLE
1089 TASK_SWITCHED_OUT IDLE
1089 TASK_SWITCHED_IN CNT_INC
1089 TASK_PRIORITY_SET CNT_INC 1
1089 MOVED_TASK_TO_READY_STATE CNT_INC
1089 TASK_PRIORITY_SET CNT_INC 0
1089 MOVED_TASK_TO_READY_STATE CNT_INC
1089 TASK_SWITCHED_OUT CNT_INC
1089 TASK_SWITCHED_IN SUSP_RX
1089 QUEUE_RECEIVE_FAILED q1
1089 QUEUE_RECEIVE_FAILED q1
1089 QUEUE_RECEIVE_FAILED q1
1089 TASK_INCREMENT_TICK 1089
1089 QUEUE_RECEIVE_FAILED q1
1089 TASK_INCREMENT_TICK 1089
1090 TASK_SWITCHED_OUT SUSP_RX
1090 TASK_SWITCHED_IN CNT_INC
1090 TASK_PRIORITY_SET CNT_INC 1
1090 MOVED_TASK_TO_READY_STATE CNT_INC
1090 TASK_PRIORITY_SET CNT_INC 0
1090 MOVED_TASK_TO_READY_STATE CNT_INC
1090 TASK_SWITCHED_OUT CNT_INC
1090 TASK_SWITCHED_IN IDLE
1090 TASK_INCREMENT_TICK 1090
1091 TASK_SWITCHED_OUT IDLE
1091 TASK_SWITCHED_IN CNT_INC
1091 TASK_PRIORITY_SET CNT_INC 1
1091 MOVED_TASK_TO_READY_STATE CNT_INC
1091 TASK_PRIORITY_SET CNT_INC 0
1091 MOVED_TASK_TO_READY_STATE CNT_INC
1091 TASK_SWITCHED_OUT CNT_INC
1091 TASK_SWITCHED_IN SUSP_RX
1091 QUEUE_RECEIVE_FAILED q1
1091 QUEUE_RECEIVE_FAILED q1
1091 TASK_INCREMENT_TICK 1091
1091 TASK_INCREMENT_TICK 1091
1092 TASK_SWITCHED_OUT SUSP_RX
1092 TASK_SWITCHED_IN IDLE
1092 TASK_SWITCHED_OUT IDLE
1092 TASK_SWITCHED_IN CNT_INC
1092 TASK_PRIORITY_SET CNT_INC 1
1092 MOVED_TASK_TO_READY_STATE CNT_INC
1092 TASK_PRIORITY_SET CNT_INC 0
1092 MOVED_TASK_TO_READY_STATE CNT_INC
1092 TASK_SWITCHED_OUT CNT_INC
1092 TASK_SWITCHED_IN SUSP_RX
1092 QUEUE_RECEIVE_FAILED q1
1092 QUEUE_RECEIVE_FAILED q1
1092 QUEUE_RECEIVE_FAILED q1
1092 TASK_INCREMENT_TICK 1092
1092 QUEUE_RECEIVE_FAILED q1
1092 TASK_INCREMENT_TICK 1092
1093 TASK_SWITCHED_OUT SUSP_RX
1093 TASK_SWITCHED_IN CNT_INC
1093 TASK_PRIORITY_SET CNT_INC 1
1093 MOVED_TASK_TO_READY_STATE CNT_INC
1093 TASK_PRIORITY_SET CNT_INC 0
1093 MOVED_TASK_TO_READY_STATE CNT_INC
1093 TASK_SWITCHED_OUT CNT_INC
1093 TASK_SWITCHED_IN IDLE
1093 TASK_INCREMENT_TICK 1093
1094 TASK_SWITCHED_OUT IDLE
1094 TASK_SWITCHED_IN CNT_INC
1094 TASK_PRIORITY_SET CNT_INC 1
1094 MOVED_TASK_TO_READY_STATE CNT_INC
1094 TASK_PRIORITY_SET CNT_INC 0
1094 MOVED_TASK_TO_READY_STATE CNT_INC
1094 TASK_SWITCHED_OUT CNT_INC
1094 TASK_SWITCHED_IN SUSP_RX
1094 QUEUE_RECEIVE_FAILED q1
1094 QUEUE_RECEIVE_FAILED q1
1094 TASK_INCREMENT_TICK 1094
1094 TASK_INCREMENT_TICK 1094
1095 TASK_SWITCHED_OUT SUSP_RX
1095 TASK_SWITCHED_IN IDLE
1095 TASK_SWITCHED_OUT IDLE
1095 TASK_SWITCHED_IN CNT_INC
1095 TASK_PRIORITY_SET CNT_INC 1
1095 MOVED_TASK_TO_READY_STATE CNT_INC
1095 TASK_PRIORITY_SET CNT_INC 0
1095 MOVED_TASK_TO_READY_STATE CNT_INC
1095 TASK_SWITCHED_OUT CNT_INC
1095 TASK_SWITCHED_IN SUSP_RX
1095 QUEUE_RECEIVE_FAILED q1
1095 QUEUE_RECEIVE_FAILED q1
1095 QUEUE_RECEIVE_FAILED q1
1095 TASK_INCREMENT_TICK 1095
1095 QUEUE_RECEIVE_FAILED q1
1095 TASK_INCREMENT_TICK 1095
1096 TASK_SWITCHED_OUT SUSP_RX
1096 TASK_SWITCHED_IN CNT_INC
1096 TASK_PRIORITY_SET CNT_INC 1
1096 MOVED_TASK_TO_READY_STATE CNT_INC
1096 TASK_PRIORITY_SET CNT_INC 0
1096 MOVED_TASK_TO_READY_STATE CNT_INC
1096 TASK_SWITCHED_OUT CNT_INC
1096 TASK_SWITCHED_IN IDLE
1096 TASK_INCREMENT_TICK 1096
1097 TASK_SWITCHED_OUT IDLE
1097 TASK_SWITCHED_IN CNT_INC
1097 TASK_PRIORITY_SET CNT_INC 1
1097 MOVED_TASK_TO_READY_STATE CNT_INC
1097 TASK_PRIORITY_SET CNT_INC 0
1097 MOVED_TASK_TO_READY_STATE CNT_INC
1097 TASK_SWITCHED_OUT CNT_INC
1097 TASK_SWITCHED_IN SUSP_RX
1097 QUEUE_RECEIVE_FAILED q1
1097 QUEUE_RECEIVE_FAILED q1
1097 TASK_INCREMENT_TICK 1097
1097 TASK_INCREMENT_TICK 1097
1098 TASK_SWITCHED_OUT SUSP_RX
1098 TASK_SWITCHED_IN IDLE
1098 TASK_SWITCHED_OUT IDLE
1098 TASK_SWITCHED_IN CNT_INC
1098 TASK_PRIORITY_SET CNT_INC 1
1098 MOVED_TASK_TO_READY_STATE CNT_INC
1098 TASK_PRIORITY_SET CNT_INC 0
1098 MOVED_TASK_TO_READY_STATE CNT_INC
1098 TASK_SWITCHED_OUT CNT_INC
1098 TASK_SWITCHED_IN SUSP_RX
1098 QUEUE_RECEIVE_FAILED q1
1098 QUEUE_RECEIVE_FAILED q1
1098 QUEUE_RECEIVE_FAILED q1
1098 TASK_INCREMENT_TICK 1098
1098 QUEUE_RECEIVE_FAILED q1
1098 TASK_INCREMENT_TICK 1098
1099 TASK_SWITCHED_OUT SUSP_RX
1099 TASK_SWITCHED_IN CNT_INC
1099 TASK_PRIORITY_SET CNT_INC 1
1099 MOVED_TASK_TO_READY_STATE CNT_INC
1099 TASK_PRIORITY_SET CNT_INC 0
1099 MOVED_TASK_TO_READY_STATE CNT_INC
1099 TASK_SWITCHED_OUT CNT_INC
1099 TASK_SWITCHED_IN IDLE
1099 TASK_INCREMENT_TICK 1099
1100 MOVED_TASK_TO_READY_STATE CHECK
1100 TASK_SWITCHED_OUT IDLE
1100 TASK_SWITCHED_IN CHECK
1100 TASK_DELAY CHECK 100
1100 MOVED_TASK_TO_DELAYED_LIST CHECK
1100 TASK_SWITCHED_OUT CHECK
1100 TASK_SWITCHED_IN CNT_INC
1100 TASK_PRIORITY_SET CNT_INC 1
1100 MOVED_TASK_TO_READY_STATE CNT_INC
1100 TASK_PRIORITY_SET CNT_INC 0
1100 MOVED_TASK_TO_READY_STATE CNT_INC
1100 TASK_SWITCHED_OUT CNT_INC
1100 TASK_SWITCHED_IN SUSP_RX
1100 QUEUE_RECEIVE_FAILED q1
1100 TASK_INCREMENT_TICK 1100
1101 TASK_SWITCHED_OUT SUSP_RX
1101 TASK_SWITCHED_IN IDLE
1101 TASK_SWITCHED_OUT IDLE
1101 TASK_SWITCHED_IN CNT_INC
1101 TASK_PRIORITY_SET CNT_INC 1
1101 MOVED_TASK_TO_READY_STATE CNT_INC
1101 TASK_PRIORITY_SET CNT_INC 0
1101 MOVED_TASK_TO_READY_STATE CNT_INC
1101 TASK_SWITCHED_OUT CNT_INC
1101 TASK_SWITCHED_IN SUSP_RX
1101 QUEUE_RECEIVE_FAILED q1
1101 QUEUE_RECEIVE_FAILED q1
1101 QUEUE_RECEIVE_FAILED q1
1101 QUEUE_RECEIVE_FAILED q1
1101 TASK_INCREMENT_TICK 1101
1101 TASK_INCREMENT_TICK 1101
1102 TASK_SWITCHED_OUT SUSP_RX
1102 TASK_SWITCHED_IN CNT_INC
1102 TASK_PRIORITY_SET CNT_INC 1
1102 MOVED_TASK_TO_READY_STATE CNT_INC
1102 TASK_PRIORITY_SET CNT_INC 0
1102 MOVED_TASK_TO_READY_STATE CNT_INC
1102 TASK_SWITCHED_OUT CNT_INC
1102 TASK_SWITCHED_IN IDLE
1102 TASK_INCREMENT_TICK 1102
1103 TASK_SWITCHED_OUT IDLE
1103 TASK_SWITCHED_IN CNT_INC
1103 TASK_PRIORITY_SET CNT_INC 1
1103 MOVED_TASK_TO_READY_STATE CNT_INC
1103 TASK_PRIORITY_SET CNT_INC 0
1103 MOVED_TASK_TO_READY_STATE CNT_INC
1103 TASK_SWITCHED_OUT CNT_INC
1103 TASK_SWITCHED_IN SUSP_RX
1103 QUEUE_RECEIVE_FAILED q1
1103 QUEUE_RECEIVE_FAILED q1
1103 TASK_INCREMENT_TICK 1103
1104 TASK_SWITCHED_OUT SUSP_RX
1104 TASK_SWITCHED_IN IDLE
1104 TASK_SWITCHED_OUT IDLE
1104 TASK_SWITCHED_IN CNT_INC
1104 TASK_PRIORITY_SET CNT_INC 1
1104 MOVED_TASK_TO_READY_STATE CNT_INC
1104 TASK_PRIORITY_SET CNT_INC 0
1104 MOVED_TASK_TO_READY_STATE CNT_INC
1104 TASK_SWITCHED_OUT CNT_INC
1104 TASK_SWITCHED_IN SUSP_RX
1104 QUEUE_RECEIVE_FAILED q1
1104 QUEUE_RECEIVE_FAILED q1
1104 QUEUE_RECEIVE_FAILED q1
1104 QUEUE_RECEIVE_FAILED q1
1104 TASK_INCREMENT_TICK 1104
1104 TASK_INCREMENT_TICK 1104
1105 TASK_SWITCHED_OUT SUSP_RX
1105 TASK_SWITCHED_IN CNT_INC
1105 TASK_PRIORITY_SET CNT_INC 1
1105 MOVED_TASK_TO_READY_STATE CNT_INC
1105 TASK_PRIORITY_SET CNT_INC 0
1105 MOVED_TASK_TO_READY_STATE CNT_INC
1105 TASK_SWITCHED_OUT CNT_INC
1105 TASK_SWITCHED_IN IDLE
1105 TASK_INCREMENT_TICK 1105
1106 TASK_SWITCHED_OUT IDLE
1106 TASK_SWITCHED_IN CNT_INC
1106 TASK_PRIORITY_SET CNT_INC 1
1106 MOVED_TASK_TO_READY_STATE CNT_INC
1106 TASK_PRIORITY_SET CNT_INC 0
1106 MOVED_TASK_TO_READY_STATE CNT_INC
1106 TASK_SWITCHED_OUT CNT_INC
1106 TASK_SWITCHED_IN SUSP_RX
1106 QUEUE_RECEIVE_FAILED q1
1106 QUEUE_RECEIVE_FAILED q1
1106 TASK_INCREMENT_TICK 1106
1107 TASK_SWITCHED_OUT SUSP_RX
1107 TASK_SWITCHED_IN IDLE
1107 TASK_SWITCHED_OUT IDLE
1107 TASK_SWITCHED_IN CNT_INC
1107 TASK_PRIORITY_SET CNT_INC 1
1107 MOVED_TASK_TO_READY_STATE CNT_INC
1107 TASK_PRIORITY_SET CNT_INC 0
1107 MOVED_TASK_TO_READY_STATE CNT_INC
1107 TASK_SWITCHED_OUT CNT_INC
1107 TASK_SWITCHED_IN SUSP_RX
1107 QUEUE_RECEIVE_FAILED q1
1107 QUEUE_RECEIVE_FAILED q1
1107 QUEUE_RECEIVE_FAILED q1
1107 QUEUE_RECEIVE_FAILED q1
1107 TASK_INCREMENT_TICK 1107
1107 TASK_INCREMENT_TICK 1107
1108 TASK_SWITCHED_OUT SUSP_RX
1108 TASK_SWITCHED_IN CNT_INC
1108 TASK_PRIORITY_SET CNT_INC 1
1108 MOVED_TASK_TO_READY_STATE CNT_INC
1108 TASK_PRIORITY_SET CNT_INC 0
1108 MOVED_TASK_TO_READY_STATE CNT_INC
1108 TASK_SWITCHED_OUT CNT_INC
1108 TASK_SWITCHED_IN IDLE
1108 TASK_INCREMENT_TICK 1108
1109 TASK_SWITCHED_OUT IDLE
1109 TASK_SWITCHED_IN CNT_INC
1109 TASK_PRIORITY_SET CNT_INC 1
1109 MOVED_TASK_TO_READY_STATE CNT_INC
1109 TASK_PRIORITY_SET CNT_INC 0
1109 MOVED_TASK_TO_READY_STATE CNT_INC
1109 TASK_SWITCHED_OUT CNT_INC
1109 TASK_SWITCHED_IN SUSP_RX
1109 QUEUE_RECEIVE_FAILED q1
1109 QUEUE_RECEIVE_FAILED q1
1109 TASK_INCREMENT_TICK 1109
1110 TASK_SWITCHED_OUT SUSP_RX
1110 TASK_SWITCHED_IN IDLE
1110 TASK_SWITCHED_OUT IDLE
1110 TASK_SWITCHED_IN CNT_INC
1110 TASK_PRIORITY_SET CNT_INC 1
1110 MOVED_TASK_TO_READY_STATE CNT_INC
1110 TASK_PRIORITY_SET CNT_INC 0
1110 MOVED_TASK_TO_READY_STATE CNT_INC
1110 TASK_SWITCHED_OUT CNT_INC
1110 TASK_SWITCHED_IN SUSP_RX
1110 QUEUE_RECEIVE_FAILED q1
1110 QUEUE_RECEIVE_FAILED q1
1110 QUEUE_RECEIVE_FAILED q1
1110 QUEUE_RECEIVE_FAILED q1
1110 TASK_INCREMENT_TICK 1110
1110 TASK_INCREMENT_TICK 1110
1111 TASK_SWITCHED_OUT SUSP_RX
1111 TASK_SWITCHED_IN CNT_INC
1111 TASK_PRIORITY_SET CNT_INC 1
1111 MOVED_TASK_TO_READY_STATE CNT_INC
1111 TASK_PRIORITY_SET CNT_INC 0
1111 MOVED_TASK_TO_READY_STATE CNT_INC
1111 TASK_SWITCHED_OUT CNT_INC
1111 TASK_SWITCHED_IN IDLE
1111 TASK_INCREMENT_TICK 1111
1112 TASK_SWITCHED_OUT IDLE
1112 TASK_SWITCHED_IN CNT_INC
1112 TASK_PRIORITY_SET CNT_INC 1
1112 MOVED_TASK_TO_READY_STATE CNT_INC
1112 TASK_PRIORITY_SET CNT_INC 0
1112 MOVED_TASK_TO_READY_STATE CNT_INC
1112 TASK_SWITCHED_OUT CNT_INC
1112 TASK_SWITCHED_IN SUSP_RX
1112 QUEUE_RECEIVE_FAILED q1
1112 QUEUE_RECEIVE_FAILED q1
1112 TASK_INCREMENT_TICK 1112
1113 TASK_SWITCHED_OUT SUSP_RX
1113 TASK_SWITCHED_IN IDLE
1113 TASK_SWITCHED_OUT IDLE
1113 TASK_SWITCHED_IN CNT_INC
1113 TASK_PRIORITY_SET CNT_INC 1
1113 MOVED_TASK_TO_READY_STATE CNT_INC
1113 TASK_PRIORITY_SET CNT_INC 0
1113 MOVED_TASK_TO_READY_STATE CNT_INC
1113 TASK_SWITCHED_OUT CNT_INC
1113 TASK_SWITCHED_IN SUSP_RX
1113 QUEUE_RECEIVE_FAILED q1
1113 QUEUE_RECEIVE_FAILED q1
1113 QUEUE_RECEIVE_FAILED q1
1113 QUEUE_RECEIVE_FAILED q1
1113 TASK_INCREMENT_TICK 1113
1113 TASK_INCREMENT_TICK 1113
1114 TASK_SWITCHED_OUT SUSP_RX
1114 TASK_SWITCHED_IN CNT_INC
1114 TASK_PRIORITY_SET CNT_INC 1
1114 MOVED_TASK_TO_READY_STATE CNT_INC
1114 TASK_PRIORITY_SET CNT_INC 0
1114 MOVED_TASK_TO_READY_STATE CNT_INC
1114 TASK_SWITCHED_OUT CNT_INC
1114 TASK_SWITCHED_IN IDLE
1114 TASK_INCREMENT_TICK 1114
1115 TASK_SWITCHED_OUT IDLE
1115 TASK_SWITCHED_IN CNT_INC
1115 TASK_PRIORITY_SET CNT_INC 1
1115 MOVED_TASK_TO_READY_STATE CNT_INC
1115 TASK_PRIORITY_SET CNT_INC 0
1115 MOVED_TASK_TO_READY_STATE CNT_INC
1115 TASK_SWITCHED_OUT CNT_INC
1115 TASK_SWITCHED_IN SUSP_RX
1115 QUEUE_RECEIVE_FAILED q1
1115 QUEUE_RECEIVE_FAILED q1
1115 TASK_INCREMENT_TICK 1115
1116 TASK_SWITCHED_OUT SUSP_RX
1116 TASK_SWITCHED_IN IDLE
1116 TASK_SWITCHED_OUT IDLE
1116 TASK_SWITCHED_IN CNT_INC
1116 TASK_PRIORITY_SET CNT_INC 1
1116 MOVED_TASK_TO_READY_STATE CNT_INC
1116 TASK_PRIORITY_SET CNT_INC 0
1116 MOVED_TASK_TO_READY_STATE CNT_INC
1116 TASK_SWITCHED_OUT CNT_INC
1116 TASK_SWITCHED_IN SUSP_RX
1116 QUEUE_RECEIVE_FAILED q1
1116 QUEUE_RECEIVE_FAILED q1
1116 QUEUE_RECEIVE_FAILED q1
1116 QUEUE_RECEIVE_FAILED q1
1116 TASK_INCREMENT_TICK 1116
1116 TASK_INCREMENT_TICK 1116
1117 TASK_SWITCHED_OUT SUSP_RX
1117 TASK_SWITCHED_IN CNT_INC
1117 TASK_PRIORITY_SET CNT_INC 1
1117 MOVED_TASK_TO_READY_STATE CNT_INC
1117 TASK_PRIORITY_SET CNT_INC 0
1117 MOVED_TASK_TO_READY_STATE CNT_INC
1117 TASK_SWITCHED_OUT CNT_INC
1117 TASK_SWITCHED_IN IDLE
1117 TASK_INCREMENT_TICK 1117
1118 TASK_SWITCHED_OUT IDLE
1118 TASK_SWITCHED_IN CNT_INC
1118 TASK_PRIORITY_SET CNT_INC 1
1118 MOVED_TASK_TO_READY_STATE CNT_INC
1118 TASK_PRIORITY_SET CNT_INC 0
1118 MOVED_TASK_TO_READY_STATE CNT_INC
1118 TASK_SWITCHED_OUT CNT_INC
1118 TASK_SWITCHED_IN SUSP_RX
1118 QUEUE_RECEIVE_FAILED q1
1118 QUEUE_RECEIVE_FAILED q1
1118 TASK_INCREMENT_TICK 1118
1119 TASK_SWITCHED_OUT SUSP_RX
1119 TASK_SWITCHED_IN IDLE
1119 TASK_SWITCHED_OUT IDLE
1119 TASK_SWITCHED_IN CNT_INC
1119 TASK_PRIORITY_SET CNT_INC 1
1119 MOVED_TASK_TO_READY_STATE CNT_INC
1119 TASK_PRIORITY_SET CNT_INC 0
1119 MOVED_TASK_TO_READY_STATE CNT_INC
1119 TASK_SWITCHED_OUT CNT_INC
1119 TASK_SWITCHED_IN SUSP_RX
1119 QUEUE_RECEIVE_FAILED q1
1119 QUEUE_RECEIVE_FAILED q1
1119 QUEUE_RECEIVE_FAILED q1
1119 QUEUE_RECEIVE_FAILED q1
1119 TASK_INCREMENT_TICK 1119
1119 TASK_INCREMENT_TICK 1119
1120 TASK_SWITCHED_OUT SUSP_RX
1120 TASK_SWITCHED_IN CNT_INC
1120 TASK_PRIORITY_SET CNT_INC 1
1120 MOVED_TASK_TO_READY_STATE CNT_INC
1120 TASK_PRIORITY_SET CNT_INC 0
1120 MOVED_TASK_TO_READY_STATE CNT_INC
1120 TASK_SWITCHED_OUT CNT_INC
1120 TASK_SWITCHED_IN IDLE
1120 TASK_INCREMENT_TICK 1120
1121 TASK_SWITCHED_OUT IDLE
1121 TASK_SWITCHED_IN CNT_INC
1121 TASK_PRIORITY_SET CNT_INC 1
1121 MOVED_TASK_TO_READY_STATE CNT_INC
1121 TASK_PRIORITY_SET CNT_INC 0
1121 MOVED_TASK_TO_READY_STATE CNT_INC
1121 TASK_SWITCHED_OUT CNT_INC
1121 TASK_SWITCHED_IN SUSP_RX
1121 QUEUE_RECEIVE_FAILED q1
1121 QUEUE_RECEIVE_FAILED q1
1121 TASK_INCREMENT_TICK 1121
1122 TASK_SWITCHED_OUT SUSP_RX
1122 TASK_SWITCHED_IN IDLE
1122 TASK_SWITCHED_OUT IDLE
1122 TASK_SWITCHED_IN CNT_INC
1122 TASK_PRIORITY_SET CNT_INC 1
1122 MOVED_TASK_TO_READY_STATE CNT_INC
1122 TASK_PRIORITY_SET CNT_INC 0
1122 MOVED_TASK_TO_READY_STATE CNT_INC
1122 TASK_SWITCHED_OUT CNT_INC
1122 TASK_SWITCHED_IN SUSP_RX
1122 QUEUE_RECEIVE_FAILED q1
1122 QUEUE_RECEIVE_FAILED q1
1122 QUEUE_RECEIVE_FAILED q1
1122 QUEUE_RECEIVE_FAILED q1
1122 TASK_INCREMENT_TICK 1122
1122 TASK_INCREMENT_TICK 1122
1123 TASK_SWITCHED_OUT SUSP_RX
1123 TASK_SWITCHED_IN CNT_INC
1123 TASK_PRIORITY_SET CNT_INC 1
1123 MOVED_TASK_TO_READY_STATE CNT_INC
1123 TASK_PRIORITY_SET CNT_INC 0
1123 MOVED_TASK_TO_READY_STATE CNT_INC
1123 TASK_SWITCHED_OUT CNT_INC
1123 TASK_SWITCHED_IN IDLE
1123 TASK_INCREMENT_TICK 1123
1124 TASK_SWITCHED_OUT IDLE
1124 TASK_SWITCHED_IN CNT_INC
1124 TASK_PRIORITY_SET CNT_INC 1
1124 MOVED_TASK_TO_READY_STATE CNT_INC
1124 TASK_PRIORITY_SET CNT_INC 0
1124 MOVED_TASK_TO_READY_STATE CNT_INC
1124 TASK_SWITCHED_OUT CNT_INC
1124 TASK_SWITCHED_IN SUSP_RX
1124 QUEUE_RECEIVE_FAILED q1
1124 QUEUE_RECEIVE_FAILED q1
1124 TASK_INCREMENT_TICK 1124
1125 TASK_SWITCHED_OUT SUSP_RX
1125 TASK_SWITCHED_IN IDLE
1125 TASK_SWITCHED_OUT IDLE
1125 TASK_SWITCHED_IN CNT_INC
1125 TASK_PRIORITY_SET CNT_INC 1
1125 MOVED_TASK_TO_READY_STATE CNT_INC
1125 TASK_PRIORITY_SET CNT_INC 0
1125 MOVED_TASK_TO_READY_STATE CNT_INC
1125 TASK_SWITCHED_OUT CNT_INC
1125 TASK_SWITCHED_IN SUSP_RX
1125 QUEUE_RECEIVE_FAILED q1
1125 QUEUE_RECEIVE_FAILED q1
1125 QUEUE_RECEIVE_FAILED q1
1125 QUEUE_RECEIVE_FAILED q1
1125 TASK_INCREMENT_TICK 1125
1125 TASK_INCREMENT_TICK 1125
1126 TASK_SWITCHED_OUT SUSP_RX
1126 TASK_SWITCHED_IN CNT_INC
1126 TASK_PRIORITY_SET CNT_INC 1
1126 MOVED_TASK_TO_READY_STATE CNT_INC
1126 TASK_PRIORITY_SET CNT_INC 0
1126 MOVED_TASK_TO_READY_STATE CNT_INC
1126 TASK_SWITCHED_OUT CNT_INC
1126 TASK_SWITCHED_IN IDLE
1126 TASK_INCREMENT_TICK 1126
1127 TASK_SWITCHED_OUT IDLE
1127 TASK_SWITCHED_IN CNT_INC
1127 TASK_PRIORITY_SET CNT_INC 1
1127 MOVED_TASK_TO_READY_STATE CNT_INC
1127 TASK_PRIORITY_SET CNT_INC 0
1127 MOVED_TASK_TO_READY_STATE CNT_INC
1127 TASK_SWITCHED_OUT CNT_INC
1127 TASK_SWITCHED_IN SUSP_RX
1127 QUEUE_RECEIVE_FAILED q1
1127 QUEUE_RECEIVE_FAILED q1
1127 TASK_INCREMENT_TICK 1127
1128 TASK_SWITCHED_OUT SUSP_RX
1128 TASK_SWITCHED_IN IDLE
1128 TASK_SWITCHED_OUT IDLE
1128 TASK_SWITCHED_IN CNT_INC
1128 TASK_PRIORITY_SET CNT_INC 1
1128 MOVED_TASK_TO_READY_STATE CNT_INC
1128 TASK_PRIORITY_SET CNT_INC 0
1128 MOVED_TASK_TO_READY_STATE CNT_INC
1128 TASK_SWITCHED_OUT CNT_INC
1128 TASK_SWITCHED_IN SUSP_RX
1128 QUEUE_RECEIVE_FAILED q1
1128 QUEUE_RECEIVE_FAILED q1
1128 QUEUE_RECEIVE_FAILED q1
1128 QUEUE_RECEIVE_FAILED q1
1128 TASK_INCREMENT_TICK 1128
1128 TASK_INCREMENT_TICK 1128
1129 TASK_SWITCHED_OUT SUSP_RX
1129 TASK_SWITCHED_IN CNT_INC
1129 TASK_PRIORITY_SET CNT_INC 1
1129 MOVED_TASK_TO_READY_STATE CNT_INC
1129 TASK_PRIORITY_SET CNT_INC 0
1129 MOVED_TASK_TO_READY_STATE CNT_INC
1129 TASK_SWITCHED_OUT CNT_INC
1129 TASK_SWITCHED_IN IDLE
1129 TASK_INCREMENT_TICK 1129
1130 TASK_SWITCHED_OUT IDLE
1130 TASK_SWITCHED_IN CNT_INC
1130 TASK_PRIORITY_SET CNT_INC 1
1130 MOVED_TASK_TO_READY_STATE CNT_INC
1130 TASK_PRIORITY_SET CNT_INC 0
1130 MOVED_TASK_TO_READY_STATE CNT_INC
1130 TASK_SWITCHED_OUT CNT_INC
1130 TASK_SWITCHED_IN SUSP_RX
1130 QUEUE_RECEIVE_FAILED q1
1130 QUEUE_RECEIVE_FAILED q1
1130 TASK_INCREMENT_TICK 1130
1131 TASK_SWITCHED_OUT SUSP_RX
1131 TASK_SWITCHED_IN IDLE
1131 TASK_SWITCHED_OUT IDLE
1131 TASK_SWITCHED_IN CNT_INC
1131 TASK_PRIORITY_SET CNT_INC 1
1131 MOVED_TASK_TO_READY_STATE CNT_INC
1131 TASK_PRIORITY_SET CNT_INC 0
1131 MOVED_TASK_TO_READY_STATE CNT_INC
1131 TASK_SWITCHED_OUT CNT_INC
1131 TASK_SWITCHED_IN SUSP_RX
1131 QUEUE_RECEIVE_FAILED q1
1131 QUEUE_RECEIVE_FAILED q1
1131 QUEUE_RECEIVE_FAILED q1
1131 QUEUE_RECEIVE_FAILED q1
1131 TASK_INCREMENT_TICK 1131
1131 TASK_INCREMENT_TICK 1131
1132 TASK_SWITCHED_OUT SUSP_RX
1132 TASK_SWITCHED_IN CNT_INC
1132 TASK_PRIORITY_SET CNT_INC 1
1132 MOVED_TASK_TO_READY_STATE CNT_INC
1132 TASK_PRIORITY_SET CNT_INC 0
1132 MOVED_TASK_TO_READY_STATE CNT_INC
1132 TASK_SWITCHED_OUT CNT_INC
1132 TASK_SWITCHED_IN IDLE
1132 TASK_INCREMENT_TICK 1132
1133 TASK_SWITCHED_OUT IDLE
1133 TASK_SWITCHED_IN CNT_INC
1133 TASK_PRIORITY_SET CNT_INC 1
1133 MOVED_TASK_TO_READY_STATE CNT_INC
1133 TASK_PRIORITY_SET CNT_INC 0
1133 MOVED_TASK_TO_READY_STATE CNT_INC
1133 TASK_SWITCHED_OUT CNT_INC
1133 TASK_SWITCHED_IN SUSP_RX
1133 QUEUE_RECEIVE_FAILED q1
1133 QUEUE_RECEIVE_FAILED q1
1133 TASK_INCREMENT_TICK 1133
1134 TASK_SWITCHED_OUT SUSP_RX
1134 TASK_SWITCHED_IN IDLE
1134 TASK_SWITCHED_OUT IDLE
1134 TASK_SWITCHED_IN CNT_INC
1134 TASK_PRIORITY_SET CNT_INC 1
1134 MOVED_TASK_TO_READY_STATE CNT_INC
1134 TASK_PRIORITY_SET CNT_INC 0
1134 MOVED_TASK_TO_READY_STATE CNT_INC
1134 TASK_SWITCHED_OUT CNT_INC
1134 TASK_SWITCHED_IN SUSP_RX
1134 QUEUE_RECEIVE_FAILED q1
1134 QUEUE_RECEIVE_FAILED q1
1134 QUEUE_RECEIVE_FAILED q1
1134 QUEUE_RECEIVE_FAILED q1
1134 TASK_INCREMENT_TICK 1134
1134 TASK_INCREMENT_TICK 1134
1135 TASK_SWITCHED_OUT SUSP_RX
1135 TASK_SWITCHED_IN CNT_INC
1135 TASK_PRIORITY_SET CNT_INC 1
1135 MOVED_TASK_TO_READY_STATE CNT_INC
1135 TASK_PRIORITY_SET CNT_INC 0
1135 MOVED_TASK_TO_READY_STATE CNT_INC
1135 TASK_SWITCHED_OUT CNT_INC
1135 TASK_SWITCHED_IN IDLE
1135 TASK_INCREMENT_TICK 1135
1136 TASK_SWITCHED_OUT IDLE
1136 TASK_SWITCHED_IN CNT_INC
1136 TASK_PRIORITY_SET CNT_INC 1
1136 MOVED_TASK_TO_READY_STATE CNT_INC
1136 TASK_PRIORITY_SET CNT_INC 0
1136 MOVED_TASK_TO_READY_STATE CNT_INC
1136 TASK_SWITCHED_OUT CNT_INC
1136 TASK_SWITCHED_IN SUSP_RX
1136 QUEUE_RECEIVE_FAILED q1
1136 QUEUE_RECEIVE_FAILED q1
1136 TASK_INCREMENT_TICK 1136
1137 TASK_SWITCHED_OUT SUSP_RX
1137 TASK_SWITCHED_IN IDLE
1137 TASK_SWITCHED_OUT IDLE
1137 TASK_SWITCHED_IN CNT_INC
1137 TASK_PRIORITY_SET CNT_INC 1
1137 MOVED_TASK_TO_READY_STATE CNT_INC
1137 TASK_PRIORITY_SET CNT_INC 0
1137 MOVED_TASK_TO_READY_STATE CNT_INC
1137 TASK_SWITCHED_OUT CNT_INC
1137 TASK_SWITCHED_IN SUSP_RX
1137 QUEUE_RECEIVE_FAILED q1
1137 QUEUE_RECEIVE_FAILED q1
1137 QUEUE_RECEIVE_FAILED q1
1137 QUEUE_RECEIVE_FAILED q1
1137 TASK_INCREMENT_TICK 1137
1137 TASK_INCREMENT_TICK 1137
1138 TASK_SWITCHED_OUT SUSP_RX
1138 TASK_SWITCHED_IN CNT_INC
1138 TASK_PRIORITY_SET CNT_INC 1
1138 MOVED_TASK_TO_READY_STATE CNT_INC
1138 TASK_PRIORITY_SET CNT_INC 0
1138 MOVED_TASK_TO_READY_STATE CNT_INC
1138 TASK_SWITCHED_OUT CNT_INC
1138 TASK_SWITCHED_IN IDLE
1138 TASK_INCREMENT_TICK 1138
1139 TASK_SWITCHED_OUT IDLE
1139 TASK_SWITCHED_IN CNT_INC
1139 TASK_PRIORITY_SET CNT_INC 1
1139 MOVED_TASK_TO_READY_STATE CNT_INC
1139 TASK_PRIORITY_SET CNT_INC 0
1139 MOVED_TASK_TO_READY_STATE CNT_INC
1139 TASK_SWITCHED_OUT CNT_INC
1139 TASK_SWITCHED_IN SUSP_RX
1139 QUEUE_RECEIVE_FAILED q1
1139 QUEUE_RECEIVE_FAILED q1
1139 TASK_INCREMENT_TICK 1139
1140 TASK_SWITCHED_OUT SUSP_RX
1140 TASK_SWITCHED_IN IDLE
1140 TASK_SWITCHED_OUT IDLE
1140 TASK_SWITCHED_IN CNT_INC
1140 TASK_PRIORITY_SET CNT_INC 1
1140 MOVED_TASK_TO_READY_STATE CNT_INC
1140 TASK_PRIORITY_SET CNT_INC 0
1140 MOVED_TASK_TO_READY_STATE CNT_INC
1140 TASK_SWITCHED_OUT CNT_INC
1140 TASK_SWITCHED_IN SUSP_RX
1140 QUEUE_RECEIVE_FAILED q1
1140 QUEUE_RECEIVE_FAILED q1
1140 QUEUE_RECEIVE_FAILED q1
1140 QUEUE_RECEIVE_FAILED q1
1140 TASK_INCREMENT_TICK 1140
1140 TASK_INCREMENT_TICK 1140
1141 TASK_SWITCHED_OUT SUSP_RX
1141 TASK_SWITCHED_IN CNT_INC
1141 TASK_PRIORITY_SET CNT_INC 1
1141 MOVED_TASK_TO_READY_STATE CNT_INC
1141 TASK_PRIORITY_SET CNT_INC 0
1141 MOVED_TASK_TO_READY_STATE CNT_INC
1141 TASK_SWITCHED_OUT CNT_INC
1141 TASK_SWITCHED_IN IDLE
1141 TASK_INCREMENT_TICK 1141
1142 TASK_SWITCHED_OUT IDLE
1142 TASK_SWITCHED_IN CNT_INC
1142 TASK_PRIORITY_SET CNT_INC 1
1142 MOVED_TASK_TO_READY_STATE CNT_INC
1142 TASK_PRIORITY_SET CNT_INC 0
1142 MOVED_TASK_TO_READY_STATE CNT_INC
1142 TASK_SWITCHED_OUT CNT_INC
1142 TASK_SWITCHED_IN SUSP_RX
1142 QUEUE_RECEIVE_FAILED q1
1142 QUEUE_RECEIVE_FAILED q1
1142 TASK_INCREMENT_TICK 1142
1143 TASK_SWITCHED_OUT SUSP_RX
1143 TASK_SWITCHED_IN IDLE
1143 TASK_SWITCHED_OUT IDLE
1143 TASK_SWITCHED_IN CNT_INC
1143 TASK_PRIORITY_SET CNT_INC 1
1143 MOVED_TASK_TO_READY_STATE CNT_INC
1143 TASK_PRIORITY_SET CNT_INC 0
1143 MOVED_TASK_TO_READY_STATE CNT_INC
1143 TASK_SWITCHED_OUT CNT_INC
1143 TASK_SWITCHED_IN SUSP_RX
1143 QUEUE_RECEIVE_FAILED q1
1143 QUEUE_RECEIVE_FAILED q1
1143 QUEUE_RECEIVE_FAILED q1
1143 QUEUE_RECEIVE_FAILED q1
1143 TASK_INCREMENT_TICK 1143
1143 TASK_INCREMENT_TICK 1143
1144 TASK_SWITCHED_OUT SUSP_RX
1144 TASK_SWITCHED_IN CNT_INC
1144 TASK_PRIORITY_SET CNT_INC 1
1144 MOVED_TASK_TO_READY_STATE CNT_INC
1144 TASK_PRIORITY_SET CNT_INC 0
1144 MOVED_TASK_TO_READY_STATE CNT_INC
1144 TASK_SWITCHED_OUT CNT_INC
1144 TASK_SWITCHED_IN IDLE
1144 TASK_INCREMENT_TICK 1144
1145 TASK_SWITCHED_OUT IDLE
1145 TASK_SWITCHED_IN CNT_INC
1145 TASK_PRIORITY_SET CNT_INC 1
1145 MOVED_TASK_TO_READY_STATE CNT_INC
1145 TASK_PRIORITY_SET CNT_INC 0
1145 MOVED_TASK_TO_READY_STATE CNT_INC
1145 TASK_SWITCHED_OUT CNT_INC
1145 TASK_SWITCHED_IN SUSP_RX
1145 QUEUE_RECEIVE_FAILED q1
1145 QUEUE_RECEIVE_FAILED q1
1145 TASK_INCREMENT_TICK 1145
1146 TASK_SWITCHED_OUT SUSP_RX
1146 TASK_SWITCHED_IN IDLE
1146 TASK_SWITCHED_OUT IDLE
1146 TASK_SWITCHED_IN CNT_INC
1146 TASK_PRIORITY_SET CNT_INC 1
1146 MOVED_TASK_TO_READY_STATE CNT_INC
1146 TASK_PRIORITY_SET CNT_INC 0
1146 MOVED_TASK_TO_READY_STATE CNT_INC
1146 TASK_SWITCHED_OUT CNT_INC
1146 TASK_SWITCHED_IN SUSP_RX
1146 QUEUE_RECEIVE_FAILED q1
1146 QUEUE_RECEIVE_FAILED q1
1146 QUEUE_RECEIVE_FAILED q1
1146 QUEUE_RECEIVE_FAILED q1
1146 TASK_INCREMENT_TICK 1146
1146 TASK_INCREMENT_TICK 1146
1147 TASK_SWITCHED_OUT SUSP_RX
1147 TASK_SWITCHED_IN CNT_INC
1147 TASK_PRIORITY_SET CNT_INC 1
1147 MOVED_TASK_TO_READY_STATE CNT_INC
1147 TASK_PRIORITY_SET CNT_INC 0
1147 MOVED_TASK_TO_READY_STATE CNT_INC
1147 TASK_SWITCHED_OUT CNT_INC
1147 TASK_SWITCHED_IN IDLE
1147 TASK_INCREMENT_TICK 1147
1148 TASK_SWITCHED_OUT IDLE
1148 TASK_SWITCHED_IN CNT_INC
1148 TASK_PRIORITY_SET CNT_INC 1
1148 MOVED_TASK_TO_READY_STATE CNT_INC
1148 TASK_PRIORITY_SET CNT_INC 0
1148 MOVED_TASK_TO_READY_STATE CNT_INC
1148 TASK_SWITCHED_OUT CNT_INC
1148 TASK_SWITCHED_IN SUSP_RX
1148 QUEUE_RECEIVE_FAILED q1
1148 QUEUE_RECEIVE_FAILED q1
1148 TASK_INCREMENT_TICK 1148
1149 TASK_SWITCHED_OUT SUSP_RX
1149 TASK_SWITCHED_IN IDLE
1149 TASK_SWITCHED_OUT IDLE
1149 TASK_SWITCHED_IN CNT_INC
1149 TASK_PRIORITY_SET CNT_INC 1
1149 MOVED_TASK_TO_READY_STATE CNT_INC
1149 TASK_PRIORITY_SET CNT_INC 0
1149 MOVED_TASK_TO_READY_STATE CNT_INC
1149 TASK_SWITCHED_OUT CNT_INC
1149 TASK_SWITCHED_IN SUSP_RX
1149 QUEUE_RECEIVE_FAILED q1
1149 QUEUE_RECEIVE_FAILED q1
1149 QUEUE_RECEIVE_FAILED q1
1149 QUEUE_RECEIVE_FAILED q1
1149 TASK_INCREMENT_TICK 1149
1149 TASK_INCREMENT_TICK 1149
1150 TASK_SWITCHED_OUT SUSP_RX
1150 TASK_SWITCHED_IN CNT_INC
1150 TASK_PRIORITY_SET CNT_INC 1
1150 MOVED_TASK_TO_READY_STATE CNT_INC
1150 TASK_PRIORITY_SET CNT_INC 0
1150 MOVED_TASK_TO_READY_STATE CNT_INC
1150 TASK_SWITCHED_OUT CNT_INC
1150 TASK_SWITCHED_IN IDLE
1150 TASK_INCREMENT_TICK 1150
1151 TASK_SWITCHED_OUT IDLE
1151 TASK_SWITCHED_IN CNT_INC
1151 TASK_PRIORITY_SET CNT_INC 1
1151 MOVED_TASK_TO_READY_STATE CNT_INC
1151 TASK_PRIORITY_SET CNT_INC 0
1151 MOVED_TASK_TO_READY_STATE CNT_INC
1151 TASK_SWITCHED_OUT CNT_INC
1151 TASK_SWITCHED_IN SUSP_RX
1151 QUEUE_RECEIVE_FAILED q1
1151 QUEUE_RECEIVE_FAILED q1
1151 TASK_INCREMENT_TICK 1151
1152 TASK_SWITCHED_OUT SUSP_RX
1152 TASK_SWITCHED_IN IDLE
1152 TASK_SWITCHED_OUT IDLE
1152 TASK_SWITCHED_IN CNT_INC
1152 TASK_PRIORITY_SET CNT_INC 1
1152 MOVED_TASK_TO_READY_STATE CNT_INC
1152 TASK_PRIORITY_SET CNT_INC 0
1152 MOVED_TASK_TO_READY_STATE CNT_INC
1152 TASK_SWITCHED_OUT CNT_INC
1152 TASK_SWITCHED_IN SUSP_RX
1152 QUEUE_RECEIVE_FAILED q1
1152 QUEUE_RECEIVE_FAILED q1
1152 QUEUE_RECEIVE_FAILED q1
1152 QUEUE_RECEIVE_FAILED q1
1152 TASK_INCREMENT_TICK 1152
1152 TASK_INCREMENT_TICK 1152
1153 TASK_SWITCHED_OUT SUSP_RX
1153 TASK_SWITCHED_IN CNT_INC
1153 TASK_PRIORITY_SET CNT_INC 1
1153 MOVED_TASK_TO_READY_STATE CNT_INC
1153 TASK_PRIORITY_SET CNT_INC 0
1153 MOVED_TASK_TO_READY_STATE CNT_INC
1153 TASK_SWITCHED_OUT CNT_INC
1153 TASK_SWITCHED_IN IDLE
1153 TASK_INCREMENT_TICK 1153
1154 TASK_SWITCHED_OUT IDLE
1154 TASK_SWITCHED_IN CNT_INC
1154 TASK_PRIORITY_SET CNT_INC 1
1154 MOVED_TASK_TO_READY_STATE CNT_INC
1154 TASK_PRIORITY_SET CNT_INC 0
1154 MOVED_TASK_TO_READY_STATE CNT_INC
1154 TASK_SWITCHED_OUT CNT_INC
1154 TASK_SWITCHED_IN SUSP_RX
1154 QUEUE_RECEIVE_FAILED q1
1154 QUEUE_RECEIVE_FAILED q1
1154 TASK_INCREMENT_TICK 1154
1155 TASK_SWITCHED_OUT SUSP_RX
1155 TASK_SWITCHED_IN IDLE
1155 TASK_SWITCHED_OUT IDLE
1155 TASK_SWITCHED_IN CNT_INC
1155 TASK_PRIORITY_SET CNT_INC 1
1155 MOVED_TASK_TO_READY_STATE CNT_INC
1155 TASK_PRIORITY_SET CNT_INC 0
1155 MOVED_TASK_TO_READY_STATE CNT_INC
1155 TASK_SWITCHED_OUT CNT_INC
1155 TASK_SWITCHED_IN SUSP_RX
1155 QUEUE_RECEIVE_FAILED q1
1155 QUEUE_RECEIVE_FAILED q1
1155 QUEUE_RECEIVE_FAILED q1
1155 QUEUE_RECEIVE_FAILED q1
1155 TASK_INCREMENT_TICK 1155
1155 TASK_INCREMENT_TICK 1155
1156 TASK_SWITCHED_OUT SUSP_RX
1156 TASK_SWITCHED_IN CNT_INC
1156 TASK_PRIORITY_SET CNT_INC 1
1156 MOVED_TASK_TO_READY_STATE CNT_INC
1156 TASK_PRIORITY_SET CNT_INC 0
1156 MOVED_TASK_TO_READY_STATE CNT_INC
1156 TASK_SWITCHED_OUT CNT_INC
1156 TASK_SWITCHED_IN IDLE
1156 TASK_INCREMENT_TICK 1156
1157 TASK_SWITCHED_OUT IDLE
1157 TASK_SWITCHED_IN CNT_INC
1157 TASK_PRIORITY_SET CNT_INC 1
1157 MOVED_TASK_TO_READY_STATE CNT_INC
1157 TASK_PRIORITY_SET CNT_INC 0
1157 MOVED_TASK_TO_READY_STATE CNT_INC
1157 TASK_SWITCHED_OUT CNT_INC
1157 TASK_SWITCHED_IN SUSP_RX
1157 QUEUE_RECEIVE_FAILED q1
1157 QUEUE_RECEIVE_FAILED q1
1157 TASK_INCREMENT_TICK 1157
1158 TASK_SWITCHED_OUT SUSP_RX
1158 TASK_SWITCHED_IN IDLE
1158 TASK_SWITCHED_OUT IDLE
1158 TASK_SWITCHED_IN CNT_INC
1158 TASK_PRIORITY_SET CNT_INC 1
1158 MOVED_TASK_TO_READY_STATE CNT_INC
1158 TASK_PRIORITY_SET CNT_INC 0
1158 MOVED_TASK_TO_READY_STATE CNT_INC
1158 TASK_SWITCHED_OUT CNT_INC
1158 TASK_SWITCHED_IN SUSP_RX
1158 QUEUE_RECEIVE_FAILED q1
1158 QUEUE_RECEIVE_FAILED q1
1158 QUEUE_RECEIVE_FAILED q1
1158 QUEUE_RECEIVE_FAILED q1
1158 TASK_INCREMENT_TICK 1158
1158 TASK_INCREMENT_TICK 1158
1159 TASK_SWITCHED_OUT SUSP_RX
1159 TASK_SWITCHED_IN CNT_INC
1159 TASK_PRIORITY_SET CNT_INC 1
1159 MOVED_TASK_TO_READY_STATE CNT_INC
1159 TASK_PRIORITY_SET CNT_INC 0
1159 MOVED_TASK_TO_READY_STATE CNT_INC
1159 TASK_SWITCHED_OUT CNT_INC
1159 TASK_SWITCHED_IN IDLE
1159 TASK_INCREMENT_TICK 1159
1160 MOVED_TASK_TO_READY_STATE C_CTRL
1160 TASK_SWITCHED_OUT IDLE
1160 TASK_SWITCHED_IN CNT_INC
1160 TASK_PRIORITY_SET CNT_INC 1
1160 MOVED_TASK_TO_READY_STATE CNT_INC
1160 TASK_PRIORITY_SET CNT_INC 0
1160 MOVED_TASK_TO_READY_STATE CNT_INC
1160 TASK_SWITCHED_OUT CNT_INC
1160 TASK_SWITCHED_IN SUSP_RX
1160 QUEUE_RECEIVE_FAILED q1
1160 QUEUE_RECEIVE_FAILED q1
1160 TASK_INCREMENT_TICK 1160
1161 TASK_SWITCHED_OUT SUSP_RX
1161 TASK_SWITCHED_IN C_CTRL
1161 TASK_SUSPEND CNT_INC
1161 TASK_RESUME CNT_INC
1161 MOVED_TASK_TO_READY_STATE CNT_INC
1161 TASK_DELAY C_CTRL 128
1161 MOVED_TASK_TO_DELAYED_LIST C_CTRL
1161 TASK_SWITCHED_OUT C_CTRL
1161 TASK_SWITCHED_IN IDLE
1161 TASK_SWITCHED_OUT IDLE
1161 TASK_SWITCHED_IN SUSP_RX
1161 QUEUE_RECEIVE_FAILED q1
1161 QUEUE_RECEIVE_FAILED q1
1161 TASK_INCREMENT_TICK 1161
1161 QUEUE_RECEIVE_FAILED q1
1161 TASK_INCREMENT_TICK 1161
1162 TASK_SWITCHED_OUT SUSP_RX
1162 TASK_SWITCHED_IN CNT_INC
1162 TASK_PRIORITY_SET CNT_INC 1
1162 MOVED_TASK_TO_READY_STATE CNT_INC
1162 TASK_PRIORITY_SET CNT_INC 0
1162 MOVED_TASK_TO_READY_STATE CNT_INC
1162 TASK_SWITCHED_OUT CNT_INC
1162 TASK_SWITCHED_IN IDLE
1162 TASK_INCREMENT_TICK 1162
1163 MOVED_TASK_TO_READY_STATE SUSP_TX
1163 TASK_SWITCHED_OUT IDLE
1163 TASK_SWITCHED_IN CNT_INC
1163 TASK_PRIORITY_SET CNT_INC 1
1163 MOVED_TASK_TO_READY_STATE CNT_INC
1163 TASK_PRIORITY_SET CNT_INC 0
1163 MOVED_TASK_TO_READY_STATE CNT_INC
1163 TASK_SWITCHED_OUT CNT_INC
1163 TASK_SWITCHED_IN SUSP_RX
1163 QUEUE_RECEIVE_FAILED q1
1163 QUEUE_RECEIVE_FAILED q1
1163 TASK_INCREMENT_TICK 1163
1163 TASK_INCREMENT_TICK 1163
1164 TASK_SWITCHED_OUT SUSP_RX
1164 TASK_SWITCHED_IN SUSP_TX
1164 QUEUE_SEND q1
1164 TASK_DELAY SUSP_TX 128
1164 MOVED_TASK_TO_DELAYED_LIST SUSP_TX
1164 TASK_SWITCHED_OUT SUSP_TX
1164 TASK_SWITCHED_IN IDLE
1164 TASK_SWITCHED_OUT IDLE
1164 TASK_SWITCHED_IN CNT_INC
1164 TASK_PRIORITY_SET CNT_INC 1
1164 MOVED_TASK_TO_READY_STATE CNT_INC
1164 TASK_PRIORITY_SET CNT_INC 0
1164 MOVED_TASK_TO_READY_STATE CNT_INC
1164 TASK_SWITCHED_OUT CNT_INC
1164 TASK_SWITCHED_IN SUSP_RX
1164 QUEUE_RECEIVE q1
1164 QUEUE_RECEIVE_FAILED q1
1164 TASK_INCREMENT_TICK 1164
1165 TASK_SWITCHED_OUT SUSP_RX
1165 TASK_SWITCHED_IN CNT_INC
1165 TASK_PRIORITY_SET CNT_INC 1
1165 MOVED_TASK_TO_READY_STATE CNT_INC
1165 TASK_PRIORITY_SET CNT_INC 0
1165 MOVED_TASK_TO_READY_STATE CNT_INC
1165 TASK_SWITCHED_OUT CNT_INC
1165 TASK_SWITCHED_IN IDLE
1165 TASK_INCREMENT_TICK 1165
1166 TASK_SWITCHED_OUT IDLE
1166 TASK_SWITCHED_IN CNT_INC
1166 TASK_PRIORITY_SET CNT_INC 1
1166 MOVED_TASK_TO_READY_STATE CNT_INC
1166 TASK_PRIORITY_SET CNT_INC 0
1166 MOVED_TASK_TO_READY_STATE CNT_INC
1166 TASK_SWITCHED_OUT CNT_INC
1166 TASK_SWITCHED_IN SUSP_RX
1166 QUEUE_RECEIVE_FAILED q1
1166 QUEUE_RECEIVE_FAILED q1
1166 TASK_INCREMENT_TICK 1166
1166 QUEUE_RECEIVE_FAILED q1
1166 TASK_INCREMENT_TICK 1166
1167 TASK_SWITCHED_OUT SUSP_RX
1167 TASK_SWITCHED_IN IDLE
1167 TASK_SWITCHED_OUT IDLE
1167 TASK_SWITCHED_IN CNT_INC
1167 TASK_PRIORITY_SET CNT_INC 1
1167 MOVED_TASK_TO_READY_STATE CNT_INC
1167 TASK_PRIORITY_SET CNT_INC 0
1167 MOVED_TASK_TO_READY_STATE CNT_INC
1167 TASK_SWITCHED_OUT CNT_INC
1167 TASK_SWITCHED_IN SUSP_RX
1167 QUEUE_RECEIVE_FAILED q1
1167 QUEUE_RECEIVE_FAILED q1
1167 QUEUE_RECEIVE_FAILED q1
1167 TASK_INCREMENT_TICK 1167
1168 TASK_SWITCHED_OUT SUSP_RX
1168 TASK_SWITCHED_IN CNT_INC
1168 TASK_PRIORITY_SET CNT_INC 1
1168 MOVED_TASK_TO_READY_STATE CNT_INC
1168 TASK_PRIORITY_SET CNT_INC 0
1168 MOVED_TASK_TO_READY_STATE CNT_INC
1168 TASK_SWITCHED_OUT CNT_INC
1168 TASK_SWITCHED_IN IDLE
1168 TASK_INCREMENT_TICK 1168
1169 TASK_SWITCHED_OUT IDLE
1169 TASK_SWITCHED_IN CNT_INC
1169 TASK_PRIORITY_SET CNT_INC 1
1169 MOVED_TASK_TO_READY_STATE CNT_INC
1169 TASK_PRIORITY_SET CNT_INC 0
1169 MOVED_TASK_TO_READY_STATE CNT_INC
1169 TASK_SWITCHED_OUT CNT_INC
1169 TASK_SWITCHED_IN SUSP_RX
1169 QUEUE_RECEIVE_FAILED q1
1169 QUEUE_RECEIVE_FAILED q1
1169 TASK_INCREMENT_TICK 1169
1169 QUEUE_RECEIVE_FAILED q1
1169 TASK_INCREMENT_TICK 1169
1170 TASK_SWITCHED_OUT SUSP_RX
1170 TASK_SWITCHED_IN IDLE
1170 TASK_SWITCHED_OUT IDLE
1170 TASK_SWITCHED_IN CNT_INC
1170 TASK_PRIORITY_SET CNT_INC 1
1170 MOVED_TASK_TO_READY_STATE CNT_INC
1170 TASK_PRIORITY_SET CNT_INC 0
1170 MOVED_TASK_TO_READY_STATE CNT_INC
1170 TASK_SWITCHED_OUT CNT_INC
1170 TASK_SWITCHED_IN SUSP_RX
1170 QUEUE_RECEIVE_FAILED q1
1170 QUEUE_RECEIVE_FAILED q1
1170 QUEUE_RECEIVE_FAILED q1
1170 TASK_INCREMENT_TICK 1170
1171 TASK_SWITCHED_OUT SUSP_RX
1171 TASK_SWITCHED_IN CNT_INC
1171 TASK_PRIORITY_SET CNT_INC 1
1171 MOVED_TASK_TO_READY_STATE CNT_INC
1171 TASK_PRIORITY_SET CNT_INC 0
1171 MOVED_TASK_TO_READY_STATE CNT_INC
1171 TASK_SWITCHED_OUT CNT_INC
1171 TASK_SWITCHED_IN IDLE
1171 TASK_INCREMENT_TICK 1171
1172 TASK_SWITCHED_OUT IDLE
1172 TASK_SWITCHED_IN CNT_INC
1172 TASK_PRIORITY_SET CNT_INC 1
1172 MOVED_TASK_TO_READY_STATE CNT_INC
1172 TASK_PRIORITY_SET CNT_INC 0
1172 MOVED_TASK_TO_READY_STATE CNT_INC
1172 TASK_SWITCHED_OUT CNT_INC
1172 TASK_SWITCHED_IN SUSP_RX
1172 QUEUE_RECEIVE_FAILED q1
1172 QUEUE_RECEIVE_FAILED q1
1172 TASK_INCREMENT_TICK 1172
1172 QUEUE_RECEIVE_FAILED q1
1172 TASK_INCREMENT_TICK 1172
1173 TASK_SWITCHED_OUT SUSP_RX
1173 TASK_SWITCHED_IN IDLE
1173 TASK_SWITCHED_OUT IDLE
1173 TASK_SWITCHED_IN CNT_INC
1173 TASK_PRIORITY_SET CNT_INC 1
1173 MOVED_TASK_TO_READY_STATE CNT_INC
1173 TASK_PRIORITY_SET CNT_INC 0
1173 MOVED_TASK_TO_READY_STATE CNT_INC
1173 TASK_SWITCHED_OUT CNT_INC
1173 TASK_SWITCHED_IN SUSP_RX
1173 QUEUE_RECEIVE_FAILED q1
1173 QUEUE_RECEIVE_FAILED q1
1173 QUEUE_RECEIVE_FAILED q1
1173 TASK_INCREMENT_TICK 1173
1174 TASK_SWITCHED_OUT SUSP_RX
1174 TASK_SWITCHED_IN CNT_INC
1174 TASK_PRIORITY_SET CNT_INC 1
1174 MOVED_TASK_TO_READY_STATE CNT_INC
1174 TASK_PRIORITY_SET CNT_INC 0
1174 MOVED_TASK_TO_READY_STATE CNT_INC
1174 TASK_SWITCHED_OUT CNT_INC
1174 TASK_SWITCHED_IN IDLE
1174 TASK_INCREMENT_TICK 1174
1175 TASK_SWITCHED_OUT IDLE
1175 TASK_SWITCHED_IN CNT_INC
1175 TASK_PRIORITY_SET CNT_INC 1
1175 MOVED_TASK_TO_READY_STATE CNT_INC
1175 TASK_PRIORITY_SET CNT_INC 0
1175 MOVED_TASK_TO_READY_STATE CNT_INC
1175 TASK_SWITCHED_OUT CNT_INC
1175 TASK_SWITCHED_IN SUSP_RX
1175 QUEUE_RECEIVE_FAILED q1
1175 QUEUE_RECEIVE_FAILED q1
1175 TASK_INCREMENT_TICK 1175
1175 QUEUE_RECEIVE_FAILED q1
1175 TASK_INCREMENT_TICK 1175
1176 TASK_SWITCHED_OUT SUSP_RX
1176 TASK_SWITCHED_IN IDLE
1176 TASK_SWITCHED_OUT IDLE
1176 TASK_SWITCHED_IN CNT_INC
1176 TASK_PRIORITY_SET CNT_INC 1
1176 MOVED_TASK_TO_READY_STATE CNT_INC
1176 TASK_PRIORITY_SET CNT_INC 0
1176 MOVED_TASK_TO_READY_STATE CNT_INC
1176 TASK_SWITCHED_OUT CNT_INC
1176 TASK_SWITCHED_IN SUSP_RX
1176 QUEUE_RECEIVE_FAILED q1
1176 QUEUE_RECEIVE_FAILED q1
1176 QUEUE_RECEIVE_FAILED q1
1176 TASK_INCREMENT_TICK 1176
1177 TASK_SWITCHED_OUT SUSP_RX
1177 TASK_SWITCHED_IN CNT_INC
1177 TASK_PRIORITY_SET CNT_INC 1
1177 MOVED_TASK_TO_READY_STATE CNT_INC
1177 TASK_PRIORITY_SET CNT_INC 0
1177 MOVED_TASK_TO_READY_STATE CNT_INC
1177 TASK_SWITCHED_OUT CNT_INC
1177 TASK_SWITCHED_IN IDLE
1177 TASK_INCREMENT_TICK 1177
1178 TASK_SWITCHED_OUT IDLE
1178 TASK_SWITCHED_IN CNT_INC
1178 TASK_PRIORITY_SET CNT_INC 1
1178 MOVED_TASK_TO_READY_STATE CNT_INC
1178 TASK_PRIORITY_SET CNT_INC 0
1178 MOVED_TASK_TO_READY_STATE CNT_INC
1178 TASK_SWITCHED_OUT CNT_INC
1178 TASK_SWITCHED_IN SUSP_RX
1178 QUEUE_RECEIVE_FAILED q1
1178 QUEUE_RECEIVE_FAILED q1
1178 TASK_INCREMENT_TICK 1178
1178 QUEUE_RECEIVE_FAILED q1
1178 TASK_INCREMENT_TICK 1178
1179 TASK_SWITCHED_OUT SUSP_RX
1179 TASK_SWITCHED_IN IDLE
1179 TASK_SWITCHED_OUT IDLE
1179 TASK_SWITCHED_IN CNT_INC
1179 TASK_PRIORITY_SET CNT_INC 1
1179 MOVED_TASK_TO_READY_STATE CNT_INC
1179 TASK_PRIORITY_SET CNT_INC 0
1179 MOVED_TASK_TO_READY_STATE CNT_INC
1179 TASK_SWITCHED_OUT CNT_INC
1179 TASK_SWITCHED_IN SUSP_RX
1179 QUEUE_RECEIVE_FAILED q1
1179 QUEUE_RECEIVE_FAILED q1
1179 QUEUE_RECEIVE_FAILED q1
1179 TASK_INCREMENT_TICK 1179
1180 TASK_SWITCHED_OUT SUSP_RX
1180 TASK_SWITCHED_IN CNT_INC
1180 TASK_PRIORITY_SET CNT_INC 1
1180 MOVED_TASK_TO_READY_STATE CNT_INC
1180 TASK_PRIORITY_SET CNT_INC 0
1180 MOVED_TASK_TO_READY_STATE CNT_INC
1180 TASK_SWITCHED_OUT CNT_INC
1180 TASK_SWITCHED_IN IDLE
1180 TASK_INCREMENT_TICK 1180
1181 TASK_SWITCHED_OUT IDLE
1181 TASK_SWITCHED_IN CNT_INC
1181 TASK_PRIORITY_SET CNT_INC 1
1181 MOVED_TASK_TO_READY_STATE CNT_INC
1181 TASK_PRIORITY_SET CNT_INC 0
1181 MOVED_TASK_TO_READY_STATE CNT_INC
1181 TASK_SWITCHED_OUT CNT_INC
1181 TASK_SWITCHED_IN SUSP_RX
1181 QUEUE_RECEIVE_FAILED q1
1181 QUEUE_RECEIVE_FAILED q1
1181 TASK_INCREMENT_TICK 1181
1181 QUEUE_RECEIVE_FAILED q1
1181 TASK_INCREMENT_TICK 1181
1182 TASK_SWITCHED_OUT SUSP_RX
1182 TASK_SWITCHED_IN IDLE
1182 TASK_SWITCHED_OUT IDLE
1182 TASK_SWITCHED_IN CNT_INC
1182 TASK_PRIORITY_SET CNT_INC 1
1182 MOVED_TASK_TO_READY_STATE CNT_INC
1182 TASK_PRIORITY_SET CNT_INC 0
1182 MOVED_TASK_TO_READY_STATE CNT_INC
1182 TASK_SWITCHED_OUT CNT_INC
1182 TASK_SWITCHED_IN SUSP_RX
1182 QUEUE_RECEIVE_FAILED q1
1182 QUEUE_RECEIVE_FAILED q1
1182 QUEUE_RECEIVE_FAILED q1
1182 TASK_INCREMENT_TICK 1182
1183 TASK_SWITCHED_OUT SUSP_RX
1183 TASK_SWITCHED_IN CNT_INC
1183 TASK_PRIORITY_SET CNT_INC 1
1183 MOVED_TASK_TO_READY_STATE CNT_INC
1183 TASK_PRIORITY_SET CNT_INC 0
1183 MOVED_TASK_TO_READY_STATE CNT_INC
1183 TASK_SWITCHED_OUT CNT_INC
1183 TASK_SWITCHED_IN IDLE
1183 TASK_INCREMENT_TICK 1183
1184 TASK_SWITCHED_OUT IDLE
1184 TASK_SWITCHED_IN CNT_INC
1184 TASK_PRIORITY_SET CNT_INC 1
1184 MOVED_TASK_TO_READY_STATE CNT_INC
1184 TASK_PRIORITY_SET CNT_INC 0
1184 MOVED_TASK_TO_READY_STATE CNT_INC
1184 TASK_SWITCHED_OUT CNT_INC
1184 TASK_SWITCHED_IN SUSP_RX
1184 QUEUE_RECEIVE_FAILED q1
1184 QUEUE_RECEIVE_FAILED q1
1184 TASK_INCREMENT_TICK 1184
1184 QUEUE_RECEIVE_FAILED q1
1184 TASK_INCREMENT_TICK 1184
1185 TASK_SWITCHED_OUT SUSP_RX
1185 TASK_SWITCHED_IN IDLE
1185 TASK_SWITCHED_OUT IDLE
1185 TASK_SWITCHED_IN CNT_INC
1185 TASK_PRIORITY_SET CNT_INC 1
1185 MOVED_TASK_TO_READY_STATE CNT_INC
1185 TASK_PRIORITY_SET CNT_INC 0
1185 MOVED_TASK_TO_READY_STATE CNT_INC
1185 TASK_SWITCHED_OUT CNT_INC
1185 TASK_SWITCHED_IN SUSP_RX
1185 QUEUE_RECEIVE_FAILED q1
1185 QUEUE_RECEIVE_FAILED q1
1185 QUEUE_RECEIVE_FAILED q1
1185 TASK_INCREMENT_TICK 1185
1186 TASK_SWITCHED_OUT SUSP_RX
1186 TASK_SWITCHED_IN CNT_INC
1186 TASK_PRIORITY_SET CNT_INC 1
1186 MOVED_TASK_TO_READY_STATE CNT_INC
1186 TASK_PRIORITY_SET CNT_INC 0
1186 MOVED_TASK_TO_READY_STATE CNT_INC
1186 TASK_SWITCHED_OUT CNT_INC
1186 TASK_SWITCHED_IN IDLE
1186 TASK_INCREMENT_TICK 1186
1187 TASK_SWITCHED_OUT IDLE
1187 TASK_SWITCHED_IN CNT_INC
1187 TASK_PRIORITY_SET CNT_INC 1
1187 MOVED_TASK_TO_READY_STATE CNT_INC
1187 TASK_PRIORITY_SET CNT_INC 0
1187 MOVED_TASK_TO_READY_STATE CNT_INC
1187 TASK_SWITCHED_OUT CNT_INC
1187 TASK_SWITCHED_IN SUSP_RX
1187 QUEUE_RECEIVE_FAILED q1
1187 QUEUE_RECEIVE_FAILED q1
1187 TASK_INCREMENT_TICK 1187
1187 QUEUE_RECEIVE_FAILED q1
1187 TASK_INCREMENT_TICK 1187
1188 TASK_SWITCHED_OUT SUSP_RX
1188 TASK_SWITCHED_IN IDLE
1188 TASK_SWITCHED_OUT IDLE
1188 TASK_SWITCHED_IN CNT_INC
1188 TASK_PRIORITY_SET CNT_INC 1
1188 MOVED_TASK_TO_READY_STATE CNT_INC
1188 TASK_PRIORITY_SET CNT_INC 0
1188 MOVED_TASK_TO_READY_STATE CNT_INC
1188 TASK_SWITCHED_OUT CNT_INC
1188 TASK_SWITCHED_IN SUSP_RX
1188 QUEUE_RECEIVE_FAILED q1
1188 QUEUE_RECEIVE_FAILED q1
1188 QUEUE_RECEIVE_FAILED q1
1188 TASK_INCREMENT_TICK 1188
1189 TASK_SWITCHED_OUT SUSP_RX
1189 TASK_SWITCHED_IN CNT_INC
1189 TASK_PRIORITY_SET CNT_INC 1
1189 MOVED_TASK_TO_READY_STATE CNT_INC
1189 TASK_PRIORITY_SET CNT_INC 0
1189 MOVED_TASK_TO_READY_STATE CNT_INC
1189 TASK_SWITCHED_OUT CNT_INC
1189 TASK_SWITCHED_IN IDLE
1189 TASK_INCREMENT_TICK 1189
1190 TASK_SWITCHED_OUT IDLE
1190 TASK_SWITCHED_IN CNT_INC
1190 TASK_PRIORITY_SET CNT_INC 1
1190 MOVED_TASK_TO_READY_STATE CNT_INC
1190 TASK_PRIORITY_SET CNT_INC 0
1190 MOVED_TASK_TO_READY_STATE CNT_INC
1190 TASK_SWITCHED_OUT CNT_INC
1190 TASK_SWITCHED_IN SUSP_RX
1190 QUEUE_RECEIVE_FAILED q1
1190 QUEUE_RECEIVE_FAILED q1
1190 TASK_INCREMENT_TICK 1190
1190 QUEUE_RECEIVE_FAILED q1
1190 TASK_INCREMENT_TICK 1190
1191 TASK_SWITCHED_OUT SUSP_RX
1191 TASK_SWITCHED_IN IDLE
1191 TASK_SWITCHED_OUT IDLE
1191 TASK_SWITCHED_IN CNT_INC
1191 TASK_PRIORITY_SET CNT_INC 1
1191 MOVED_TASK_TO_READY_STATE CNT_INC
1191 TASK_PRIORITY_SET CNT_INC 0
1191 MOVED_TASK_TO_READY_STATE CNT_INC
1191 TASK_SWITCHED_OUT CNT_INC
1191 TASK_SWITCHED_IN SUSP_RX
1191 QUEUE_RECEIVE_FAILED q1
1191 QUEUE_RECEIVE_FAILED q1
1191 QUEUE_RECEIVE_FAILED q1
1191 TASK_INCREMENT_TICK 1191
1192 TASK_SWITCHED_OUT SUSP_RX
1192 TASK_SWITCHED_IN CNT_INC
1192 TASK_PRIORITY_SET CNT_INC 1
1192 MOVED_TASK_TO_READY_STATE CNT_INC
1192 TASK_PRIORITY_SET CNT_INC 0
1192 MOVED_TASK_TO_READY_STATE CNT_INC
1192 TASK_SWITCHED_OUT CNT_INC
1192 TASK_SWITCHED_IN IDLE
1192 TASK_INCREMENT_TICK 1192
1193 TASK_SWITCHED_OUT IDLE
1193 TASK_SWITCHED_IN CNT_INC
1193 TASK_PRIORITY_SET CNT_INC 1
1193 MOVED_TASK_TO_READY_STATE CNT_INC
1193 TASK_PRIORITY_SET CNT_INC 0
1193 MOVED_TASK_TO_READY_STATE CNT_INC
1193 TASK_SWITCHED_OUT CNT_INC
1193 TASK_SWITCHED_IN SUSP_RX
1193 QUEUE_RECEIVE_FAILED q1
1193 QUEUE_RECEIVE_FAILED q1
1193 TASK_INCREMENT_TICK 1193
1193 QUEUE_RECEIVE_FAILED q1
1193 TASK_INCREMENT_TICK 1193
1194 TASK_SWITCHED_OUT SUSP_RX
1194 TASK_SWITCHED_IN IDLE
1194 TASK_SWITCHED_OUT IDLE
1194 TASK_SWITCHED_IN CNT_INC
1194 TASK_PRIORITY_SET CNT_INC 1
1194 MOVED_TASK_TO_READY_STATE CNT_INC
1194 TASK_PRIORITY_SET CNT_INC 0
1194 MOVED_TASK_TO_READY_STATE CNT_INC
1194 TASK_SWITCHED_OUT CNT_INC
1194 TASK_SWITCHED_IN SUSP_RX
1194 QUEUE_RECEIVE_FAILED q1
1194 QUEUE_RECEIVE_FAILED q1
1194 QUEUE_RECEIVE_FAILED q1
1194 TASK_INCREMENT_TICK 1194
1195 TASK_SWITCHED_OUT SUSP_RX
1195 TASK_SWITCHED_IN CNT_INC
1195 TASK_PRIORITY_SET CNT_INC 1
1195 MOVED_TASK_TO_READY_STATE CNT_INC
1195 TASK_PRIORITY_SET CNT_INC 0
1195 MOVED_TASK_TO_READY_STATE CNT_INC
1195 TASK_SWITCHED_OUT CNT_INC
1195 TASK_SWITCHED_IN IDLE
1195 TASK_INCREMENT_TICK 1195
1196 TASK_SWITCHED_OUT IDLE
1196 TASK_SWITCHED_IN CNT_INC
1196 TASK_PRIORITY_SET CNT_INC 1
1196 MOVED_TASK_TO_READY_STATE CNT_INC
1196 TASK_PRIORITY_SET CNT_INC 0
1196 MOVED_TASK_TO_READY_STATE CNT_INC
1196 TASK_SWITCHED_OUT CNT_INC
1196 TASK_SWITCHED_IN SUSP_RX
1196 QUEUE_RECEIVE_FAILED q1
1196 QUEUE_RECEIVE_FAILED q1
1196 TASK_INCREMENT_TICK 1196
1196 QUEUE_RECEIVE_FAILED q1
1196 TASK_INCREMENT_TICK 1196
1197 TASK_SWITCHED_OUT SUSP_RX
1197 TASK_SWITCHED_IN IDLE
1197 TASK_SWITCHED_OUT IDLE
1197 TASK_SWITCHED_IN CNT_INC
1197 TASK_PRIORITY_SET CNT_INC 1
1197 MOVED_TASK_TO_READY_STATE CNT_INC
1197 TASK_PRIORITY_SET CNT_INC 0
1197 MOVED_TASK_TO_READY_STATE CNT_INC
1197 TASK_SWITCHED_OUT CNT_INC
1197 TASK_SWITCHED_IN SUSP_RX
1197 QUEUE_RECEIVE_FAILED q1
1197 QUEUE_RECEIVE_FAILED q1
1197 QUEUE_RECEIVE_FAILED q1
1197 TASK_INCREMENT_TICK 1197
1198 TASK_SWITCHED_OUT SUSP_RX
1198 TASK_SWITCHED_IN CNT_INC
1198 TASK_PRIORITY_SET CNT_INC 1
1198 MOVED_TASK_TO_READY_STATE CNT_INC
1198 TASK_PRIORITY_SET CNT_INC 0
1198 MOVED_TASK_TO_READY_STATE CNT_INC
1198 TASK_SWITCHED_OUT CNT_INC
1198 TASK_SWITCHED_IN IDLE
1198 TASK_INCREMENT_TICK 1198
1199 TASK_SWITCHED_OUT IDLE
1199 TASK_SWITCHED_IN CNT_INC
1199 TASK_PRIORITY_SET CNT_INC 1
1199 MOVED_TASK_TO_READY_STATE CNT_INC
1199 TASK_PRIORITY_SET CNT_INC 0
1199 MOVED_TASK_TO_READY_STATE CNT_INC
1199 TASK_SWITCHED_OUT CNT_INC
1199 TASK_SWITCHED_IN SUSP_RX
1199 QUEUE_RECEIVE_FAILED q1
1199 QUEUE_RECEIVE_FAILED q1
1199 TASK_INCREMENT_TICK 1199
1199 QUEUE_RECEIVE_FAILED q1
1199 TASK_INCREMENT_TICK 1199
1200 MOVED_TASK_TO_READY_STATE CHECK
1200 TASK_SWITCHED_OUT SUSP_RX
1200 TASK_SWITCHED_IN CHECK
1200 TASK_DELAY CHECK 100
1200 MOVED_TASK_TO_DELAYED_LIST CHECK
1200 TASK_SWITCHED_OUT CHECK
1200 TASK_SWITCHED_IN IDLE
1200 TASK_SWITCHED_OUT IDLE
1200 TASK_SWITCHED_IN CNT_INC
1200 TASK_PRIORITY_SET CNT_INC 1
1200 MOVED_TASK_TO_READY_STATE CNT_INC
1200 TASK_PRIORITY_SET CNT_INC 0
1200 MOVED_TASK_TO_READY_STATE CNT_INC
1200 TASK_SWITCHED_OUT CNT_INC
1200 TASK_SWITCHED_IN SUSP_RX
1200 QUEUE_RECEIVE_FAILED q1
1200 QUEUE_RECEIVE_FAILED q1
1200 TASK_INCREMENT_TICK 1200
1200 QUEUE_RECEIVE_FAILED q1
1200 TASK_INCREMENT_TICK 1200
1201 TASK_SWITCHED_OUT SUSP_RX
1201 TASK_SWITCHED_IN CNT_INC
1201 TASK_PRIORITY_SET CNT_INC 1
1201 MOVED_TASK_TO_READY_STATE CNT_INC
1201 TASK_PRIORITY_SET CNT_INC 0
1201 MOVED_TASK_TO_READY_STATE CNT_INC
1201 TASK_SWITCHED_OUT CNT_INC
1201 TASK_SWITCHED_IN IDLE
1201 TASK_INCREMENT_TICK 1201
1202 TASK_SWITCHED_OUT IDLE
1202 TASK_SWITCHED_IN CNT_INC
1202 TASK_PRIORITY_SET CNT_INC 1
1202 MOVED_TASK_TO_READY_STATE CNT_INC
1202 TASK_PRIORITY_SET CNT_INC 0
1202 MOVED_TASK_TO_READY_STATE CNT_INC
1202 TASK_SWITCHED_OUT CNT_INC
1202 TASK_SWITCHED_IN SUSP_RX
1202 QUEUE_RECEIVE_FAILED q1
1202 QUEUE_RECEIVE_FAILED q1
1202 TASK_INCREMENT_TICK 1202
1202 TASK_INCREMENT_TICK 1202
1203 TASK_SWITCHED_OUT SUSP_RX
1203 TASK_SWITCHED_IN IDLE
1203 TASK_SWITCHED_OUT IDLE
1203 TASK_SWITCHED_IN CNT_INC
1203 TASK_PRIORITY_SET CNT_INC 1
1203 MOVED_TASK_TO_READY_STATE CNT_INC
1203 TASK_PRIORITY_SET CNT_INC 0
1203 MOVED_TASK_TO_READY_STATE CNT_INC
1203 TASK_SWITCHED_OUT CNT_INC
1203 TASK_SWITCHED_IN SUSP_RX
1203 QUEUE_RECEIVE_FAILED q1
1203 QUEUE_RECEIVE_FAILED q1
1203 QUEUE_RECEIVE_FAILED q1
1203 TASK_INCREMENT_TICK 1203
1203 QUEUE_RECEIVE_FAILED q1
1203 TASK_INCREMENT_TICK 1203
1204 TASK_SWITCHED_OUT SUSP_RX
1204 TASK_SWITCHED_IN CNT_INC
1204 TASK_PRIORITY_SET CNT_INC 1
1204 MOVED_TASK_TO_READY_STATE CNT_INC
1204 TASK_PRIORITY_SET CNT_INC 0
1204 MOVED_TASK_TO_READY_STATE CNT_INC
1204 TASK_SWITCHED_OUT CNT_INC
1204 TASK_SWITCHED_IN IDLE
1204 TASK_INCREMENT_TICK 1204
1205 TASK_SWITCHED_OUT IDLE
1205 TASK_SWITCHED_IN CNT_INC
1205 TASK_PRIORITY_SET CNT_INC 1
1205 MOVED_TASK_TO_READY_STATE CNT_INC
1205 TASK_PRIORITY_SET CNT_INC 0
1205 MOVED_TASK_TO_READY_STATE CNT_INC
1205 TASK_SWITCHED_OUT CNT_INC
1205 TASK_SWITCHED_IN SUSP_RX
1205 QUEUE_RECEIVE_FAILED q1
1205 QUEUE_RECEIVE_FAILED q1
1205 TASK_INCREMENT_TICK 1205
1205 TASK_INCREMENT_TICK 1205
1206 TASK_SWITCHED_OUT SUSP_RX
1206 TASK_SWITCHED_IN IDLE
1206 TASK_SWITCHED_OUT IDLE
1206 TASK_SWITCHED_IN CNT_INC
1206 TASK_PRIORITY_SET CNT_INC 1
1206 MOVED_TASK_TO_READY_STATE CNT_INC
1206 TASK_PRIORITY_SET CNT_INC 0
1206 MOVED_TASK_TO_READY_STATE CNT_INC
1206 TASK_SWITCHED_OUT CNT_INC
1206 TASK_SWITCHED_IN SUSP_RX
1206 QUEUE_RECEIVE_FAILED q1
1206 QUEUE_RECEIVE_FAILED q1
1206 QUEUE_RECEIVE_FAILED q1
1206 TASK_INCREMENT_TICK 1206
1206 QUEUE_RECEIVE_FAILED q1
1206 TASK_INCREMENT_TICK 1206
1207 TASK_SWITCHED_OUT SUSP_RX
1207 TASK_SWITCHED_IN CNT_INC
1207 TASK_PRIORITY_SET CNT_INC 1
1207 MOVED_TASK_TO_READY_STATE CNT_INC
1207 TASK_PRIORITY_SET CNT_INC 0
1207 MOVED_TASK_TO_READY_STATE CNT_INC
1207 TASK_SWITCHED_OUT CNT_INC
1207 TASK_SWITCHED_IN IDLE
1207 TASK_INCREMENT_TICK 1207
1208 TASK_SWITCHED_OUT IDLE
1208 TASK_SWITCHED_IN CNT_INC
1208 TASK_PRIORITY_SET CNT_INC 1
1208 MOVED_TASK_TO_READY_STATE CNT_INC
1208 TASK_PRIORITY_SET CNT_INC 0
1208 MOVED_TASK_TO_READY_STATE CNT_INC
1208 TASK_SWITCHED_OUT CNT_INC
1208 TASK_SWITCHED_IN SUSP_RX
1208 QUEUE_RECEIVE_FAILED q1
1208 QUEUE_RECEIVE_FAILED q1
1208 TASK_INCREMENT_TICK 1208
1208 TASK_INCREMENT_TICK 1208
1209 TASK_SWITCHED_OUT SUSP_RX
1209 TASK_SWITCHED_IN IDLE
1209 TASK_SWITCHED_OUT IDLE
1209 TASK_SWITCHED_IN CNT_INC
1209 TASK_PRIORITY_SET CNT_INC 1
1209 MOVED_TASK_TO_READY_STATE CNT_INC
1209 TASK_PRIORITY_SET CNT_INC 0
1209 MOVED_TASK_TO_READY_STATE CNT_INC
1209 TASK_SWITCHED_OUT CNT_INC
1209 TASK_SWITCHED_IN SUSP_RX
1209 QUEUE_RECEIVE_FAILED q1
1209 QUEUE_RECEIVE_FAILED q1
1209 QUEUE_RECEIVE_FAILED q1
1209 TASK_INCREMENT_TICK 1209
1209 QUEUE_RECEIVE_FAILED q1
1209 TASK_INCREMENT_TICK 1209
1210 TASK_SWITCHED_OUT SUSP_RX
1210 TASK_SWITCHED_IN CNT_INC
1210 TASK_PRIORITY_SET CNT_INC 1
1210 MOVED_TASK_TO_READY_STATE CNT_INC
1210 TASK_PRIORITY_SET CNT_INC 0
1210 MOVED_TASK_TO_READY_STATE CNT_INC
1210 TASK_SWITCHED_OUT CNT_INC
1210 TASK_SWITCHED_IN IDLE
1210 TASK_INCREMENT_TICK 1210
1211 TASK_SWITCHED_OUT IDLE
1211 TASK_SWITCHED_IN CNT_INC
1211 TASK_PRIORITY_SET CNT_INC 1
1211 MOVED_TASK_TO_READY_STATE CNT_INC
1211 TASK_PRIORITY_SET CNT_INC 0
1211 MOVED_TASK_TO_READY_STATE CNT_INC
1211 TASK_SWITCHED_OUT CNT_INC
1211 TASK_SWITCHED_IN SUSP_RX
1211 QUEUE_RECEIVE_FAILED q1
1211 QUEUE_RECEIVE_FAILED q1
1211 TASK_INCREMENT_TICK 1211
1211 TASK_INCREMENT_TICK 1211
1212 TASK_SWITCHED_OUT SUSP_RX
1212 TASK_SWITCHED_IN IDLE
1212 TASK_SWITCHED_OUT IDLE
1212 TASK_SWITCHED_IN CNT_INC
1212 TASK_PRIORITY_SET CNT_INC 1
1212 MOVED_TASK_TO_READY_STATE CNT_INC
1212 TASK_PRIORITY_SET CNT_INC 0
1212 MOVED_TASK_TO_READY_STATE CNT_INC
1212 TASK_SWITCHED_OUT CNT_INC
1212 TASK_SWITCHED_IN SUSP_RX
1212 QUEUE_RECEIVE_FAILED q1
1212 QUEUE_RECEIVE_FAILED q1
1212 QUEUE_RECEIVE_FAILED q1
1212 TASK_INCREMENT_TICK 1212
1212 QUEUE_RECEIVE_FAILED q1
1212 TASK_INCREMENT_TICK 1212
1213 TASK_SWITCHED_OUT SUSP_RX
1213 TASK_SWITCHED_IN CNT_INC
1213 TASK_PRIORITY_SET CNT_INC 1
1213 MOVED_TASK_TO_READY_STATE CNT_INC
1213 TASK_PRIORITY_SET CNT_INC 0
1213 MOVED_TASK_TO_READY_STATE CNT_INC
1213 TASK_SWITCHED_OUT CNT_INC
1213 TASK_SWITCHED_IN IDLE
1213 TASK_INCREMENT_TICK 1213
1214 TASK_SWITCHED_OUT IDLE
1214 TASK_SWITCHED_IN CNT_INC
1214 TASK_PRIORITY_SET CNT_INC 1
1214 MOVED_TASK_TO_READY_STATE CNT_INC
1214 TASK_PRIORITY_SET CNT_INC 0
1214 MOVED_TASK_TO_READY_STATE CNT_INC
1214 TASK_SWITCHED_OUT CNT_INC
1214 TASK_SWITCHED_IN SUSP_RX
1214 QUEUE_RECEIVE_FAILED q1
1214 QUEUE_RECEIVE_FAILED q1
1214 TASK_INCREMENT_TICK 1214
1214 TASK_INCREMENT_TICK 1214
1215 TASK_SWITCHED_OUT SUSP_RX
1215 TASK_SWITCHED_IN IDLE
1215 TASK_SWITCHED_OUT IDLE
1215 TASK_SWITCHED_IN CNT_INC
1215 TASK_PRIORITY_SET CNT_INC 1
1215 MOVED_TASK_TO_READY_STATE CNT_INC
1215 TASK_PRIORITY_SET CNT_INC 0
1215 MOVED_TASK_TO_READY_STATE CNT_INC
1215 TASK_SWITCHED_OUT CNT_INC
1215 TASK_SWITCHED_IN SUSP_RX
1215 QUEUE_RECEIVE_FAILED q1
1215 QUEUE_RECEIVE_FAILED q1
1215 QUEUE_RECEIVE_FAILED q1
1215 TASK_INCREMENT_TICK 1215
1215 QUEUE_RECEIVE_FAILED q1
1215 TASK_INCREMENT_TICK 1215
1216 TASK_SWITCHED_OUT SUSP_RX
1216 TASK_SWITCHED_IN CNT_INC
1216 TASK_PRIORITY_SET CNT_INC 1
1216 MOVED_TASK_TO_READY_STATE CNT_INC
1216 TASK_PRIORITY_SET CNT_INC 0
1216 MOVED_TASK_TO_READY_STATE CNT_INC
1216 TASK_SWITCHED_OUT CNT_INC
1216 TASK_SWITCHED_IN IDLE
1216 TASK_INCREMENT_TICK 1216
1217 TASK_SWITCHED_OUT IDLE
1217 TASK_SWITCHED_IN CNT_INC
1217 TASK_PRIORITY_SET CNT_INC 1
1217 MOVED_TASK_TO_READY_STATE CNT_INC
1217 TASK_PRIORITY_SET CNT_INC 0
1217 MOVED_TASK_TO_READY_STATE CNT_INC
1217 TASK_SWITCHED_OUT CNT_INC
1217 TASK_SWITCHED_IN SUSP_RX
1217 QUEUE_RECEIVE_FAILED q1
1217 QUEUE_RECEIVE_FAILED q1
1217 TASK_INCREMENT_TICK 1217
1217 TASK_INCREMENT_TICK 1217
1218 TASK_SWITCHED_OUT SUSP_RX
1218 TASK_SWITCHED_IN IDLE
1218 TASK_SWITCHED_OUT IDLE
1218 TASK_SWITCHED_IN CNT_INC
1218 TASK_PRIORITY_SET CNT_INC 1
1218 MOVED_TASK_TO_READY_STATE CNT_INC
1218 TASK_PRIORITY_SET CNT_INC 0
1218 MOVED_TASK_TO_READY_STATE CNT_INC
1218 TASK_SWITCHED_OUT CNT_INC
1218 TASK_SWITCHED_IN SUSP_RX
1218 QUEUE_RECEIVE_FAILED q1
1218 QUEUE_RECEIVE_FAILED q1
1218 QUEUE_RECEIVE_FAILED q1
1218 TASK_INCREMENT_TICK 1218
1218 QUEUE_RECEIVE_FAILED q1
1218 TASK_INCREMENT_TICK 1218
1219 TASK_SWITCHED_OUT SUSP_RX
1219 TASK_SWITCHED_IN CNT_INC
1219 TASK_PRIORITY_SET CNT_INC 1
1219 MOVED_TASK_TO_READY_STATE CNT_INC
1219 TASK_PRIORITY_SET CNT_INC 0
1219 MOVED_TASK_TO_READY_STATE CNT_INC
1219 TASK_SWITCHED_OUT CNT_INC
1219 TASK_SWITCHED_IN IDLE
1219 TASK_INCREMENT_TICK 1219
1220 TASK_SWITCHED_OUT IDLE
1220 TASK_SWITCHED_IN CNT_INC
1220 TASK_PRIORITY_SET CNT_INC 1
1220 MOVED_TASK_TO_READY_STATE CNT_INC
1220 TASK_PRIORITY_SET CNT_INC 0
1220 MOVED_TASK_TO_READY_STATE CNT_INC
1220 TASK_SWITCHED_OUT CNT_INC
1220 TASK_SWITCHED_IN SUSP_RX
1220 QUEUE_RECEIVE_FAILED q1
1220 QUEUE_RECEIVE_FAILED q1
1220 TASK_INCREMENT_TICK 1220
1220 TASK_INCREMENT_TICK 1220
1221 TASK_SWITCHED_OUT SUSP_RX
1221 TASK_SWITCHED_IN IDLE
1221 TASK_SWITCHED_OUT IDLE
1221 TASK_SWITCHED_IN CNT_INC
1221 TASK_PRIORITY_SET CNT_INC 1
1221 MOVED_TASK_TO_READY_STATE CNT_INC
1221 TASK_PRIORITY_SET CNT_INC 0
1221 MOVED_TASK_TO_READY_STATE CNT_INC
1221 TASK_SWITCHED_OUT CNT_INC
1221 TASK_SWITCHED_IN SUSP_RX
1221 QUEUE_RECEIVE_FAILED q1
1221 QUEUE_RECEIVE_FAILED q1
1221 QUEUE_RECEIVE_FAILED q1
1221 TASK_INCREMENT_TICK 1221
1221 QUEUE_RECEIVE_FAILED q1
1221 TASK_INCREMENT_TICK 1221
1222 TASK_SWITCHED_OUT SUSP_RX
1222 TASK_SWITCHED_IN CNT_INC
1222 TASK_PRIORITY_SET CNT_INC 1
1222 MOVED_TASK_TO_READY_STATE CNT_INC
1222 TASK_PRIORITY_SET CNT_INC 0
1222 MOVED_TASK_TO_READY_STATE CNT_INC
1222 TASK_SWITCHED_OUT CNT_INC
1222 TASK_SWITCHED_IN IDLE
1222 TASK_INCREMENT_TICK 1222
1223 TASK_SWITCHED_OUT IDLE
1223 TASK_SWITCHED_IN CNT_INC
1223 TASK_PRIORITY_SET CNT_INC 1
1223 MOVED_TASK_TO_READY_STATE CNT_INC
1223 TASK_PRIORITY_SET CNT_INC 0
1223 MOVED_TASK_TO_READY_STATE CNT_INC
1223 TASK_SWITCHED_OUT CNT_INC
1223 TASK_SWITCHED_IN SUSP_RX
1223 QUEUE_RECEIVE_FAILED q1
1223 QUEUE_RECEIVE_FAILED q1
1223 TASK_INCREMENT_TICK 1223
1223 TASK_INCREMENT_TICK 1223
1224 TASK_SWITCHED_OUT SUSP_RX
1224 TASK_SWITCHED_IN IDLE
1224 TASK_SWITCHED_OUT IDLE
1224 TASK_SWITCHED_IN CNT_INC
1224 TASK_PRIORITY_SET CNT_INC 1
1224 MOVED_TASK_TO_READY_STATE CNT_INC
1224 TASK_PRIORITY_SET CNT_INC 0
1224 MOVED_TASK_TO_READY_STATE CNT_INC
1224 TASK_SWITCHED_OUT CNT_INC
1224 TASK_SWITCHED_IN SUSP_RX
1224 QUEUE_RECEIVE_FAILED q1
1224 QUEUE_RECEIVE_FAILED q1
1224 QUEUE_RECEIVE_FAILED q1
1224 TASK_INCREMENT_TICK 1224
1224 QUEUE_RECEIVE_FAILED q1
1224 TASK_INCREMENT_TICK 1224
1225 TASK_SWITCHED_OUT SUSP_RX
1225 TASK_SWITCHED_IN CNT_INC
1225 TASK_PRIORITY_SET CNT_INC 1
1225 MOVED_TASK_TO_READY_STATE CNT_INC
1225 TASK_PRIORITY_SET CNT_INC 0
1225 MOVED_TASK_TO_READY_STATE CNT_INC
1225 TASK_SWITCHED_OUT CNT_INC
1225 TASK_SWITCHED_IN IDLE
1225 TASK_INCREMENT_TICK 1225
1226 TASK_SWITCHED_OUT IDLE
1226 TASK_SWITCHED_IN CNT_INC
1226 TASK_PRIORITY_SET CNT_INC 1
1226 MOVED_TASK_TO_READY_STATE CNT_INC
1226 TASK_PRIORITY_SET CNT_INC 0
1226 MOVED_TASK_TO_READY_STATE CNT_INC
1226 TASK_SWITCHED_OUT CNT_INC
1226 TASK_SWITCHED_IN SUSP_RX
1226 QUEUE_RECEIVE_FAILED q1
1226 QUEUE_RECEIVE_FAILED q1
1226 TASK_INCREMENT_TICK 1226
1226 TASK_INCREMENT_TICK 1226
1227 TASK_SWITCHED_OUT SUSP_RX
1227 TASK_SWITCHED_IN IDLE
1227 TASK_SWITCHED_OUT IDLE
1227 TASK_SWITCHED_IN CNT_INC
1227 TASK_PRIORITY_SET CNT_INC 1
1227 MOVED_TASK_TO_READY_STATE CNT_INC
1227 TASK_PRIORITY_SET CNT_INC 0
1227 MOVED_TASK_TO_READY_STATE CNT_INC
1227 TASK_SWITCHED_OUT CNT_INC
1227 TASK_SWITCHED_IN SUSP_RX
1227 QUEUE_RECEIVE_FAILED q1
1227 QUEUE_RECEIVE_FAILED q1
1227 QUEUE_RECEIVE_FAILED q1
1227 TASK_INCREMENT_TICK 1227
1227 QUEUE_RECEIVE_FAILED q1
1227 TASK_INCREMENT_TICK 1227
1228 TASK_SWITCHED_OUT SUSP_RX
1228 TASK_SWITCHED_IN CNT_INC
1228 TASK_PRIORITY_SET CNT_INC 1
1228 MOVED_TASK_TO_READY_STATE CNT_INC
1228 TASK_PRIORITY_SET CNT_INC 0
1228 MOVED_TASK_TO_READY_STATE CNT_INC
1228 TASK_SWITCHED_OUT CNT_INC
1228 TASK_SWITCHED_IN IDLE
1228 TASK_INCREMENT_TICK 1228
1229 TASK_SWITCHED_OUT IDLE
1229 TASK_SWITCHED_IN CNT_INC
1229 TASK_PRIORITY_SET CNT_INC 1
1229 MOVED_TASK_TO_READY_STATE CNT_INC
1229 TASK_PRIORITY_SET CNT_INC 0
1229 MOVED_TASK_TO_READY_STATE CNT_INC
1229 TASK_SWITCHED_OUT CNT_INC
1229 TASK_SWITCHED_IN SUSP_RX
1229 QUEUE_RECEIVE_FAILED q1
1229 QUEUE_RECEIVE_FAILED q1
1229 TASK_INCREMENT_TICK 1229
1229 TASK_INCREMENT_TICK 1229
1230 TASK_SWITCHED_OUT SUSP_RX
1230 TASK_SWITCHED_IN IDLE
1230 TASK_SWITCHED_OUT IDLE
1230 TASK_SWITCHED_IN CNT_INC
1230 TASK_PRIORITY_SET CNT_INC 1
1230 MOVED_TASK_TO_READY_STATE CNT_INC
1230 TASK_PRIORITY_SET CNT_INC 0
1230 MOVED_TASK_TO_READY_STATE CNT_INC
1230 TASK_SWITCHED_OUT CNT_INC
1230 TASK_SWITCHED_IN SUSP_RX
1230 QUEUE_RECEIVE_FAILED q1
1230 QUEUE_RECEIVE_FAILED q1
1230 QUEUE_RECEIVE_FAILED q1
1230 TASK_INCREMENT_TICK 1230
1230 QUEUE_RECEIVE_FAILED q1
1230 TASK_INCREMENT_TICK 1230
1231 TASK_SWITCHED_OUT SUSP_RX
1231 TASK_SWITCHED_IN CNT_INC
1231 TASK_PRIORITY_SET CNT_INC 1
1231 MOVED_TASK_TO_READY_STATE CNT_INC
1231 TASK_PRIORITY_SET CNT_INC 0
1231 MOVED_TASK_TO_READY_STATE CNT_INC
1231 TASK_SWITCHED_OUT CNT_INC
1231 TASK_SWITCHED_IN IDLE
1231 TASK_INCREMENT_TICK 1231
1232 TASK_SWITCHED_OUT IDLE
1232 TASK_SWITCHED_IN CNT_INC
1232 TASK_PRIORITY_SET CNT_INC 1
1232 MOVED_TASK_TO_READY_STATE CNT_INC
1232 TASK_PRIORITY_SET CNT_INC 0
1232 MOVED_TASK_TO_READY_STATE CNT_INC
1232 TASK_SWITCHED_OUT CNT_INC
1232 TASK_SWITCHED_IN SUSP_RX
1232 QUEUE_RECEIVE_FAILED q1
1232 QUEUE_RECEIVE_FAILED q1
1232 TASK_INCREMENT_TICK 1232
1232 TASK_INCREMENT_TICK 1232
1233 TASK_SWITCHED_OUT SUSP_RX
1233 TASK_SWITCHED_IN IDLE
1233 TASK_SWITCHED_OUT IDLE
1233 TASK_SWITCHED_IN CNT_INC
1233 TASK_PRIORITY_SET CNT_INC 1
1233 MOVED_TASK_TO_READY_STATE CNT_INC
1233 TASK_PRIORITY_SET CNT_INC 0
1233 MOVED_TASK_TO_READY_STATE CNT_INC
1233 TASK_SWITCHED_OUT CNT_INC
1233 TASK_SWITCHED_IN SUSP_RX
1233 QUEUE_RECEIVE_FAILED q1
1233 QUEUE_RECEIVE_FAILED q1
1233 QUEUE_RECEIVE_FAILED q1
1233 TASK_INCREMENT_TICK 1233
1233 QUEUE_RECEIVE_FAILED q1
1233 TASK_INCREMENT_TICK 1233
1234 TASK_SWITCHED_OUT SUSP_RX
1234 TASK_SWITCHED_IN CNT_INC
1234 TASK_PRIORITY_SET CNT_INC 1
1234 MOVED_TASK_TO_READY_STATE CNT_INC
1234 TASK_PRIORITY_SET CNT_INC 0
1234 MOVED_TASK_TO_READY_STATE CNT_INC
1234 TASK_SWITCHED_OUT CNT_INC
1234 TASK_SWITCHED_IN IDLE
1234 TASK_INCREMENT_TICK 1234
1235 TASK_SWITCHED_OUT IDLE
1235 TASK_SWITCHED_IN CNT_INC
1235 TASK_PRIORITY_SET CNT_INC 1
1235 MOVED_TASK_TO_READY_STATE CNT_INC
1235 TASK_PRIORITY_SET CNT_INC 0
1235 MOVED_TASK_TO_READY_STATE CNT_INC
1235 TASK_SWITCHED_OUT CNT_INC
1235 TASK_SWITCHED_IN SUSP_RX
1235 QUEUE_RECEIVE_FAILED q1
1235 QUEUE_RECEIVE_FAILED q1
1235 TASK_INCREMENT_TICK 1235
1235 TASK_INCREMENT_TICK 1235
1236 TASK_SWITCHED_OUT SUSP_RX
1236 TASK_SWITCHED_IN IDLE
1236 TASK_SWITCHED_OUT IDLE
1236 TASK_SWITCHED_IN CNT_INC
1236 TASK_PRIORITY_SET CNT_INC 1
1236 MOVED_TASK_TO_READY_STATE CNT_INC
1236 TASK_PRIORITY_SET CNT_INC 0
1236 MOVED_TASK_TO_READY_STATE CNT_INC
1236 TASK_SWITCHED_OUT CNT_INC
1236 TASK_SWITCHED_IN SUSP_RX
1236 QUEUE_RECEIVE_FAILED q1
1236 QUEUE_RECEIVE_FAILED q1
1236 QUEUE_RECEIVE_FAILED q1
1236 TASK_INCREMENT_TICK 1236
1236 QUEUE_RECEIVE_FAILED q1
1236 TASK_INCREMENT_TICK 1236
1237 TASK_SWITCHED_OUT SUSP_RX
1237 TASK_SWITCHED_IN CNT_INC
1237 TASK_PRIORITY_SET CNT_INC 1
1237 MOVED_TASK_TO_READY_STATE CNT_INC
1237 TASK_PRIORITY_SET CNT_INC 0
1237 MOVED_TASK_TO_READY_STATE CNT_INC
1237 TASK_SWITCHED_OUT CNT_INC
1237 TASK_SWITCHED_IN IDLE
1237 TASK_INCREMENT_TICK 1237
1238 TASK_SWITCHED_OUT IDLE
1238 TASK_SWITCHED_IN CNT_INC
1238 TASK_PRIORITY_SET CNT_INC 1
1238 MOVED_TASK_TO_READY_STATE CNT_INC
1238 TASK_PRIORITY_SET CNT_INC 0
1238 MOVED_TASK_TO_READY_STATE CNT_INC
1238 TASK_SWITCHED_OUT CNT_INC
1238 TASK_SWITCHED_IN SUSP_RX
1238 QUEUE_RECEIVE_FAILED q1
1238 QUEUE_RECEIVE_FAILED q1
1238 TASK_INCREMENT_TICK 1238
1238 TASK_INCREMENT_TICK 1238
1239 TASK_SWITCHED_OUT SUSP_RX
1239 TASK_SWITCHED_IN IDLE
1239 TASK_SWITCHED_OUT IDLE
1239 TASK_SWITCHED_IN CNT_INC
1239 TASK_PRIORITY_SET CNT_INC 1
1239 MOVED_TASK_TO_READY_STATE CNT_INC
1239 TASK_PRIORITY_SET CNT_INC 0
1239 MOVED_TASK_TO_READY_STATE CNT_INC
1239 TASK_SWITCHED_OUT CNT_INC
1239 TASK_SWITCHED_IN SUSP_RX
1239 QUEUE_RECEIVE_FAILED q1
1239 QUEUE_RECEIVE_FAILED q1
1239 QUEUE_RECEIVE_FAILED q1
1239 TASK_INCREMENT_TICK 1239
1239 QUEUE_RECEIVE_FAILED q1
1239 TASK_INCREMENT_TICK 1239
1240 TASK_SWITCHED_OUT SUSP_RX
1240 TASK_SWITCHED_IN CNT_INC
1240 TASK_PRIORITY_SET CNT_INC 1
1240 MOVED_TASK_TO_READY_STATE CNT_INC
1240 TASK_PRIORITY_SET CNT_INC 0
1240 MOVED_TASK_TO_READY_STATE CNT_INC
1240 TASK_SWITCHED_OUT CNT_INC
1240 TASK_SWITCHED_IN IDLE
1240 TASK_INCREMENT_TICK 1240
1241 TASK_SWITCHED_OUT IDLE
1241 TASK_SWITCHED_IN CNT_INC
1241 TASK_PRIORITY_SET CNT_INC 1
1241 MOVED_TASK_TO_READY_STATE CNT_INC
1241 TASK_PRIORITY_SET CNT_INC 0
1241 MOVED_TASK_TO_READY_STATE CNT_INC
1241 TASK_SWITCHED_OUT CNT_INC
1241 TASK_SWITCHED_IN SUSP_RX
1241 QUEUE_RECEIVE_FAILED q1
1241 QUEUE_RECEIVE_FAILED q1
1241 TASK_INCREMENT_TICK 1241
1241 TASK_INCREMENT_TICK 1241
1242 TASK_SWITCHED_OUT SUSP_RX
1242 TASK_SWITCHED_IN IDLE
1242 TASK_SWITCHED_OUT IDLE
1242 TASK_SWITCHED_IN CNT_INC
1242 TASK_PRIORITY_SET CNT_INC 1
1242 MOVED_TASK_TO_READY_STATE CNT_INC
1242 TASK_PRIORITY_SET CNT_INC 0
1242 MOVED_TASK_TO_READY_STATE CNT_INC
1242 TASK_SWITCHED_OUT CNT_INC
1242 TASK_SWITCHED_IN SUSP_RX
1242 QUEUE_RECEIVE_FAILED q1
1242 QUEUE_RECEIVE_FAILED q1
1242 QUEUE_RECEIVE_FAILED q1
1242 TASK_INCREMENT_TICK 1242
1242 QUEUE_RECEIVE_FAILED q1
1242 TASK_INCREMENT_TICK 1242
1243 TASK_SWITCHED_OUT SUSP_RX
1243 TASK_SWITCHED_IN CNT_INC
1243 TASK_PRIORITY_SET CNT_INC 1
1243 MOVED_TASK_TO_READY_STATE CNT_INC
1243 TASK_PRIORITY_SET CNT_INC 0
1243 MOVED_TASK_TO_READY_STATE CNT_INC
1243 TASK_SWITCHED_OUT CNT_INC
1243 TASK_SWITCHED_IN IDLE
1243 TASK_INCREMENT_TICK 1243
1244 TASK_SWITCHED_OUT IDLE
1244 TASK_SWITCHED_IN CNT_INC
1244 TASK_PRIORITY_SET CNT_INC 1
1244 MOVED_TASK_TO_READY_STATE CNT_INC
1244 TASK_PRIORITY_SET CNT_INC 0
1244 MOVED_TASK_TO_READY_STATE CNT_INC
1244 TASK_SWITCHED_OUT CNT_INC
1244 TASK_SWITCHED_IN SUSP_RX
1244 QUEUE_RECEIVE_FAILED q1
1244 QUEUE_RECEIVE_FAILED q1
1244 TASK_INCREMENT_TICK 1244
1244 TASK_INCREMENT_TICK 1244
1245 TASK_SWITCHED_OUT SUSP_RX
1245 TASK_SWITCHED_IN IDLE
1245 TASK_SWITCHED_OUT IDLE
1245 TASK_SWITCHED_IN CNT_INC
1245 TASK_PRIORITY_SET CNT_INC 1
1245 MOVED_TASK_TO_READY_STATE CNT_INC
1245 TASK_PRIORITY_SET CNT_INC 0
1245 MOVED_TASK_TO_READY_STATE CNT_INC
1245 TASK_SWITCHED_OUT CNT_INC
1245 TASK_SWITCHED_IN SUSP_RX
1245 QUEUE_RECEIVE_FAILED q1
1245 QUEUE_RECEIVE_FAILED q1
1245 QUEUE_RECEIVE_FAILED q1
1245 TASK_INCREMENT_TICK 1245
1245 QUEUE_RECEIVE_FAILED q1
1245 TASK_INCREMENT_TICK 1245
1246 TASK_SWITCHED_OUT SUSP_RX
1246 TASK_SWITCHED_IN CNT_INC
1246 TASK_PRIORITY_SET CNT_INC 1
1246 MOVED_TASK_TO_READY_STATE CNT_INC
1246 TASK_PRIORITY_SET CNT_INC 0
1246 MOVED_TASK_TO_READY_STATE CNT_INC
1246 TASK_SWITCHED_OUT CNT_INC
1246 TASK_SWITCHED_IN IDLE
1246 TASK_INCREMENT_TICK 1246
1247 TASK_SWITCHED_OUT IDLE
1247 TASK_SWITCHED_IN CNT_INC
1247 TASK_PRIORITY_SET CNT_INC 1
1247 MOVED_TASK_TO_READY_STATE CNT_INC
1247 TASK_PRIORITY_SET CNT_INC 0
1247 MOVED_TASK_TO_READY_STATE CNT_INC
1247 TASK_SWITCHED_OUT CNT_INC
1247 TASK_SWITCHED_IN SUSP_RX
1247 QUEUE_RECEIVE_FAILED q1
1247 QUEUE_RECEIVE_FAILED q1
1247 TASK_INCREMENT_TICK 1247
1247 TASK_INCREMENT_TICK 1247
1248 TASK_SWITCHED_OUT SUSP_RX
1248 TASK_SWITCHED_IN IDLE
1248 TASK_SWITCHED_OUT IDLE
1248 TASK_SWITCHED_IN CNT_INC
1248 TASK_PRIORITY_SET CNT_INC 1
1248 MOVED_TASK_TO_READY_STATE CNT_INC
1248 TASK_PRIORITY_SET CNT_INC 0
1248 MOVED_TASK_TO_READY_STATE CNT_INC
1248 TASK_SWITCHED_OUT CNT_INC
1248 TASK_SWITCHED_IN SUSP_RX
1248 QUEUE_RECEIVE_FAILED q1
1248 QUEUE_RECEIVE_FAILED q1
1248 QUEUE_RECEIVE_FAILED q1
1248 TASK_INCREMENT_TICK 1248
1248 QUEUE_RECEIVE_FAILED q1
1248 TASK_INCREMENT_TICK 1248
1249 TASK_SWITCHED_OUT SUSP_RX
1249 TASK_SWITCHED_IN CNT_INC
1249 TASK_PRIORITY_SET CNT_INC 1
1249 MOVED_TASK_TO_READY_STATE CNT_INC
1249 TASK_PRIORITY_SET CNT_INC 0
1249 MOVED_TASK_TO_READY_STATE CNT_INC
1249 TASK_SWITCHED_OUT CNT_INC
1249 TASK_SWITCHED_IN IDLE
1249 TASK_INCREMENT_TICK 1249
1250 TASK_SWITCHED_OUT IDLE
1250 TASK_SWITCHED_IN CNT_INC
1250 TASK_PRIORITY_SET CNT_INC 1
1250 MOVED_TASK_TO_READY_STATE CNT_INC
1250 TASK_PRIORITY_SET CNT_INC 0
1250 MOVED_TASK_TO_READY_STATE CNT_INC
1250 TASK_SWITCHED_OUT CNT_INC
1250 TASK_SWITCHED_IN SUSP_RX
1250 QUEUE_RECEIVE_FAILED q1
1250 QUEUE_RECEIVE_FAILED q1
1250 TASK_INCREMENT_TICK 1250
1250 TASK_INCREMENT_TICK 1250
1251 TASK_SWITCHED_OUT SUSP_RX
1251 TASK_SWITCHED_IN IDLE
1251 TASK_SWITCHED_OUT IDLE
1251 TASK_SWITCHED_IN CNT_INC
1251 TASK_PRIORITY_SET CNT_INC 1
1251 MOVED_TASK_TO_READY_STATE CNT_INC
1251 TASK_PRIORITY_SET CNT_INC 0
1251 MOVED_TASK_TO_READY_STATE CNT_INC
1251 TASK_SWITCHED_OUT CNT_INC
1251 TASK_SWITCHED_IN SUSP_RX
1251 QUEUE_RECEIVE_FAILED q1
1251 QUEUE_RECEIVE_FAILED q1
1251 QUEUE_RECEIVE_FAILED q1
1251 TASK_INCREMENT_TICK 1251
1251 QUEUE_RECEIVE_FAILED q1
1251 TASK_INCREMENT_TICK 1251
1252 TASK_SWITCHED_OUT SUSP_RX
1252 TASK_SWITCHED_IN CNT_INC
1252 TASK_PRIORITY_SET CNT_INC 1
1252 MOVED_TASK_TO_READY_STATE CNT_INC
1252 TASK_PRIORITY_SET CNT_INC 0
1252 MOVED_TASK_TO_READY_STATE CNT_INC
1252 TASK_SWITCHED_OUT CNT_INC
1252 TASK_SWITCHED_IN IDLE
1252 TASK_INCREMENT_TICK 1252
1253 TASK_SWITCHED_OUT IDLE
1253 TASK_SWITCHED_IN CNT_INC
1253 TASK_PRIORITY_SET CNT_INC 1
1253 MOVED_TASK_TO_READY_STATE CNT_INC
1253 TASK_PRIORITY_SET CNT_INC 0
1253 MOVED_TASK_TO_READY_STATE CNT_INC
1253 TASK_SWITCHED_OUT CNT_INC
1253 TASK_SWITCHED_IN SUSP_RX
1253 QUEUE_RECEIVE_FAILED q1
1253 QUEUE_RECEIVE_FAILED q1
1253 TASK_INCREMENT_TICK 1253
1253 TASK_INCREMENT_TICK 1253
1254 TASK_SWITCHED_OUT SUSP_RX
1254 TASK_SWITCHED_IN IDLE
1254 TASK_SWITCHED_OUT IDLE
1254 TASK_SWITCHED_IN CNT_INC
1254 TASK_PRIORITY_SET CNT_INC 1
1254 MOVED_TASK_TO_READY_STATE CNT_INC
1254 TASK_PRIORITY_SET CNT_INC 0
1254 MOVED_TASK_TO_READY_STATE CNT_INC
1254 TASK_SWITCHED_OUT CNT_INC
1254 TASK_SWITCHED_IN SUSP_RX
1254 QUEUE_RECEIVE_FAILED q1
1254 QUEUE_RECEIVE_FAILED q1
1254 QUEUE_RECEIVE_FAILED q1
1254 TASK_INCREMENT_TICK 1254
1254 QUEUE_RECEIVE_FAILED q1
1254 TASK_INCREMENT_TICK 1254
1255 TASK_SWITCHED_OUT SUSP_RX
1255 TASK_SWITCHED_IN CNT_INC
1255 TASK_PRIORITY_SET CNT_INC 1
1255 MOVED_TASK_TO_READY_STATE CNT_INC
1255 TASK_PRIORITY_SET CNT_INC 0
1255 MOVED_TASK_TO_READY_STATE CNT_INC
1255 TASK_SWITCHED_OUT CNT_INC
1255 TASK_SWITCHED_IN IDLE
1255 TASK_INCREMENT_TICK 1255
1256 TASK_SWITCHED_OUT IDLE
1256 TASK_SWITCHED_IN CNT_INC
1256 TASK_PRIORITY_SET CNT_INC 1
1256 MOVED_TASK_TO_READY_STATE CNT_INC
1256 TASK_PRIORITY_SET CNT_INC 0
1256 MOVED_TASK_TO_READY_STATE CNT_INC
1256 TASK_SWITCHED_OUT CNT_INC
1256 TASK_SWITCHED_IN SUSP_RX
1256 QUEUE_RECEIVE_FAILED q1
1256 QUEUE_RECEIVE_FAILED q1
1256 TASK_INCREMENT_TICK 1256
1256 TASK_INCREMENT_TICK 1256
1257 TASK_SWITCHED_OUT SUSP_RX
1257 TASK_SWITCHED_IN IDLE
1257 TASK_SWITCHED_OUT IDLE
1257 TASK_SWITCHED_IN CNT_INC
1257 TASK_PRIORITY_SET CNT_INC 1
1257 MOVED_TASK_TO_READY_STATE CNT_INC
1257 TASK_PRIORITY_SET CNT_INC 0
1257 MOVED_TASK_TO_READY_STATE CNT_INC
1257 TASK_SWITCHED_OUT CNT_INC
1257 TASK_SWITCHED_IN SUSP_RX
1257 QUEUE_RECEIVE_FAILED q1
1257 QUEUE_RECEIVE_FAILED q1
1257 QUEUE_RECEIVE_FAILED q1
1257 TASK_INCREMENT_TICK 1257
1257 QUEUE_RECEIVE_FAILED q1
1257 TASK_INCREMENT_TICK 1257
1258 TASK_SWITCHED_OUT SUSP_RX
1258 TASK_SWITCHED_IN CNT_INC
1258 TASK_PRIORITY_SET CNT_INC 1
1258 MOVED_TASK_TO_READY_STATE CNT_INC
1258 TASK_PRIORITY_SET CNT_INC 0
1258 MOVED_TASK_TO_READY_STATE CNT_INC
1258 TASK_SWITCHED_OUT CNT_INC
1258 TASK_SWITCHED_IN IDLE
1258 TASK_INCREMENT_TICK 1258
1259 TASK_SWITCHED_OUT IDLE
1259 TASK_SWITCHED_IN CNT_INC
1259 TASK_PRIORITY_SET CNT_INC 1
1259 MOVED_TASK_TO_READY_STATE CNT_INC
1259 TASK_PRIORITY_SET CNT_INC 0
1259 MOVED_TASK_TO_READY_STATE CNT_INC
1259 TASK_SWITCHED_OUT CNT_INC
1259 TASK_SWITCHED_IN SUSP_RX
1259 QUEUE_RECEIVE_FAILED q1
1259 QUEUE_RECEIVE_FAILED q1
1259 TASK_INCREMENT_TICK 1259
1259 TASK_INCREMENT_TICK 1259
1260 TASK_SWITCHED_OUT SUSP_RX
1260 TASK_SWITCHED_IN IDLE
1260 TASK_SWITCHED_OUT IDLE
1260 TASK_SWITCHED_IN CNT_INC
1260 TASK_PRIORITY_SET CNT_INC 1
1260 MOVED_TASK_TO_READY_STATE CNT_INC
1260 TASK_PRIORITY_SET CNT_INC 0
1260 MOVED_TASK_TO_READY_STATE CNT_INC
1260 TASK_SWITCHED_OUT CNT_INC
1260 TASK_SWITCHED_IN SUSP_RX
1260 QUEUE_RECEIVE_FAILED q1
1260 QUEUE_RECEIVE_FAILED q1
1260 QUEUE_RECEIVE_FAILED q1
1260 TASK_INCREMENT_TICK 1260
1260 QUEUE_RECEIVE_FAILED q1
1260 TASK_INCREMENT_TICK 1260
1261 TASK_SWITCHED_OUT SUSP_RX
1261 TASK_SWITCHED_IN CNT_INC
1261 TASK_PRIORITY_SET CNT_INC 1
1261 MOVED_TASK_TO_READY_STATE CNT_INC
1261 TASK_PRIORITY_SET CNT_INC 0
1261 MOVED_TASK_TO_READY_STATE CNT_INC
1261 TASK_SWITCHED_OUT CNT_INC
1261 TASK_SWITCHED_IN IDLE
1261 TASK_INCREMENT_TICK 1261
1262 TASK_SWITCHED_OUT IDLE
1262 TASK_SWITCHED_IN CNT_INC
1262 TASK_PRIORITY_SET CNT_INC 1
1262 MOVED_TASK_TO_READY_STATE CNT_INC
1262 TASK_PRIORITY_SET CNT_INC 0
1262 MOVED_TASK_TO_READY_STATE CNT_INC
1262 TASK_SWITCHED_OUT CNT_INC
1262 TASK_SWITCHED_IN SUSP_RX
1262 QUEUE_RECEIVE_FAILED q1
1262 QUEUE_RECEIVE_FAILED q1
1262 TASK_INCREMENT_TICK 1262
1262 TASK_INCREMENT_TICK 1262
1263 TASK_SWITCHED_OUT SUSP_RX
1263 TASK_SWITCHED_IN IDLE
1263 TASK_SWITCHED_OUT IDLE
1263 TASK_SWITCHED_IN CNT_INC
1263 TASK_PRIORITY_SET CNT_INC 1
1263 MOVED_TASK_TO_READY_STATE CNT_INC
1263 TASK_PRIORITY_SET CNT_INC 0
1263 MOVED_TASK_TO_READY_STATE CNT_INC
1263 TASK_SWITCHED_OUT CNT_INC
1263 TASK_SWITCHED_IN SUSP_RX
1263 QUEUE_RECEIVE_FAILED q1
1263 QUEUE_RECEIVE_FAILED q1
1263 QUEUE_RECEIVE_FAILED q1
1263 TASK_INCREMENT_TICK 1263
1263 QUEUE_RECEIVE_FAILED q1
1263 TASK_INCREMENT_TICK 1263
1264 TASK_SWITCHED_OUT SUSP_RX
1264 TASK_SWITCHED_IN CNT_INC
1264 TASK_PRIORITY_SET CNT_INC 1
1264 MOVED_TASK_TO_READY_STATE CNT_INC
1264 TASK_PRIORITY_SET CNT_INC 0
1264 MOVED_TASK_TO_READY_STATE CNT_INC
1264 TASK_SWITCHED_OUT CNT_INC
1264 TASK_SWITCHED_IN IDLE
1264 TASK_INCREMENT_TICK 1264
1265 TASK_SWITCHED_OUT IDLE
1265 TASK_SWITCHED_IN CNT_INC
1265 TASK_PRIORITY_SET CNT_INC 1
1265 MOVED_TASK_TO_READY_STATE CNT_INC
1265 TASK_PRIORITY_SET CNT_INC 0
1265 MOVED_TASK_TO_READY_STATE CNT_INC
1265 TASK_SWITCHED_OUT CNT_INC
1265 TASK_SWITCHED_IN SUSP_RX
1265 QUEUE_RECEIVE_FAILED q1
1265 QUEUE_RECEIVE_FAILED q1
1265 TASK_INCREMENT_TICK 1265
1265 TASK_INCREMENT_TICK 1265
1266 TASK_SWITCHED_OUT SUSP_RX
1266 TASK_SWITCHED_IN IDLE
1266 TASK_SWITCHED_OUT IDLE
1266 TASK_SWITCHED_IN CNT_INC
1266 TASK_PRIORITY_SET CNT_INC 1
1266 MOVED_TASK_TO_READY_STATE CNT_INC
1266 TASK_PRIORITY_SET CNT_INC 0
1266 MOVED_TASK_TO_READY_STATE CNT_INC
1266 TASK_SWITCHED_OUT CNT_INC
1266 TASK_SWITCHED_IN SUSP_RX
1266 QUEUE_RECEIVE_FAILED q1
1266 QUEUE_RECEIVE_FAILED q1
1266 QUEUE_RECEIVE_FAILED q1
1266 TASK_INCREMENT_TICK 1266
1266 QUEUE_RECEIVE_FAILED q1
1266 TASK_INCREMENT_TICK 1266
1267 TASK_SWITCHED_OUT SUSP_RX
1267 TASK_SWITCHED_IN CNT_INC
1267 TASK_PRIORITY_SET CNT_INC 1
1267 MOVED_TASK_TO_READY_STATE CNT_INC
1267 TASK_PRIORITY_SET CNT_INC 0
1267 MOVED_TASK_TO_READY_STATE CNT_INC
1267 TASK_SWITCHED_OUT CNT_INC
1267 TASK_SWITCHED_IN IDLE
1267 TASK_INCREMENT_TICK 1267
1268 TASK_SWITCHED_OUT IDLE
1268 TASK_SWITCHED_IN CNT_INC
1268 TASK_PRIORITY_SET CNT_INC 1
1268 MOVED_TASK_TO_READY_STATE CNT_INC
1268 TASK_PRIORITY_SET CNT_INC 0
1268 MOVED_TASK_TO_READY_STATE CNT_INC
1268 TASK_SWITCHED_OUT CNT_INC
1268 TASK_SWITCHED_IN SUSP_RX
1268 QUEUE_RECEIVE_FAILED q1
1268 QUEUE_RECEIVE_FAILED q1
1268 TASK_INCREMENT_TICK 1268
1268 TASK_INCREMENT_TICK 1268
1269 TASK_SWITCHED_OUT SUSP_RX
1269 TASK_SWITCHED_IN IDLE
1269 TASK_SWITCHED_OUT IDLE
1269 TASK_SWITCHED_IN CNT_INC
1269 TASK_PRIORITY_SET CNT_INC 1
1269 MOVED_TASK_TO_READY_STATE CNT_INC
1269 TASK_PRIORITY_SET CNT_INC 0
1269 MOVED_TASK_TO_READY_STATE CNT_INC
1269 TASK_SWITCHED_OUT CNT_INC
1269 TASK_SWITCHED_IN SUSP_RX
1269 QUEUE_RECEIVE_FAILED q1
1269 QUEUE_RECEIVE_FAILED q1
1269 QUEUE_RECEIVE_FAILED q1
1269 TASK_INCREMENT_TICK 1269
1269 QUEUE_RECEIVE_FAILED q1
1269 TASK_INCREMENT_TICK 1269
1270 TASK_SWITCHED_OUT SUSP_RX
1270 TASK_SWITCHED_IN CNT_INC
1270 TASK_PRIORITY_SET CNT_INC 1
1270 MOVED_TASK_TO_READY_STATE CNT_INC
1270 TASK_PRIORITY_SET CNT_INC 0
1270 MOVED_TASK_TO_READY_STATE CNT_INC
1270 TASK_SWITCHED_OUT CNT_INC
1270 TASK_SWITCHED_IN IDLE
1270 TASK_INCREMENT_TICK 1270
1271 TASK_SWITCHED_OUT IDLE
1271 TASK_SWITCHED_IN CNT_INC
1271 TASK_PRIORITY_SET CNT_INC 1
1271 MOVED_TASK_TO_READY_STATE CNT_INC
1271 TASK_PRIORITY_SET CNT_INC 0
1271 MOVED_TASK_TO_READY_STATE CNT_INC
1271 TASK_SWITCHED_OUT CNT_INC
1271 TASK_SWITCHED_IN SUSP_RX
1271 QUEUE_RECEIVE_FAILED q1
1271 QUEUE_RECEIVE_FAILED q1
1271 TASK_INCREMENT_TICK 1271
1271 TASK_INCREMENT_TICK 1271
1272 TASK_SWITCHED_OUT SUSP_RX
1272 TASK_SWITCHED_IN IDLE
1272 TASK_SWITCHED_OUT IDLE
1272 TASK_SWITCHED_IN CNT_INC
1272 TASK_PRIORITY_SET CNT_INC 1
1272 MOVED_TASK_TO_READY_STATE CNT_INC
1272 TASK_PRIORITY_SET CNT_INC 0
1272 MOVED_TASK_TO_READY_STATE CNT_INC
1272 TASK_SWITCHED_OUT CNT_INC
1272 TASK_SWITCHED_IN SUSP_RX
1272 QUEUE_RECEIVE_FAILED q1
1272 QUEUE_RECEIVE_FAILED q1
1272 QUEUE_RECEIVE_FAILED q1
1272 TASK_INCREMENT_TICK 1272
1272 QUEUE_RECEIVE_FAILED q1
1272 TASK_INCREMENT_TICK 1272
1273 TASK_SWITCHED_OUT SUSP_RX
1273 TASK_SWITCHED_IN CNT_INC
1273 TASK_PRIORITY_SET CNT_INC 1
1273 MOVED_TASK_TO_READY_STATE CNT_INC
1273 TASK_PRIORITY_SET CNT_INC 0
1273 MOVED_TASK_TO_READY_STATE CNT_INC
1273 TASK_SWITCHED_OUT CNT_INC
1273 TASK_SWITCHED_IN IDLE
1273 TASK_INCREMENT_TICK 1273
1274 TASK_SWITCHED_OUT IDLE
1274 TASK_SWITCHED_IN CNT_INC
1274 TASK_PRIORITY_SET CNT_INC 1
1274 MOVED_TASK_TO_READY_STATE CNT_INC
1274 TASK_PRIORITY_SET CNT_INC 0
1274 MOVED_TASK_TO_READY_STATE CNT_INC
1274 TASK_SWITCHED_OUT CNT_INC
1274 TASK_SWITCHED_IN SUSP_RX
1274 QUEUE_RECEIVE_FAILED q1
1274 QUEUE_RECEIVE_FAILED q1
1274 TASK_INCREMENT_TICK 1274
1274 TASK_INCREMENT_TICK 1274
1275 TASK_SWITCHED_OUT SUSP_RX
1275 TASK_SWITCHED_IN IDLE
1275 TASK_SWITCHED_OUT IDLE
1275 TASK_SWITCHED_IN CNT_INC
1275 TASK_PRIORITY_SET CNT_INC 1
1275 MOVED_TASK_TO_READY_STATE CNT_INC
1275 TASK_PRIORITY_SET CNT_INC 0
1275 MOVED_TASK_TO_READY_STATE CNT_INC
1275 TASK_SWITCHED_OUT CNT_INC
1275 TASK_SWITCHED_IN SUSP_RX
1275 QUEUE_RECEIVE_FAILED q1
1275 QUEUE_RECEIVE_FAILED q1
1275 QUEUE_RECEIVE_FAILED q1
1275 TASK_INCREMENT_TICK 1275
1275 QUEUE_RECEIVE_FAILED q1
1275 TASK_INCREMENT_TICK 1275
1276 TASK_SWITCHED_OUT SUSP_RX
1276 TASK_SWITCHED_IN CNT_INC
1276 TASK_PRIORITY_SET CNT_INC 1
1276 MOVED_TASK_TO_READY_STATE CNT_INC
1276 TASK_PRIORITY_SET CNT_INC 0
1276 MOVED_TASK_TO_READY_STATE CNT_INC
1276 TASK_SWITCHED_OUT CNT_INC
1276 TASK_SWITCHED_IN IDLE
1276 TASK_INCREMENT_TICK 1276
1277 TASK_SWITCHED_OUT IDLE
1277 TASK_SWITCHED_IN CNT_INC
1277 TASK_PRIORITY_SET CNT_INC 1
1277 MOVED_TASK_TO_READY_STATE CNT_INC
1277 TASK_PRIORITY_SET CNT_INC 0
1277 MOVED_TASK_TO_READY_STATE CNT_INC
1277 TASK_SWITCHED_OUT CNT_INC
1277 TASK_SWITCHED_IN SUSP_RX
1277 QUEUE_RECEIVE_FAILED q1
1277 QUEUE_RECEIVE_FAILED q1
1277 TASK_INCREMENT_TICK 1277
1277 TASK_INCREMENT_TICK 1277
1278 TASK_SWITCHED_OUT SUSP_RX
1278 TASK_SWITCHED_IN IDLE
1278 TASK_SWITCHED_OUT IDLE
1278 TASK_SWITCHED_IN CNT_INC
1278 TASK_PRIORITY_SET CNT_INC 1
1278 MOVED_TASK_TO_READY_STATE CNT_INC
1278 TASK_PRIORITY_SET CNT_INC 0
1278 MOVED_TASK_TO_READY_STATE CNT_INC
1278 TASK_SWITCHED_OUT CNT_INC
1278 TASK_SWITCHED_IN SUSP_RX
1278 QUEUE_RECEIVE_FAILED q1
1278 QUEUE_RECEIVE_FAILED q1
1278 QUEUE_RECEIVE_FAILED q1
1278 TASK_INCREMENT_TICK 1278
1278 QUEUE_RECEIVE_FAILED q1
1278 TASK_INCREMENT_TICK 1278
1279 TASK_SWITCHED_OUT SUSP_RX
1279 TASK_SWITCHED_IN CNT_INC
1279 TASK_PRIORITY_SET CNT_INC 1
1279 MOVED_TASK_TO_READY_STATE CNT_INC
1279 TASK_PRIORITY_SET CNT_INC 0
1279 MOVED_TASK_TO_READY_STATE CNT_INC
1279 TASK_SWITCHED_OUT CNT_INC
1279 TASK_SWITCHED_IN IDLE
1279 TASK_INCREMENT_TICK 1279
1280 TASK_SWITCHED_OUT IDLE
1280 TASK_SWITCHED_IN CNT_INC
1280 TASK_PRIORITY_SET CNT_INC 1
1280 MOVED_TASK_TO_READY_STATE CNT_INC
1280 TASK_PRIORITY_SET CNT_INC 0
1280 MOVED_TASK_TO_READY_STATE CNT_INC
1280 TASK_SWITCHED_OUT CNT_INC
1280 TASK_SWITCHED_IN SUSP_RX
1280 QUEUE_RECEIVE_FAILED q1
1280 QUEUE_RECEIVE_FAILED q1
1280 TASK_INCREMENT_TICK 1280
1280 TASK_INCREMENT_TICK 1280
1281 TASK_SWITCHED_OUT SUSP_RX
1281 TASK_SWITCHED_IN IDLE
1281 TASK_SWITCHED_OUT IDLE
1281 TASK_SWITCHED_IN CNT_INC
1281 TASK_PRIORITY_SET CNT_INC 1
1281 MOVED_TASK_TO_READY_STATE CNT_INC
1281 TASK_PRIORITY_SET CNT_INC 0
1281 MOVED_TASK_TO_READY_STATE CNT_INC
1281 TASK_SWITCHED_OUT CNT_INC
1281 TASK_SWITCHED_IN SUSP_RX
1281 QUEUE_RECEIVE_FAILED q1
1281 QUEUE_RECEIVE_FAILED q1
1281 QUEUE_RECEIVE_FAILED q1
1281 TASK_INCREMENT_TICK 1281
1281 QUEUE_RECEIVE_FAILED q1
1281 TASK_INCREMENT_TICK 1281
1282 TASK_SWITCHED_OUT SUSP_RX
1282 TASK_SWITCHED_IN CNT_INC
1282 TASK_PRIORITY_SET CNT_INC 1
1282 MOVED_TASK_TO_READY_STATE CNT_INC
1282 TASK_PRIORITY_SET CNT_INC 0
1282 MOVED_TASK_TO_READY_STATE CNT_INC
1282 TASK_SWITCHED_OUT CNT_INC
1282 TASK_SWITCHED_IN IDLE
1282 TASK_INCREMENT_TICK 1282
1283 TASK_SWITCHED_OUT IDLE
1283 TASK_SWITCHED_IN CNT_INC
1283 TASK_PRIORITY_SET CNT_INC 1
1283 MOVED_TASK_TO_READY_STATE CNT_INC
1283 TASK_PRIORITY_SET CNT_INC 0
1283 MOVED_TASK_TO_READY_STATE CNT_INC
1283 TASK_SWITCHED_OUT CNT_INC
1283 TASK_SWITCHED_IN SUSP_RX
1283 QUEUE_RECEIVE_FAILED q1
1283 QUEUE_RECEIVE_FAILED q1
1283 TASK_INCREMENT_TICK 1283
1283 TASK_INCREMENT_TICK 1283
1284 TASK_SWITCHED_OUT SUSP_RX
1284 TASK_SWITCHED_IN IDLE
1284 TASK_SWITCHED_OUT IDLE
1284 TASK_SWITCHED_IN CNT_INC
1284 TASK_PRIORITY_SET CNT_INC 1
1284 MOVED_TASK_TO_READY_STATE CNT_INC
1284 TASK_PRIORITY_SET CNT_INC 0
1284 MOVED_TASK_TO_READY_STATE CNT_INC
1284 TASK_SWITCHED_OUT CNT_INC
1284 TASK_SWITCHED_IN SUSP_RX
1284 QUEUE_RECEIVE_FAILED q1
1284 QUEUE_RECEIVE_FAILED q1
1284 QUEUE_RECEIVE_FAILED q1
1284 TASK_INCREMENT_TICK 1284
1284 QUEUE_RECEIVE_FAILED q1
1284 TASK_INCREMENT_TICK 1284
1285 TASK_SWITCHED_OUT SUSP_RX
1285 TASK_SWITCHED_IN CNT_INC
1285 TASK_PRIORITY_SET CNT_INC 1
1285 MOVED_TASK_TO_READY_STATE CNT_INC
1285 TASK_PRIORITY_SET CNT_INC 0
1285 MOVED_TASK_TO_READY_STATE CNT_INC
1285 TASK_SWITCHED_OUT CNT_INC
1285 TASK_SWITCHED_IN IDLE
1285 TASK_INCREMENT_TICK 1285
1286 TASK_SWITCHED_OUT IDLE
1286 TASK_SWITCHED_IN CNT_INC
1286 TASK_PRIORITY_SET CNT_INC 1
1286 MOVED_TASK_TO_READY_STATE CNT_INC
1286 TASK_PRIORITY_SET CNT_INC 0
1286 MOVED_TASK_TO_READY_STATE CNT_INC
1286 TASK_SWITCHED_OUT CNT_INC
1286 TASK_SWITCHED_IN SUSP_RX
1286 QUEUE_RECEIVE_FAILED q1
1286 QUEUE_RECEIVE_FAILED q1
1286 TASK_INCREMENT_TICK 1286
1286 TASK_INCREMENT_TICK 1286
1287 TASK_SWITCHED_OUT SUSP_RX
1287 TASK_SWITCHED_IN IDLE
1287 TASK_SWITCHED_OUT IDLE
1287 TASK_SWITCHED_IN CNT_INC
1287 TASK_PRIORITY_SET CNT_INC 1
1287 MOVED_TASK_TO_READY_STATE CNT_INC
1287 TASK_PRIORITY_SET CNT_INC 0
1287 MOVED_TASK_TO_READY_STATE CNT_INC
1287 TASK_SWITCHED_OUT CNT_INC
1287 TASK_SWITCHED_IN SUSP_RX
1287 QUEUE_RECEIVE_FAILED q1
1287 QUEUE_RECEIVE_FAILED q1
1287 QUEUE_RECEIVE_FAILED q1
1287 TASK_INCREMENT_TICK 1287
1287 QUEUE_RECEIVE_FAILED q1
1287 TASK_INCREMENT_TICK 1287
1288 TASK_SWITCHED_OUT SUSP_RX
1288 TASK_SWITCHED_IN CNT_INC
1288 TASK_PRIORITY_SET CNT_INC 1
1288 MOVED_TASK_TO_READY_STATE CNT_INC
1288 TASK_PRIORITY_SET CNT_INC 0
1288 MOVED_TASK_TO_READY_STATE CNT_INC
1288 TASK_SWITCHED_OUT CNT_INC
1288 TASK_SWITCHED_IN IDLE
1288 TASK_INCREMENT_TICK 1288
1289 MOVED_TASK_TO_READY_STATE C_CTRL
1289 TASK_SWITCHED_OUT IDLE
1289 TASK_SWITCHED_IN CNT_INC
1289 TASK_PRIORITY_SET CNT_INC 1
1289 MOVED_TASK_TO_READY_STATE CNT_INC
1289 TASK_PRIORITY_SET CNT_INC 0
1289 MOVED_TASK_TO_READY_STATE CNT_INC
1289 TASK_SWITCHED_OUT CNT_INC
1289 TASK_SWITCHED_IN SUSP_RX
1289 QUEUE_RECEIVE_FAILED q1
1289 QUEUE_RECEIVE_FAILED q1
1289 TASK_INCREMENT_TICK 1289
1289 TASK_INCREMENT_TICK 1289
1290 TASK_SWITCHED_OUT SUSP_RX
1290 TASK_SWITCHED_IN C_CTRL
1290 TASK_SUSPEND CNT_INC
1290 TASK_RESUME LIM_INC
1290 MOVED_TASK_TO_READY_STATE LIM_INC
1290 TASK_SWITCHED_OUT C_CTRL
1290 TASK_SWITCHED_IN LIM_INC
1290 TASK_SUSPEND LIM_INC
1290 TASK_SWITCHED_OUT LIM_INC
1290 TASK_SWITCHED_IN IDLE
1290 TASK_SWITCHED_OUT IDLE
1290 TASK_SWITCHED_IN SUSP_RX
1290 QUEUE_RECEIVE_FAILED q1
1290 QUEUE_RECEIVE_FAILED q1
1290 TASK_INCREMENT_TICK 1290
1291 TASK_SWITCHED_OUT SUSP_RX
1291 TASK_SWITCHED_IN C_CTRL
1291 TASK_RESUME CNT_INC
1291 MOVED_TASK_TO_READY_STATE CNT_INC
1291 TASK_SUSPEND CNT_INC
1291 TASK_RESUME CNT_INC
1291 MOVED_TASK_TO_READY_STATE CNT_INC
1291 TASK_DELAY C_CTRL 128
1291 MOVED_TASK_TO_DELAYED_LIST C_CTRL
1291 TASK_SWITCHED_OUT C_CTRL
1291 TASK_SWITCHED_IN IDLE
1291 TASK_INCREMENT_TICK 1291
1292 MOVED_TASK_TO_READY_STATE SUSP_TX
1292 TASK_SWITCHED_OUT IDLE
1292 TASK_SWITCHED_IN SUSP_RX
1292 QUEUE_RECEIVE_FAILED q1
1292 QUEUE_RECEIVE_FAILED q1
1292 TASK_INCREMENT_TICK 1292
1292 TASK_INCREMENT_TICK 1292
1293 TASK_SWITCHED_OUT SUSP_RX
1293 TASK_SWITCHED_IN CNT_INC
1293 TASK_PRIORITY_SET CNT_INC 1
1293 MOVED_TASK_TO_READY_STATE CNT_INC
1293 TASK_PRIORITY_SET CNT_INC 0
1293 MOVED_TASK_TO_READY_STATE CNT_INC
1293 TASK_SWITCHED_OUT CNT_INC
1293 TASK_SWITCHED_IN SUSP_TX
1293 QUEUE_SEND q1
1293 TASK_DELAY SUSP_TX 128
1293 MOVED_TASK_TO_DELAYED_LIST SUSP_TX
1293 TASK_SWITCHED_OUT SUSP_TX
1293 TASK_SWITCHED_IN IDLE
1293 TASK_SWITCHED_OUT IDLE
1293 TASK_SWITCHED_IN CNT_INC
1293 TASK_PRIORITY_SET CNT_INC 1
1293 MOVED_TASK_TO_READY_STATE CNT_INC
1293 TASK_PRIORITY_SET CNT_INC 0
1293 MOVED_TASK_TO_READY_STATE CNT_INC
1293 TASK_SWITCHED_OUT CNT_INC
1293 TASK_SWITCHED_IN SUSP_RX
1293 QUEUE_RECEIVE q1
1293 TASK_INCREMENT_TICK 1293
1293 TASK_INCREMENT_TICK 1293
1294 TASK_SWITCHED_OUT SUSP_RX
1294 TASK_SWITCHED_IN IDLE
1294 TASK_INCREMENT_TICK 1294
1295 TASK_SWITCHED_OUT IDLE
1295 TASK_SWITCHED_IN CNT_INC
1295 TASK_PRIORITY_SET CNT_INC 1
1295 MOVED_TASK_TO_READY_STATE CNT_INC
1295 TASK_PRIORITY_SET CNT_INC 0
1295 MOVED_TASK_TO_READY_STATE CNT_INC
1295 TASK_SWITCHED_OUT CNT_INC
1295 TASK_SWITCHED_IN SUSP_RX
1295 QUEUE_RECEIVE_FAILED q1
1295 QUEUE_RECEIVE_FAILED q1
1295 QUEUE_RECEIVE_FAILED q1
1295 TASK_INCREMENT_TICK 1295
1295 QUEUE_RECEIVE_FAILED q1
1295 TASK_INCREMENT_TICK 1295
1296 TASK_SWITCHED_OUT SUSP_RX
1296 TASK_SWITCHED_IN CNT_INC
1296 TASK_PRIORITY_SET CNT_INC 1
1296 MOVED_TASK_TO_READY_STATE CNT_INC
1296 TASK_PRIORITY_SET CNT_INC 0
1296 MOVED_TASK_TO_READY_STATE CNT_INC
1296 TASK_SWITCHED_OUT CNT_INC
1296 TASK_SWITCHED_IN IDLE
1296 TASK_SWITCHED_OUT IDLE
1296 TASK_SWITCHED_IN CNT_INC
1296 TASK_PRIORITY_SET CNT_INC 1
1296 MOVED_TASK_TO_READY_STATE CNT_INC
1296 TASK_PRIORITY_SET CNT_INC 0
1296 MOVED_TASK_TO_READY_STATE CNT_INC
1296 TASK_SWITCHED_OUT CNT_INC
1296 TASK_SWITCHED_IN SUSP_RX
1296 QUEUE_RECEIVE_FAILED q1
1296 QUEUE_RECEIVE_FAILED q1
1296 TASK_INCREMENT_TICK 1296
1296 TASK_INCREMENT_TICK 1296
1297 TASK_SWITCHED_OUT SUSP_RX
1297 TASK_SWITCHED_IN IDLE
1297 TASK_INCREMENT_TICK 1297
1298 TASK_SWITCHED_OUT IDLE
1298 TASK_SWITCHED_IN CNT_INC
1298 TASK_PRIORITY_SET CNT_INC 1
1298 MOVED_TASK_TO_READY_STATE CNT_INC
1298 TASK_PRIORITY_SET CNT_INC 0
1298 MOVED_TASK_TO_READY_STATE CNT_INC
1298 TASK_SWITCHED_OUT CNT_INC
1298 TASK_SWITCHED_IN SUSP_RX
1298 QUEUE_RECEIVE_FAILED q1
1298 QUEUE_RECEIVE_FAILED q1
1298 QUEUE_RECEIVE_FAILED q1
1298 TASK_INCREMENT_TICK 1298
1298 QUEUE_RECEIVE_FAILED q1
1298 TASK_INCREMENT_TICK 1298
1299 TASK_SWITCHED_OUT SUSP_RX
1299 TASK_SWITCHED_IN CNT_INC
1299 TASK_PRIORITY_SET CNT_INC 1
1299 MOVED_TASK_TO_READY_STATE CNT_INC
1299 TASK_PRIORITY_SET CNT_INC 0
1299 MOVED_TASK_TO_READY_STATE CNT_INC
1299 TASK_SWITCHED_OUT CNT_INC
1299 TASK_SWITCHED_IN IDLE
1299 TASK_SWITCHED_OUT IDLE
1299 TASK_SWITCHED_IN CNT_INC
1299 TASK_PRIORITY_SET CNT_INC 1
1299 MOVED_TASK_TO_READY_STATE CNT_INC
1299 TASK_PRIORITY_SET CNT_INC 0
1299 MOVED_TASK_TO_READY_STATE CNT_INC
1299 TASK_SWITCHED_OUT CNT_INC
1299 TASK_SWITCHED_IN SUSP_RX
1299 QUEUE_RECEIVE_FAILED q1
1299 QUEUE_RECEIVE_FAILED q1
1299 TASK_INCREMENT_TICK 1299
1299 TASK_INCREMENT_TICK 1299
1300 MOVED_TASK_TO_READY_STATE CHECK
1300 TASK_SWITCHED_OUT SUSP_RX
1300 TASK_SWITCHED_IN CHECK
1300 TASK_DELAY CHECK 100
1300 MOVED_TASK_TO_DELAYED_LIST CHECK
1300 TASK_SWITCHED_OUT CHECK
1300 TASK_SWITCHED_IN IDLE
1300 TASK_INCREMENT_TICK 1300
1301 TASK_SWITCHED_OUT IDLE
1301 TASK_SWITCHED_IN CNT_INC
1301 TASK_PRIORITY_SET CNT_INC 1
1301 MOVED_TASK_TO_READY_STATE CNT_INC
1301 TASK_PRIORITY_SET CNT_INC 0
1301 MOVED_TASK_TO_READY_STATE CNT_INC
1301 TASK_SWITCHED_OUT CNT_INC
1301 TASK_SWITCHED_IN SUSP_RX
1301 QUEUE_RECEIVE_FAILED q1
1301 QUEUE_RECEIVE_FAILED q1
1301 QUEUE_RECEIVE_FAILED q1
1301 TASK_INCREMENT_TICK 1301
1301 TASK_INCREMENT_TICK 1301
1302 TASK_SWITCHED_OUT SUSP_RX
1302 TASK_SWITCHED_IN CNT_INC
1302 TASK_PRIORITY_SET CNT_INC 1
1302 MOVED_TASK_TO_READY_STATE CNT_INC
1302 TASK_PRIORITY_SET CNT_INC 0
1302 MOVED_TASK_TO_READY_STATE CNT_INC
1302 TASK_SWITCHED_OUT CNT_INC
1302 TASK_SWITCHED_IN IDLE
1302 TASK_SWITCHED_OUT IDLE
1302 TASK_SWITCHED_IN CNT_INC
1302 TASK_PRIORITY_SET CNT_INC 1
1302 MOVED_TASK_TO_READY_STATE CNT_INC
1302 TASK_PRIORITY_SET CNT_INC 0
1302 MOVED_TASK_TO_READY_STATE CNT_INC
1302 TASK_SWITCHED_OUT CNT_INC
1302 TASK_SWITCHED_IN SUSP_RX
1302 QUEUE_RECEIVE_FAILED q1
1302 QUEUE_RECEIVE_FAILED q1
1302 TASK_INCREMENT_TICK 1302
1303 TASK_SWITCHED_OUT SUSP_RX
1303 TASK_SWITCHED_IN IDLE
1303 TASK_INCREMENT_TICK 1303
1304 TASK_SWITCHED_OUT IDLE
1304 TASK_SWITCHED_IN CNT_INC
1304 TASK_PRIORITY_SET CNT_INC 1
1304 MOVED_TASK_TO_READY_STATE CNT_INC
1304 TASK_PRIORITY_SET CNT_INC 0
1304 MOVED_TASK_TO_READY_STATE CNT_INC
1304 TASK_SWITCHED_OUT CNT_INC
1304 TASK_SWITCHED_IN SUSP_RX
1304 QUEUE_RECEIVE_FAILED q1
1304 QUEUE_RECEIVE_FAILED q1
1304 QUEUE_RECEIVE_FAILED q1
1304 QUEUE_RECEIVE_FAILED q1
1304 TASK_INCREMENT_TICK 1304
1304 TASK_INCREMENT_TICK 1304
1305 TASK_SWITCHED_OUT SUSP_RX
1305 TASK_SWITCHED_IN CNT_INC
1305 TASK_PRIORITY_SET CNT_INC 1
1305 MOVED_TASK_TO_READY_STATE CNT_INC
1305 TASK_PRIORITY_SET CNT_INC 0
1305 MOVED_TASK_TO_READY_STATE CNT_INC
1305 TASK_SWITCHED_OUT CNT_INC
1305 TASK_SWITCHED_IN IDLE
1305 TASK_SWITCHED_OUT IDLE
1305 TASK_SWITCHED_IN CNT_INC
1305 TASK_PRIORITY_SET CNT_INC 1
1305 MOVED_TASK_TO_READY_STATE CNT_INC
1305 TASK_PRIORITY_SET CNT_INC 0
1305 MOVED_TASK_TO_READY_STATE CNT_INC
1305 TASK_SWITCHED_OUT CNT_INC
1305 TASK_SWITCHED_IN SUSP_RX
1305 QUEUE_RECEIVE_FAILED q1
1305 QUEUE_RECEIVE_FAILED q1
1305 TASK_INCREMENT_TICK 1305
1306 TASK_SWITCHED_OUT SUSP_RX
1306 TASK_SWITCHED_IN IDLE
1306 TASK_INCREMENT_TICK 1306
1307 TASK_SWITCHED_OUT IDLE
1307 TASK_SWITCHED_IN CNT_INC
1307 TASK_PRIORITY_SET CNT_INC 1
1307 MOVED_TASK_TO_READY_STATE CNT_INC
1307 TASK_PRIORITY_SET CNT_INC 0
1307 MOVED_TASK_TO_READY_STATE CNT_INC
1307 TASK_SWITCHED_OUT CNT_INC
1307 TASK_SWITCHED_IN SUSP_RX
1307 QUEUE_RECEIVE_FAILED q1
1307 QUEUE_RECEIVE_FAILED q1
1307 QUEUE_RECEIVE_FAILED q1
1307 QUEUE_RECEIVE_FAILED q1
1307 TASK_INCREMENT_TICK 1307
1307 TASK_INCREMENT_TICK 1307
1308 TASK_SWITCHED_OUT SUSP_RX
1308 TASK_SWITCHED_IN CNT_INC
1308 TASK_PRIORITY_SET CNT_INC 1
1308 MOVED_TASK_TO_READY_STATE CNT_INC
1308 TASK_PRIORITY_SET CNT_INC 0
1308 MOVED_TASK_TO_READY_STATE CNT_INC
1308 TASK_SWITCHED_OUT CNT_INC
1308 TASK_SWITCHED_IN IDLE
1308 TASK_SWITCHED_OUT IDLE
1308 TASK_SWITCHED_IN CNT_INC
1308 TASK_PRIORITY_SET CNT_INC 1
1308 MOVED_TASK_TO_READY_STATE CNT_INC
1308 TASK_PRIORITY_SET CNT_INC 0
1308 MOVED_TASK_TO_READY_STATE CNT_INC
1308 TASK_SWITCHED_OUT CNT_INC
1308 TASK_SWITCHED_IN SUSP_RX
1308 QUEUE_RECEIVE_FAILED q1
1308 QUEUE_RECEIVE_FAILED q1
1308 TASK_INCREMENT_TICK 1308
1309 TASK_SWITCHED_OUT SUSP_RX
1309 TASK_SWITCHED_IN IDLE
1309 TASK_INCREMENT_TICK 1309
1310 TASK_SWITCHED_OUT IDLE
1310 TASK_SWITCHED_IN CNT_INC
1310 TASK_PRIORITY_SET CNT_INC 1
1310 MOVED_TASK_TO_READY_STATE CNT_INC
1310 TASK_PRIORITY_SET CNT_INC 0
1310 MOVED_TASK_TO_READY_STATE CNT_INC
1310 TASK_SWITCHED_OUT CNT_INC
1310 TASK_SWITCHED_IN SUSP_RX
1310 QUEUE_RECEIVE_FAILED q1
1310 QUEUE_RECEIVE_FAILED q1
1310 QUEUE_RECEIVE_FAILED q1
1310 QUEUE_RECEIVE_FAILED q1
1310 TASK_INCREMENT_TICK 1310
1310 TASK_INCREMENT_TICK 1310
1311 TASK_SWITCHED_OUT SUSP_RX
1311 TASK_SWITCHED_IN CNT_INC
1311 TASK_PRIORITY_SET CNT_INC 1
1311 MOVED_TASK_TO_READY_STATE CNT_INC
1311 TASK_PRIORITY_SET CNT_INC 0
1311 MOVED_TASK_TO_READY_STATE CNT_INC
1311 TASK_SWITCHED_OUT CNT_INC
1311 TASK_SWITCHED_IN IDLE
1311 TASK_SWITCHED_OUT IDLE
1311 TASK_SWITCHED_IN CNT_INC
1311 TASK_PRIORITY_SET CNT_INC 1
1311 MOVED_TASK_TO_READY_STATE CNT_INC
1311 TASK_PRIORITY_SET CNT_INC 0
1311 MOVED_TASK_TO_READY_STATE CNT_INC
1311 TASK_SWITCHED_OUT CNT_INC
1311 TASK_SWITCHED_IN SUSP_RX
1311 QUEUE_RECEIVE_FAILED q1
1311 QUEUE_RECEIVE_FAILED q1
1311 TASK_INCREMENT_TICK 1311
1312 TASK_SWITCHED_OUT SUSP_RX
1312 TASK_SWITCHED_IN IDLE
1312 TASK_INCREMENT_TICK 1312
1313 TASK_SWITCHED_OUT IDLE
1313 TASK_SWITCHED_IN CNT_INC
1313 TASK_PRIORITY_SET CNT_INC 1
1313 MOVED_TASK_TO_READY_STATE CNT_INC
1313 TASK_PRIORITY_SET CNT_INC 0
1313 MOVED_TASK_TO_READY_STATE CNT_INC
1313 TASK_SWITCHED_OUT CNT_INC
1313 TASK_SWITCHED_IN SUSP_RX
1313 QUEUE_RECEIVE_FAILED q1
1313 QUEUE_RECEIVE_FAILED q1
1313 QUEUE_RECEIVE_FAILED q1
1313 QUEUE_RECEIVE_FAILED q1
1313 TASK_INCREMENT_TICK 1313
1313 TASK_INCREMENT_TICK 1313
1314 TASK_SWITCHED_OUT SUSP_RX
1314 TASK_SWITCHED_IN CNT_INC
1314 TASK_PRIORITY_SET CNT_INC 1
1314 MOVED_TASK_TO_READY_STATE CNT_INC
1314 TASK_PRIORITY_SET CNT_INC 0
1314 MOVED_TASK_TO_READY_STATE CNT_INC
1314 TASK_SWITCHED_OUT CNT_INC
1314 TASK_SWITCHED_IN IDLE
1314 TASK_SWITCHED_OUT IDLE
1314 TASK_SWITCHED_IN CNT_INC
1314 TASK_PRIORITY_SET CNT_INC 1
1314 MOVED_TASK_TO_READY_STATE CNT_INC
1314 TASK_PRIORITY_SET CNT_INC 0
1314 MOVED_TASK_TO_READY_STATE CNT_INC
1314 TASK_SWITCHED_OUT CNT_INC
1314 TASK_SWITCHED_IN SUSP_RX
1314 QUEUE_RECEIVE_FAILED q1
1314 QUEUE_RECEIVE_FAILED q1
1314 TASK_INCREMENT_TICK 1314
1315 TASK_SWITCHED_OUT SUSP_RX
1315 TASK_SWITCHED_IN IDLE
1315 TASK_INCREMENT_TICK 1315
1316 TASK_SWITCHED_OUT IDLE
1316 TASK_SWITCHED_IN CNT_INC
1316 TASK_PRIORITY_SET CNT_INC 1
1316 MOVED_TASK_TO_READY_STATE CNT_INC
1316 TASK_PRIORITY_SET CNT_INC 0
1316 MOVED_TASK_TO_READY_STATE CNT_INC
1316 TASK_SWITCHED_OUT CNT_INC
1316 TASK_SWITCHED_IN SUSP_RX
1316 QUEUE_RECEIVE_FAILED q1
1316 QUEUE_RECEIVE_FAILED q1
1316 QUEUE_RECEIVE_FAILED q1
1316 QUEUE_RECEIVE_FAILED q1
1316 TASK_INCREMENT_TICK 1316
1316 TASK_INCREMENT_TICK 1316
1317 TASK_SWITCHED_OUT SUSP_RX
1317 TASK_SWITCHED_IN CNT_INC
1317 TASK_PRIORITY_SET CNT_INC 1
1317 MOVED_TASK_TO_READY_STATE CNT_INC
1317 TASK_PRIORITY_SET CNT_INC 0
1317 MOVED_TASK_TO_READY_STATE CNT_INC
1317 TASK_SWITCHED_OUT CNT_INC
1317 TASK_SWITCHED_IN IDLE
1317 TASK_SWITCHED_OUT IDLE
1317 TASK_SWITCHED_IN CNT_INC
1317 TASK_PRIORITY_SET CNT_INC 1
1317 MOVED_TASK_TO_READY_STATE CNT_INC
1317 TASK_PRIORITY_SET CNT_INC 0
1317 MOVED_TASK_TO_READY_STATE CNT_INC
1317 TASK_SWITCHED_OUT CNT_INC
1317 TASK_SWITCHED_IN SUSP_RX
1317 QUEUE_RECEIVE_FAILED q1
1317 QUEUE_RECEIVE_FAILED q1
1317 TASK_INCREMENT_TICK 1317
1318 TASK_SWITCHED_OUT SUSP_RX
1318 TASK_SWITCHED_IN IDLE
1318 TASK_INCREMENT_TICK 1318
1319 TASK_SWITCHED_OUT IDLE
1319 TASK_SWITCHED_IN CNT_INC
1319 TASK_PRIORITY_SET CNT_INC 1
1319 MOVED_TASK_TO_READY_STATE CNT_INC
1319 TASK_PRIORITY_SET CNT_INC 0
1319 MOVED_TASK_TO_READY_STATE CNT_INC
1319 TASK_SWITCHED_OUT CNT_INC
1319 TASK_SWITCHED_IN SUSP_RX
1319 QUEUE_RECEIVE_FAILED q1
1319 QUEUE_RECEIVE_FAILED q1
1319 QUEUE_RECEIVE_FAILED q1
1319 QUEUE_RECEIVE_FAILED q1
1319 TASK_INCREMENT_TICK 1319
1319 TASK_INCREMENT_TICK 1319
1320 TASK_SWITCHED_OUT SUSP_RX
1320 TASK_SWITCHED_IN CNT_INC
1320 TASK_PRIORITY_SET CNT_INC 1
1320 MOVED_TASK_TO_READY_STATE CNT_INC
1320 TASK_PRIORITY_SET CNT_INC 0
1320 MOVED_TASK_TO_READY_STATE CNT_INC
1320 TASK_SWITCHED_OUT CNT_INC
1320 TASK_SWITCHED_IN IDLE
1320 TASK_SWITCHED_OUT IDLE
1320 TASK_SWITCHED_IN CNT_INC
1320 TASK_PRIORITY_SET CNT_INC 1
1320 MOVED_TASK_TO_READY_STATE CNT_INC
1320 TASK_PRIORITY_SET CNT_INC 0
1320 MOVED_TASK_TO_READY_STATE CNT_INC
1320 TASK_SWITCHED_OUT CNT_INC
1320 TASK_SWITCHED_IN SUSP_RX
1320 QUEUE_RECEIVE_FAILED q1
1320 QUEUE_RECEIVE_FAILED q1
1320 TASK_INCREMENT_TICK 1320
1321 TASK_SWITCHED_OUT SUSP_RX
1321 TASK_SWITCHED_IN IDLE
1321 TASK_INCREMENT_TICK 1321
1322 TASK_SWITCHED_OUT IDLE
1322 TASK_SWITCHED_IN CNT_INC
1322 TASK_PRIORITY_SET CNT_INC 1
1322 MOVED_TASK_TO_READY_STATE CNT_INC
1322 TASK_PRIORITY_SET CNT_INC 0
1322 MOVED_TASK_TO_READY_STATE CNT_INC
1322 TASK_SWITCHED_OUT CNT_INC
1322 TASK_SWITCHED_IN SUSP_RX
1322 QUEUE_RECEIVE_FAILED q1
1322 QUEUE_RECEIVE_FAILED q1
1322 QUEUE_RECEIVE_FAILED q1
1322 QUEUE_RECEIVE_FAILED q1
1322 TASK_INCREMENT_TICK 1322
1322 TASK_INCREMENT_TICK 1322
1323 TASK_SWITCHED_OUT SUSP_RX
1323 TASK_SWITCHED_IN CNT_INC
1323 TASK_PRIORITY_SET CNT_INC 1
1323 MOVED_TASK_TO_READY_STATE CNT_INC
1323 TASK_PRIORITY_SET CNT_INC 0
1323 MOVED_TASK_TO_READY_STATE CNT_INC
1323 TASK_SWITCHED_OUT CNT_INC
1323 TASK_SWITCHED_IN IDLE
1323 TASK_SWITCHED_OUT IDLE
1323 TASK_SWITCHED_IN CNT_INC
1323 TASK_PRIORITY_SET CNT_INC 1
1323 MOVED_TASK_TO_READY_STATE CNT_INC
1323 TASK_PRIORITY_SET CNT_INC 0
1323 MOVED_TASK_TO_READY_STATE CNT_INC
1323 TASK_SWITCHED_OUT CNT_INC
1323 TASK_SWITCHED_IN SUSP_RX
1323 QUEUE_RECEIVE_FAILED q1
1323 QUEUE_RECEIVE_FAILED q1
1323 TASK_INCREMENT_TICK 1323
1324 TASK_SWITCHED_OUT SUSP_RX
1324 TASK_SWITCHED_IN IDLE
1324 TASK_INCREMENT_TICK 1324
1325 TASK_SWITCHED_OUT IDLE
1325 TASK_SWITCHED_IN CNT_INC
1325 TASK_PRIORITY_SET CNT_INC 1
1325 MOVED_TASK_TO_READY_STATE CNT_INC
1325 TASK_PRIORITY_SET CNT_INC 0
1325 MOVED_TASK_TO_READY_STATE CNT_INC
1325 TASK_SWITCHED_OUT CNT_INC
1325 TASK_SWITCHED_IN SUSP_RX
1325 QUEUE_RECEIVE_FAILED q1
1325 QUEUE_RECEIVE_FAILED q1
1325 QUEUE_RECEIVE_FAILED q1
1325 QUEUE_RECEIVE_FAILED q1
1325 TASK_INCREMENT_TICK 1325
1325 TASK_INCREMENT_TICK 1325
1326 TASK_SWITCHED_OUT SUSP_RX
1326 TASK_SWITCHED_IN CNT_INC
1326 TASK_PRIORITY_SET CNT_INC 1
1326 MOVED_TASK_TO_READY_STATE CNT_INC
1326 TASK_PRIORITY_SET CNT_INC 0
1326 MOVED_TASK_TO_READY_STATE CNT_INC
1326 TASK_SWITCHED_OUT CNT_INC
1326 TASK_SWITCHED_IN IDLE
1326 TASK_SWITCHED_OUT IDLE
1326 TASK_SWITCHED_IN CNT_INC
1326 TASK_PRIORITY_SET CNT_INC 1
1326 MOVED_TASK_TO_READY_STATE CNT_INC
1326 TASK_PRIORITY_SET CNT_INC 0
1326 MOVED_TASK_TO_READY_STATE CNT_INC
1326 TASK_SWITCHED_OUT CNT_INC
1326 TASK_SWITCHED_IN SUSP_RX
1326 QUEUE_RECEIVE_FAILED q1
1326 QUEUE_RECEIVE_FAILED q1
1326 TASK_INCREMENT_TICK 1326
1327 TASK_SWITCHED_OUT SUSP_RX
1327 TASK_SWITCHED_IN IDLE
1327 TASK_INCREMENT_TICK 1327
1328 TASK_SWITCHED_OUT IDLE
1328 TASK_SWITCHED_IN CNT_INC
1328 TASK_PRIORITY_SET CNT_INC 1
1328 MOVED_TASK_TO_READY_STATE CNT_INC
1328 TASK_PRIORITY_SET CNT_INC 0
1328 MOVED_TASK_TO_READY_STATE CNT_INC
1328 TASK_SWITCHED_OUT CNT_INC
1328 TASK_SWITCHED_IN SUSP_RX
1328 QUEUE_RECEIVE_FAILED q1
1328 QUEUE_RECEIVE_FAILED q1
1328 QUEUE_RECEIVE_FAILED q1
1328 QUEUE_RECEIVE_FAILED q1
1328 TASK_INCREMENT_TICK 1328
1328 TASK_INCREMENT_TICK 1328
1329 TASK_SWITCHED_OUT SUSP_RX
1329 TASK_SWITCHED_IN CNT_INC
1329 TASK_PRIORITY_SET CNT_INC 1
1329 MOVED_TASK_TO_READY_STATE CNT_INC
1329 TASK_PRIORITY_SET CNT_INC 0
1329 MOVED_TASK_TO_READY_STATE CNT_INC
1329 TASK_SWITCHED_OUT CNT_INC
1329 TASK_SWITCHED_IN IDLE
1329 TASK_SWITCHED_OUT IDLE
1329 TASK_SWITCHED_IN CNT_INC
1329 TASK_PRIORITY_SET CNT_INC 1
1329 MOVED_TASK_TO_READY_STATE CNT_INC
1329 TASK_PRIORITY_SET CNT_INC 0
1329 MOVED_TASK_TO_READY_STATE CNT_INC
1329 TASK_SWITCHED_OUT CNT_INC
1329 TASK_SWITCHED_IN SUSP_RX
1329 QUEUE_RECEIVE_FAILED q1
1329 QUEUE_RECEIVE_FAILED q1
1329 TASK_INCREMENT_TICK 1329
1330 TASK_SWITCHED_OUT SUSP_RX
1330 TASK_SWITCHED_IN IDLE
1330 TASK_INCREMENT_TICK 1330
1331 TASK_SWITCHED_OUT IDLE
1331 TASK_SWITCHED_IN CNT_INC
1331 TASK_PRIORITY_SET CNT_INC 1
1331 MOVED_TASK_TO_READY_STATE CNT_INC
1331 TASK_PRIORITY_SET CNT_INC 0
1331 MOVED_TASK_TO_READY_STATE CNT_INC
1331 TASK_SWITCHED_OUT CNT_INC
1331 TASK_SWITCHED_IN SUSP_RX
1331 QUEUE_RECEIVE_FAILED q1
1331 QUEUE_RECEIVE_FAILED q1
1331 QUEUE_RECEIVE_FAILED q1
1331 QUEUE_RECEIVE_FAILED q1
1331 TASK_INCREMENT_TICK 1331
1331 TASK_INCREMENT_TICK 1331
1332 TASK_SWITCHED_OUT SUSP_RX
1332 TASK_SWITCHED_IN CNT_INC
1332 TASK_PRIORITY_SET CNT_INC 1
1332 MOVED_TASK_TO_READY_STATE CNT_INC
1332 TASK_PRIORITY_SET CNT_INC 0
1332 MOVED_TASK_TO_READY_STATE CNT_INC
1332 TASK_SWITCHED_OUT CNT_INC
1332 TASK_SWITCHED_IN IDLE
1332 TASK_SWITCHED_OUT IDLE
1332 TASK_SWITCHED_IN CNT_INC
1332 TASK_PRIORITY_SET CNT_INC 1
1332 MOVED_TASK_TO_READY_STATE CNT_INC
1332 TASK_PRIORITY_SET CNT_INC 0
1332 MOVED_TASK_TO_READY_STATE CNT_INC
1332 TASK_SWITCHED_OUT CNT_INC
1332 TASK_SWITCHED_IN SUSP_RX
1332 QUEUE_RECEIVE_FAILED q1
1332 QUEUE_RECEIVE_FAILED q1
1332 TASK_INCREMENT_TICK 1332
1333 TASK_SWITCHED_OUT SUSP_RX
1333 TASK_SWITCHED_IN IDLE
1333 TASK_INCREMENT_TICK 1333
1334 TASK_SWITCHED_OUT IDLE
1334 TASK_SWITCHED_IN CNT_INC
1334 TASK_PRIORITY_SET CNT_INC 1
1334 MOVED_TASK_TO_READY_STATE CNT_INC
1334 TASK_PRIORITY_SET CNT_INC 0
1334 MOVED_TASK_TO_READY_STATE CNT_INC
1334 TASK_SWITCHED_OUT CNT_INC
1334 TASK_SWITCHED_IN SUSP_RX
1334 QUEUE_RECEIVE_FAILED q1
1334 QUEUE_RECEIVE_FAILED q1
1334 QUEUE_RECEIVE_FAILED q1
1334 QUEUE_RECEIVE_FAILED q1
1334 TASK_INCREMENT_TICK 1334
1334 TASK_INCREMENT_TICK 1334
1335 TASK_SWITCHED_OUT SUSP_RX
1335 TASK_SWITCHED_IN CNT_INC
1335 TASK_PRIORITY_SET CNT_INC 1
1335 MOVED_TASK_TO_READY_STATE CNT_INC
1335 TASK_PRIORITY_SET CNT_INC 0
1335 MOVED_TASK_TO_READY_STATE CNT_INC
1335 TASK_SWITCHED_OUT CNT_INC
1335 TASK_SWITCHED_IN IDLE
1335 TASK_SWITCHED_OUT IDLE
1335 TASK_SWITCHED_IN CNT_INC
1335 TASK_PRIORITY_SET CNT_INC 1
1335 MOVED_TASK_TO_READY_STATE CNT_INC
1335 TASK_PRIORITY_SET CNT_INC 0
1335 MOVED_TASK_TO_READY_STATE CNT_INC
1335 TASK_SWITCHED_OUT CNT_INC
1335 TASK_SWITCHED_IN SUSP_RX
1335 QUEUE_RECEIVE_FAILED q1
1335 QUEUE_RECEIVE_FAILED q1
1335 TASK_INCREMENT_TICK 1335
1336 TASK_SWITCHED_OUT SUSP_RX
1336 TASK_SWITCHED_IN IDLE
1336 TASK_INCREMENT_TICK 1336
1337 TASK_SWITCHED_OUT IDLE
1337 TASK_SWITCHED_IN CNT_INC
1337 TASK_PRIORITY_SET CNT_INC 1
1337 MOVED_TASK_TO_READY_STATE CNT_INC
1337 TASK_PRIORITY_SET CNT_INC 0
1337 MOVED_TASK_TO_READY_STATE CNT_INC
1337 TASK_SWITCHED_OUT CNT_INC
1337 TASK_SWITCHED_IN SUSP_RX
1337 QUEUE_RECEIVE_FAILED q1
1337 QUEUE_RECEIVE_FAILED q1
1337 QUEUE_RECEIVE_FAILED q1
1337 QUEUE_RECEIVE_FAILED q1
1337 TASK_INCREMENT_TICK 1337
1337 TASK_INCREMENT_TICK 1337
1338 TASK_SWITCHED_OUT SUSP_RX
1338 TASK_SWITCHED_IN CNT_INC
1338 TASK_PRIORITY_SET CNT_INC 1
1338 MOVED_TASK_TO_READY_STATE CNT_INC
1338 TASK_PRIORITY_SET CNT_INC 0
1338 MOVED_TASK_TO_READY_STATE CNT_INC
1338 TASK_SWITCHED_OUT CNT_INC
1338 TASK_SWITCHED_IN IDLE
1338 TASK_SWITCHED_OUT IDLE
1338 TASK_SWITCHED_IN CNT_INC
1338 TASK_PRIORITY_SET CNT_INC 1
1338 MOVED_TASK_TO_READY_STATE CNT_INC
1338 TASK_PRIORITY_SET CNT_INC 0
1338 MOVED_TASK_TO_READY_STATE CNT_INC
1338 TASK_SWITCHED_OUT CNT_INC
1338 TASK_SWITCHED_IN SUSP_RX
1338 QUEUE_RECEIVE_FAILED q1
1338 QUEUE_RECEIVE_FAILED q1
1338 TASK_INCREMENT_TICK 1338
1339 TASK_SWITCHED_OUT SUSP_RX
1339 TASK_SWITCHED_IN IDLE
1339 TASK_INCREMENT_TICK 1339
1340 TASK_SWITCHED_OUT IDLE
1340 TASK_SWITCHED_IN CNT_INC
1340 TASK_PRIORITY_SET CNT_INC 1
1340 MOVED_TASK_TO_READY_STATE CNT_INC
1340 TASK_PRIORITY_SET CNT_INC 0
1340 MOVED_TASK_TO_READY_STATE CNT_INC
1340 TASK_SWITCHED_OUT CNT_INC
1340 TASK_SWITCHED_IN SUSP_RX
1340 QUEUE_RECEIVE_FAILED q1
1340 QUEUE_RECEIVE_FAILED q1
1340 QUEUE_RECEIVE_FAILED q1
1340 QUEUE_RECEIVE_FAILED q1
1340 TASK_INCREMENT_TICK 1340
1340 TASK_INCREMENT_TICK 1340
1341 TASK_SWITCHED_OUT SUSP_RX
1341 TASK_SWITCHED_IN CNT_INC
1341 TASK_PRIORITY_SET CNT_INC 1
1341 MOVED_TASK_TO_READY_STATE CNT_INC
1341 TASK_PRIORITY_SET CNT_INC 0
1341 MOVED_TASK_TO_READY_STATE CNT_INC
1341 TASK_SWITCHED_OUT CNT_INC
1341 TASK_SWITCHED_IN IDLE
1341 TASK_SWITCHED_OUT IDLE
1341 TASK_SWITCHED_IN CNT_INC
1341 TASK_PRIORITY_SET CNT_INC 1
1341 MOVED_TASK_TO_READY_STATE CNT_INC
1341 TASK_PRIORITY_SET CNT_INC 0
1341 MOVED_TASK_TO_READY_STATE CNT_INC
1341 TASK_SWITCHED_OUT CNT_INC
1341 TASK_SWITCHED_IN SUSP_RX
1341 QUEUE_RECEIVE_FAILED q1
1341 QUEUE_RECEIVE_FAILED q1
1341 TASK_INCREMENT_TICK 1341
1342 TASK_SWITCHED_OUT SUSP_RX
1342 TASK_SWITCHED_IN IDLE
1342 TASK_INCREMENT_TICK 1342
1343 TASK_SWITCHED_OUT IDLE
1343 TASK_SWITCHED_IN CNT_INC
1343 TASK_PRIORITY_SET CNT_INC 1
1343 MOVED_TASK_TO_READY_STATE CNT_INC
1343 TASK_PRIORITY_SET CNT_INC 0
1343 MOVED_TASK_TO_READY_STATE CNT_INC
1343 TASK_SWITCHED_OUT CNT_INC
1343 TASK_SWITCHED_IN SUSP_RX
1343 QUEUE_RECEIVE_FAILED q1
1343 QUEUE_RECEIVE_FAILED q1
1343 QUEUE_RECEIVE_FAILED q1
1343 QUEUE_RECEIVE_FAILED q1
1343 TASK_INCREMENT_TICK 1343
1343 TASK_INCREMENT_TICK 1343
1344 TASK_SWITCHED_OUT SUSP_RX
1344 TASK_SWITCHED_IN CNT_INC
1344 TASK_PRIORITY_SET CNT_INC 1
1344 MOVED_TASK_TO_READY_STATE CNT_INC
1344 TASK_PRIORITY_SET CNT_INC 0
1344 MOVED_TASK_TO_READY_STATE CNT_INC
1344 TASK_SWITCHED_OUT CNT_INC
1344 TASK_SWITCHED_IN IDLE
1344 TASK_SWITCHED_OUT IDLE
1344 TASK_SWITCHED_IN CNT_INC
1344 TASK_PRIORITY_SET CNT_INC 1
1344 MOVED_TASK_TO_READY_STATE CNT_INC
1344 TASK_PRIORITY_SET CNT_INC 0
1344 MOVED_TASK_TO_READY_STATE CNT_INC
1344 TASK_SWITCHED_OUT CNT_INC
1344 TASK_SWITCHED_IN SUSP_RX
1344 QUEUE_RECEIVE_FAILED q1
1344 QUEUE_RECEIVE_FAILED q1
1344 TASK_INCREMENT_TICK 1344
1345 TASK_SWITCHED_OUT SUSP_RX
1345 TASK_SWITCHED_IN IDLE
1345 TASK_INCREMENT_TICK 1345
1346 TASK_SWITCHED_OUT IDLE
1346 TASK_SWITCHED_IN CNT_INC
1346 TASK_PRIORITY_SET CNT_INC 1
1346 MOVED_TASK_TO_READY_STATE CNT_INC
1346 TASK_PRIORITY_SET CNT_INC 0
1346 MOVED_TASK_TO_READY_STATE CNT_INC
1346 TASK_SWITCHED_OUT CNT_INC
1346 TASK_SWITCHED_IN SUSP_RX
1346 QUEUE_RECEIVE_FAILED q1
1346 QUEUE_RECEIVE_FAILED q1
1346 QUEUE_RECEIVE_FAILED q1
1346 QUEUE_RECEIVE_FAILED q1
1346 TASK_INCREMENT_TICK 1346
1346 TASK_INCREMENT_TICK 1346
1347 TASK_SWITCHED_OUT SUSP_RX
1347 TASK_SWITCHED_IN CNT_INC
1347 TASK_PRIORITY_SET CNT_INC 1
1347 MOVED_TASK_TO_READY_STATE CNT_INC
1347 TASK_PRIORITY_SET CNT_INC 0
1347 MOVED_TASK_TO_READY_STATE CNT_INC
1347 TASK_SWITCHED_OUT CNT_INC
1347 TASK_SWITCHED_IN IDLE
1347 TASK_SWITCHED_OUT IDLE
1347 TASK_SWITCHED_IN CNT_INC
1347 TASK_PRIORITY_SET CNT_INC 1
1347 MOVED_TASK_TO_READY_STATE CNT_INC
1347 TASK_PRIORITY_SET CNT_INC 0
1347 MOVED_TASK_TO_READY_STATE CNT_INC
1347 TASK_SWITCHED_OUT CNT_INC
1347 TASK_SWITCHED_IN SUSP_RX
1347 QUEUE_RECEIVE_FAILED q1
1347 QUEUE_RECEIVE_FAILED q1
1347 TASK_INCREMENT_TICK 1347
1348 TASK_SWITCHED_OUT SUSP_RX
1348 TASK_SWITCHED_IN IDLE
1348 TASK_INCREMENT_TICK 1348
1349 TASK_SWITCHED_OUT IDLE
1349 TASK_SWITCHED_IN CNT_INC
1349 TASK_PRIORITY_SET CNT_INC 1
1349 MOVED_TASK_TO_READY_STATE CNT_INC
1349 TASK_PRIORITY_SET CNT_INC 0
1349 MOVED_TASK_TO_READY_STATE CNT_INC
1349 TASK_SWITCHED_OUT CNT_INC
1349 TASK_SWITCHED_IN SUSP_RX
1349 QUEUE_RECEIVE_FAILED q1
1349 QUEUE_RECEIVE_FAILED q1
1349 QUEUE_RECEIVE_FAILED q1
1349 QUEUE_RECEIVE_FAILED q1
1349 TASK_INCREMENT_TICK 1349
1349 TASK_INCREMENT_TICK 1349
1350 TASK_SWITCHED_OUT SUSP_RX
1350 TASK_SWITCHED_IN CNT_INC
1350 TASK_PRIORITY_SET CNT_INC 1
1350 MOVED_TASK_TO_READY_STATE CNT_INC
1350 TASK_PRIORITY_SET CNT_INC 0
1350 MOVED_TASK_TO_READY_STATE CNT_INC
1350 TASK_SWITCHED_OUT CNT_INC
1350 TASK_SWITCHED_IN IDLE
1350 TASK_SWITCHED_OUT IDLE
1350 TASK_SWITCHED_IN CNT_INC
1350 TASK_PRIORITY_SET CNT_INC 1
1350 MOVED_TASK_TO_READY_STATE CNT_INC
1350 TASK_PRIORITY_SET CNT_INC 0
1350 MOVED_TASK_TO_READY_STATE CNT_INC
1350 TASK_SWITCHED_OUT CNT_INC
1350 TASK_SWITCHED_IN SUSP_RX
1350 QUEUE_RECEIVE_FAILED q1
1350 QUEUE_RECEIVE_FAILED q1
1350 TASK_INCREMENT_TICK 1350
1351 TASK_SWITCHED_OUT SUSP_RX
1351 TASK_SWITCHED_IN IDLE
1351 TASK_INCREMENT_TICK 1351
1352 TASK_SWITCHED_OUT IDLE
1352 TASK_SWITCHED_IN CNT_INC
1352 TASK_PRIORITY_SET CNT_INC 1
1352 MOVED_TASK_TO_READY_STATE CNT_INC
1352 TASK_PRIORITY_SET CNT_INC 0
1352 MOVED_TASK_TO_READY_STATE CNT_INC
1352 TASK_SWITCHED_OUT CNT_INC
1352 TASK_SWITCHED_IN SUSP_RX
1352 QUEUE_RECEIVE_FAILED q1
1352 QUEUE_RECEIVE_FAILED q1
1352 QUEUE_RECEIVE_FAILED q1
1352 QUEUE_RECEIVE_FAILED q1
1352 TASK_INCREMENT_TICK 1352
1352 TASK_INCREMENT_TICK 1352
1353 TASK_SWITCHED_OUT SUSP_RX
1353 TASK_SWITCHED_IN CNT_INC
1353 TASK_PRIORITY_SET CNT_INC 1
1353 MOVED_TASK_TO_READY_STATE CNT_INC
1353 TASK_PRIORITY_SET CNT_INC 0
1353 MOVED_TASK_TO_READY_STATE CNT_INC
1353 TASK_SWITCHED_OUT CNT_INC
1353 TASK_SWITCHED_IN IDLE
1353 TASK_SWITCHED_OUT IDLE
1353 TASK_SWITCHED_IN CNT_INC
1353 TASK_PRIORITY_SET CNT_INC 1
1353 MOVED_TASK_TO_READY_STATE CNT_INC
1353 TASK_PRIORITY_SET CNT_INC 0
1353 MOVED_TASK_TO_READY_STATE CNT_INC
1353 TASK_SWITCHED_OUT CNT_INC
1353 TASK_SWITCHED_IN SUSP_RX
1353 QUEUE_RECEIVE_FAILED q1
1353 QUEUE_RECEIVE_FAILED q1
1353 TASK_INCREMENT_TICK 1353
1354 TASK_SWITCHED_OUT SUSP_RX
1354 TASK_SWITCHED_IN IDLE
1354 TASK_INCREMENT_TICK 1354
1355 TASK_SWITCHED_OUT IDLE
1355 TASK_SWITCHED_IN CNT_INC
1355 TASK_PRIORITY_SET CNT_INC 1
1355 MOVED_TASK_TO_READY_STATE CNT_INC
1355 TASK_PRIORITY_SET CNT_INC 0
1355 MOVED_TASK_TO_READY_STATE CNT_INC
1355 TASK_SWITCHED_OUT CNT_INC
1355 TASK_SWITCHED_IN SUSP_RX
1355 QUEUE_RECEIVE_FAILED q1
1355 QUEUE_RECEIVE_FAILED q1
1355 QUEUE_RECEIVE_FAILED q1
1355 QUEUE_RECEIVE_FAILED q1
1355 TASK_INCREMENT_TICK 1355
1355 TASK_INCREMENT_TICK 1355
1356 TASK_SWITCHED_OUT SUSP_RX
1356 TASK_SWITCHED_IN CNT_INC
1356 TASK_PRIORITY_SET CNT_INC 1
1356 MOVED_TASK_TO_READY_STATE CNT_INC
1356 TASK_PRIORITY_SET CNT_INC 0
1356 MOVED_TASK_TO_READY_STATE CNT_INC
1356 TASK_SWITCHED_OUT CNT_INC
1356 TASK_SWITCHED_IN IDLE
1356 TASK_SWITCHED_OUT IDLE
1356 TASK_SWITCHED_IN CNT_INC
1356 TASK_PRIORITY_SET CNT_INC 1
1356 MOVED_TASK_TO_READY_STATE CNT_INC
1356 TASK_PRIORITY_SET CNT_INC 0
1356 MOVED_TASK_TO_READY_STATE CNT_INC
1356 TASK_SWITCHED_OUT CNT_INC
1356 TASK_SWITCHED_IN SUSP_RX
1356 QUEUE_RECEIVE_FAILED q1
1356 QUEUE_RECEIVE_FAILED q1
1356 TASK_INCREMENT_TICK 1356
1357 TASK_SWITCHED_OUT SUSP_RX
1357 TASK_SWITCHED_IN IDLE
1357 TASK_INCREMENT_TICK 1357
1358 TASK_SWITCHED_OUT IDLE
1358 TASK_SWITCHED_IN CNT_INC
1358 TASK_PRIORITY_SET CNT_INC 1
1358 MOVED_TASK_TO_READY_STATE CNT_INC
1358 TASK_PRIORITY_SET CNT_INC 0
1358 MOVED_TASK_TO_READY_STATE CNT_INC
1358 TASK_SWITCHED_OUT CNT_INC
1358 TASK_SWITCHED_IN SUSP_RX
1358 QUEUE_RECEIVE_FAILED q1
1358 QUEUE_RECEIVE_FAILED q1
1358 QUEUE_RECEIVE_FAILED q1
1358 QUEUE_RECEIVE_FAILED q1
1358 TASK_INCREMENT_TICK 1358
1358 TASK_INCREMENT_TICK 1358
1359 TASK_SWITCHED_OUT SUSP_RX
1359 TASK_SWITCHED_IN CNT_INC
1359 TASK_PRIORITY_SET CNT_INC 1
1359 MOVED_TASK_TO_READY_STATE CNT_INC
1359 TASK_PRIORITY_SET CNT_INC 0
1359 MOVED_TASK_TO_READY_STATE CNT_INC
1359 TASK_SWITCHED_OUT CNT_INC
1359 TASK_SWITCHED_IN IDLE
1359 TASK_SWITCHED_OUT IDLE
1359 TASK_SWITCHED_IN CNT_INC
1359 TASK_PRIORITY_SET CNT_INC 1
1359 MOVED_TASK_TO_READY_STATE CNT_INC
1359 TASK_PRIORITY_SET CNT_INC 0
1359 MOVED_TASK_TO_READY_STATE CNT_INC
1359 TASK_SWITCHED_OUT CNT_INC
1359 TASK_SWITCHED_IN SUSP_RX
1359 QUEUE_RECEIVE_FAILED q1
1359 QUEUE_RECEIVE_FAILED q1
1359 TASK_INCREMENT_TICK 1359
1360 TASK_SWITCHED_OUT SUSP_RX
1360 TASK_SWITCHED_IN IDLE
1360 TASK_INCREMENT_TICK 1360
1361 TASK_SWITCHED_OUT IDLE
1361 TASK_SWITCHED_IN CNT_INC
1361 TASK_PRIORITY_SET CNT_INC 1
1361 MOVED_TASK_TO_READY_STATE CNT_INC
1361 TASK_PRIORITY_SET CNT_INC 0
1361 MOVED_TASK_TO_READY_STATE CNT_INC
1361 TASK_SWITCHED_OUT CNT_INC
1361 TASK_SWITCHED_IN SUSP_RX
1361 QUEUE_RECEIVE_FAILED q1
1361 QUEUE_RECEIVE_FAILED q1
1361 QUEUE_RECEIVE_FAILED q1
1361 QUEUE_RECEIVE_FAILED q1
1361 TASK_INCREMENT_TICK 1361
1361 TASK_INCREMENT_TICK 1361
1362 TASK_SWITCHED_OUT SUSP_RX
1362 TASK_SWITCHED_IN CNT_INC
1362 TASK_PRIORITY_SET CNT_INC 1
1362 MOVED_TASK_TO_READY_STATE CNT_INC
1362 TASK_PRIORITY_SET CNT_INC 0
1362 MOVED_TASK_TO_READY_STATE CNT_INC
1362 TASK_SWITCHED_OUT CNT_INC
1362 TASK_SWITCHED_IN IDLE
1362 TASK_SWITCHED_OUT IDLE
1362 TASK_SWITCHED_IN CNT_INC
1362 TASK_PRIORITY_SET CNT_INC 1
1362 MOVED_TASK_TO_READY_STATE CNT_INC
1362 TASK_PRIORITY_SET CNT_INC 0
1362 MOVED_TASK_TO_READY_STATE CNT_INC
1362 TASK_SWITCHED_OUT CNT_INC
1362 TASK_SWITCHED_IN SUSP_RX
1362 QUEUE_RECEIVE_FAILED q1
1362 QUEUE_RECEIVE_FAILED q1
1362 TASK_INCREMENT_TICK 1362
1363 TASK_SWITCHED_OUT SUSP_RX
1363 TASK_SWITCHED_IN IDLE
1363 TASK_INCREMENT_TICK 1363
1364 TASK_SWITCHED_OUT IDLE
1364 TASK_SWITCHED_IN CNT_INC
1364 TASK_PRIORITY_SET CNT_INC 1
1364 MOVED_TASK_TO_READY_STATE CNT_INC
1364 TASK_PRIORITY_SET CNT_INC 0
1364 MOVED_TASK_TO_READY_STATE CNT_INC
1364 TASK_SWITCHED_OUT CNT_INC
1364 TASK_SWITCHED_IN SUSP_RX
1364 QUEUE_RECEIVE_FAILED q1
1364 QUEUE_RECEIVE_FAILED q1
1364 QUEUE_RECEIVE_FAILED q1
1364 QUEUE_RECEIVE_FAILED q1
1364 TASK_INCREMENT_TICK 1364
1364 TASK_INCREMENT_TICK 1364
1365 TASK_SWITCHED_OUT SUSP_RX
1365 TASK_SWITCHED_IN CNT_INC
1365 TASK_PRIORITY_SET CNT_INC 1
1365 MOVED_TASK_TO_READY_STATE CNT_INC
1365 TASK_PRIORITY_SET CNT_INC 0
1365 MOVED_TASK_TO_READY_STATE CNT_INC
1365 TASK_SWITCHED_OUT CNT_INC
1365 TASK_SWITCHED_IN IDLE
1365 TASK_SWITCHED_OUT IDLE
1365 TASK_SWITCHED_IN CNT_INC
1365 TASK_PRIORITY_SET CNT_INC 1
1365 MOVED_TASK_TO_READY_STATE CNT_INC
1365 TASK_PRIORITY_SET CNT_INC 0
1365 MOVED_TASK_TO_READY_STATE CNT_INC
1365 TASK_SWITCHED_OUT CNT_INC
1365 TASK_SWITCHED_IN SUSP_RX
1365 QUEUE_RECEIVE_FAILED q1
1365 QUEUE_RECEIVE_FAILED q1
1365 TASK_INCREMENT_TICK 1365
1366 TASK_SWITCHED_OUT SUSP_RX
1366 TASK_SWITCHED_IN IDLE
1366 TASK_INCREMENT_TICK 1366
1367 TASK_SWITCHED_OUT IDLE
1367 TASK_SWITCHED_IN CNT_INC
1367 TASK_PRIORITY_SET CNT_INC 1
1367 MOVED_TASK_TO_READY_STATE CNT_INC
1367 TASK_PRIORITY_SET CNT_INC 0
1367 MOVED_TASK_TO_READY_STATE CNT_INC
1367 TASK_SWITCHED_OUT CNT_INC
1367 TASK_SWITCHED_IN SUSP_RX
1367 QUEUE_RECEIVE_FAILED q1
1367 QUEUE_RECEIVE_FAILED q1
1367 QUEUE_RECEIVE_FAILED q1
1367 QUEUE_RECEIVE_FAILED q1
1367 TASK_INCREMENT_TICK 1367
1367 TASK_INCREMENT_TICK 1367
1368 TASK_SWITCHED_OUT SUSP_RX
1368 TASK_SWITCHED_IN CNT_INC
1368 TASK_PRIORITY_SET CNT_INC 1
1368 MOVED_TASK_TO_READY_STATE CNT_INC
1368 TASK_PRIORITY_SET CNT_INC 0
1368 MOVED_TASK_TO_READY_STATE CNT_INC
1368 TASK_SWITCHED_OUT CNT_INC
1368 TASK_SWITCHED_IN IDLE
1368 TASK_SWITCHED_OUT IDLE
1368 TASK_SWITCHED_IN CNT_INC
1368 TASK_PRIORITY_SET CNT_INC 1
1368 MOVED_TASK_TO_READY_STATE CNT_INC
1368 TASK_PRIORITY_SET CNT_INC 0
1368 MOVED_TASK_TO_READY_STATE CNT_INC
1368 TASK_SWITCHED_OUT CNT_INC
1368 TASK_SWITCHED_IN SUSP_RX
1368 QUEUE_RECEIVE_FAILED q1
1368 QUEUE_RECEIVE_FAILED q1
1368 TASK_INCREMENT_TICK 1368
1369 TASK_SWITCHED_OUT SUSP_RX
1369 TASK_SWITCHED_IN IDLE
1369 TASK_INCREMENT_TICK 1369
1370 TASK_SWITCHED_OUT IDLE
1370 TASK_SWITCHED_IN CNT_INC
1370 TASK_PRIORITY_SET CNT_INC 1
1370 MOVED_TASK_TO_READY_STATE CNT_INC
1370 TASK_PRIORITY_SET CNT_INC 0
1370 MOVED_TASK_TO_READY_STATE CNT_INC
1370 TASK_SWITCHED_OUT CNT_INC
1370 TASK_SWITCHED_IN SUSP_RX
1370 QUEUE_RECEIVE_FAILED q1
1370 QUEUE_RECEIVE_FAILED q1
1370 QUEUE_RECEIVE_FAILED q1
1370 QUEUE_RECEIVE_FAILED q1
1370 TASK_INCREMENT_TICK 1370
1370 TASK_INCREMENT_TICK 1370
1371 TASK_SWITCHED_OUT SUSP_RX
1371 TASK_SWITCHED_IN CNT_INC
1371 TASK_PRIORITY_SET CNT_INC 1
1371 MOVED_TASK_TO_READY_STATE CNT_INC
1371 TASK_PRIORITY_SET CNT_INC 0
1371 MOVED_TASK_TO_READY_STATE CNT_INC
1371 TASK_SWITCHED_OUT CNT_INC
1371 TASK_SWITCHED_IN IDLE
1371 TASK_SWITCHED_OUT IDLE
1371 TASK_SWITCHED_IN CNT_INC
1371 TASK_PRIORITY_SET CNT_INC 1
1371 MOVED_TASK_TO_READY_STATE CNT_INC
1371 TASK_PRIORITY_SET CNT_INC 0
1371 MOVED_TASK_TO_READY_STATE CNT_INC
1371 TASK_SWITCHED_OUT CNT_INC
1371 TASK_SWITCHED_IN SUSP_RX
1371 QUEUE_RECEIVE_FAILED q1
1371 QUEUE_RECEIVE_FAILED q1
1371 TASK_INCREMENT_TICK 1371
1372 TASK_SWITCHED_OUT SUSP_RX
1372 TASK_SWITCHED_IN IDLE
1372 TASK_INCREMENT_TICK 1372
1373 TASK_SWITCHED_OUT IDLE
1373 TASK_SWITCHED_IN CNT_INC
1373 TASK_PRIORITY_SET CNT_INC 1
1373 MOVED_TASK_TO_READY_STATE CNT_INC
1373 TASK_PRIORITY_SET CNT_INC 0
1373 MOVED_TASK_TO_READY_STATE CNT_INC
1373 TASK_SWITCHED_OUT CNT_INC
1373 TASK_SWITCHED_IN SUSP_RX
1373 QUEUE_RECEIVE_FAILED q1
1373 QUEUE_RECEIVE_FAILED q1
1373 QUEUE_RECEIVE_FAILED q1
1373 QUEUE_RECEIVE_FAILED q1
1373 TASK_INCREMENT_TICK 1373
1373 TASK_INCREMENT_TICK 1373
1374 TASK_SWITCHED_OUT SUSP_RX
1374 TASK_SWITCHED_IN CNT_INC
1374 TASK_PRIORITY_SET CNT_INC 1
1374 MOVED_TASK_TO_READY_STATE CNT_INC
1374 TASK_PRIORITY_SET CNT_INC 0
1374 MOVED_TASK_TO_READY_STATE CNT_INC
1374 TASK_SWITCHED_OUT CNT_INC
1374 TASK_SWITCHED_IN IDLE
1374 TASK_SWITCHED_OUT IDLE
1374 TASK_SWITCHED_IN CNT_INC
1374 TASK_PRIORITY_SET CNT_INC 1
1374 MOVED_TASK_TO_READY_STATE CNT_INC
1374 TASK_PRIORITY_SET CNT_INC 0
1374 MOVED_TASK_TO_READY_STATE CNT_INC
1374 TASK_SWITCHED_OUT CNT_INC
1374 TASK_SWITCHED_IN SUSP_RX
1374 QUEUE_RECEIVE_FAILED q1
1374 QUEUE_RECEIVE_FAILED q1
1374 TASK_INCREMENT_TICK 1374
1375 TASK_SWITCHED_OUT SUSP_RX
1375 TASK_SWITCHED_IN IDLE
1375 TASK_INCREMENT_TICK 1375
1376 TASK_SWITCHED_OUT IDLE
1376 TASK_SWITCHED_IN CNT_INC
1376 TASK_PRIORITY_SET CNT_INC 1
1376 MOVED_TASK_TO_READY_STATE CNT_INC
1376 TASK_PRIORITY_SET CNT_INC 0
1376 MOVED_TASK_TO_READY_STATE CNT_INC
1376 TASK_SWITCHED_OUT CNT_INC
1376 TASK_SWITCHED_IN SUSP_RX
1376 QUEUE_RECEIVE_FAILED q1
1376 QUEUE_RECEIVE_FAILED q1
1376 QUEUE_RECEIVE_FAILED q1
1376 QUEUE_RECEIVE_FAILED q1
1376 TASK_INCREMENT_TICK 1376
1376 TASK_INCREMENT_TICK 1376
1377 TASK_SWITCHED_OUT SUSP_RX
1377 TASK_SWITCHED_IN CNT_INC
1377 TASK_PRIORITY_SET CNT_INC 1
1377 MOVED_TASK_TO_READY_STATE CNT_INC
1377 TASK_PRIORITY_SET CNT_INC 0
1377 MOVED_TASK_TO_READY_STATE CNT_INC
1377 TASK_SWITCHED_OUT CNT_INC
1377 TASK_SWITCHED_IN IDLE
1377 TASK_SWITCHED_OUT IDLE
1377 TASK_SWITCHED_IN CNT_INC
1377 TASK_PRIORITY_SET CNT_INC 1
1377 MOVED_TASK_TO_READY_STATE CNT_INC
1377 TASK_PRIORITY_SET CNT_INC 0
1377 MOVED_TASK_TO_READY_STATE CNT_INC
1377 TASK_SWITCHED_OUT CNT_INC
1377 TASK_SWITCHED_IN SUSP_RX
1377 QUEUE_RECEIVE_FAILED q1
1377 QUEUE_RECEIVE_FAILED q1
1377 TASK_INCREMENT_TICK 1377
1378 TASK_SWITCHED_OUT SUSP_RX
1378 TASK_SWITCHED_IN IDLE
1378 TASK_INCREMENT_TICK 1378
1379 TASK_SWITCHED_OUT IDLE
1379 TASK_SWITCHED_IN CNT_INC
1379 TASK_PRIORITY_SET CNT_INC 1
1379 MOVED_TASK_TO_READY_STATE CNT_INC
1379 TASK_PRIORITY_SET CNT_INC 0
1379 MOVED_TASK_TO_READY_STATE CNT_INC
1379 TASK_SWITCHED_OUT CNT_INC
1379 TASK_SWITCHED_IN SUSP_RX
1379 QUEUE_RECEIVE_FAILED q1
1379 QUEUE_RECEIVE_FAILED q1
1379 QUEUE_RECEIVE_FAILED q1
1379 QUEUE_RECEIVE_FAILED q1
1379 TASK_INCREMENT_TICK 1379
1379 TASK_INCREMENT_TICK 1379
1380 TASK_SWITCHED_OUT SUSP_RX
1380 TASK_SWITCHED_IN CNT_INC
1380 TASK_PRIORITY_SET CNT_INC 1
1380 MOVED_TASK_TO_READY_STATE CNT_INC
1380 TASK_PRIORITY_SET CNT_INC 0
1380 MOVED_TASK_TO_READY_STATE CNT_INC
1380 TASK_SWITCHED_OUT CNT_INC
1380 TASK_SWITCHED_IN IDLE
1380 TASK_SWITCHED_OUT IDLE
1380 TASK_SWITCHED_IN CNT_INC
1380 TASK_PRIORITY_SET CNT_INC 1
1380 MOVED_TASK_TO_READY_STATE CNT_INC
1380 TASK_PRIORITY_SET CNT_INC 0
1380 MOVED_TASK_TO_READY_STATE CNT_INC
1380 TASK_SWITCHED_OUT CNT_INC
1380 TASK_SWITCHED_IN SUSP_RX
1380 QUEUE_RECEIVE_FAILED q1
1380 QUEUE_RECEIVE_FAILED q1
1380 TASK_INCREMENT_TICK 1380
1381 TASK_SWITCHED_OUT SUSP_RX
1381 TASK_SWITCHED_IN IDLE
1381 TASK_INCREMENT_TICK 1381
1382 TASK_SWITCHED_OUT IDLE
1382 TASK_SWITCHED_IN CNT_INC
1382 TASK_PRIORITY_SET CNT_INC 1
1382 MOVED_TASK_TO_READY_STATE CNT_INC
1382 TASK_PRIORITY_SET CNT_INC 0
1382 MOVED_TASK_TO_READY_STATE CNT_INC
1382 TASK_SWITCHED_OUT CNT_INC
1382 TASK_SWITCHED_IN SUSP_RX
1382 QUEUE_RECEIVE_FAILED q1
1382 QUEUE_RECEIVE_FAILED q1
1382 QUEUE_RECEIVE_FAILED q1
1382 QUEUE_RECEIVE_FAILED q1
1382 TASK_INCREMENT_TICK 1382
1382 TASK_INCREMENT_TICK 1382
1383 TASK_SWITCHED_OUT SUSP_RX
1383 TASK_SWITCHED_IN CNT_INC
1383 TASK_PRIORITY_SET CNT_INC 1
1383 MOVED_TASK_TO_READY_STATE CNT_INC
1383 TASK_PRIORITY_SET CNT_INC 0
1383 MOVED_TASK_TO_READY_STATE CNT_INC
1383 TASK_SWITCHED_OUT CNT_INC
1383 TASK_SWITCHED_IN IDLE
1383 TASK_SWITCHED_OUT IDLE
1383 TASK_SWITCHED_IN CNT_INC
1383 TASK_PRIORITY_SET CNT_INC 1
1383 MOVED_TASK_TO_READY_STATE CNT_INC
1383 TASK_PRIORITY_SET CNT_INC 0
1383 MOVED_TASK_TO_READY_STATE CNT_INC
1383 TASK_SWITCHED_OUT CNT_INC
1383 TASK_SWITCHED_IN SUSP_RX
1383 QUEUE_RECEIVE_FAILED q1
1383 QUEUE_RECEIVE_FAILED q1
1383 TASK_INCREMENT_TICK 1383
1384 TASK_SWITCHED_OUT SUSP_RX
1384 TASK_SWITCHED_IN IDLE
1384 TASK_INCREMENT_TICK 1384
1385 TASK_SWITCHED_OUT IDLE
1385 TASK_SWITCHED_IN CNT_INC
1385 TASK_PRIORITY_SET CNT_INC 1
1385 MOVED_TASK_TO_READY_STATE CNT_INC
1385 TASK_PRIORITY_SET CNT_INC 0
1385 MOVED_TASK_TO_READY_STATE CNT_INC
1385 TASK_SWITCHED_OUT CNT_INC
1385 TASK_SWITCHED_IN SUSP_RX
1385 QUEUE_RECEIVE_FAILED q1
1385 QUEUE_RECEIVE_FAILED q1
1385 QUEUE_RECEIVE_FAILED q1
1385 QUEUE_RECEIVE_FAILED q1
1385 TASK_INCREMENT_TICK 1385
1385 TASK_INCREMENT_TICK 1385
1386 TASK_SWITCHED_OUT SUSP_RX
1386 TASK_SWITCHED_IN CNT_INC
1386 TASK_PRIORITY_SET CNT_INC 1
1386 MOVED_TASK_TO_READY_STATE CNT_INC
1386 TASK_PRIORITY_SET CNT_INC 0
1386 MOVED_TASK_TO_READY_STATE CNT_INC
1386 TASK_SWITCHED_OUT CNT_INC
1386 TASK_SWITCHED_IN IDLE
1386 TASK_SWITCHED_OUT IDLE
1386 TASK_SWITCHED_IN CNT_INC
1386 TASK_PRIORITY_SET CNT_INC 1
1386 MOVED_TASK_TO_READY_STATE CNT_INC
1386 TASK_PRIORITY_SET CNT_INC 0
1386 MOVED_TASK_TO_READY_STATE CNT_INC
1386 TASK_SWITCHED_OUT CNT_INC
1386 TASK_SWITCHED_IN SUSP_RX
1386 QUEUE_RECEIVE_FAILED q1
1386 QUEUE_RECEIVE_FAILED q1
1386 TASK_INCREMENT_TICK 1386
1387 TASK_SWITCHED_OUT SUSP_RX
1387 TASK_SWITCHED_IN IDLE
1387 TASK_INCREMENT_TICK 1387
1388 TASK_SWITCHED_OUT IDLE
1388 TASK_SWITCHED_IN CNT_INC
1388 TASK_PRIORITY_SET CNT_INC 1
1388 MOVED_TASK_TO_READY_STATE CNT_INC
1388 TASK_PRIORITY_SET CNT_INC 0
1388 MOVED_TASK_TO_READY_STATE CNT_INC
1388 TASK_SWITCHED_OUT CNT_INC
1388 TASK_SWITCHED_IN SUSP_RX
1388 QUEUE_RECEIVE_FAILED q1
1388 QUEUE_RECEIVE_FAILED q1
1388 QUEUE_RECEIVE_FAILED q1
1388 QUEUE_RECEIVE_FAILED q1
1388 TASK_INCREMENT_TICK 1388
1388 TASK_INCREMENT_TICK 1388
1389 TASK_SWITCHED_OUT SUSP_RX
1389 TASK_SWITCHED_IN CNT_INC
1389 TASK_PRIORITY_SET CNT_INC 1
1389 MOVED_TASK_TO_READY_STATE CNT_INC
1389 TASK_PRIORITY_SET CNT_INC 0
1389 MOVED_TASK_TO_READY_STATE CNT_INC
1389 TASK_SWITCHED_OUT CNT_INC
1389 TASK_SWITCHED_IN IDLE
1389 TASK_SWITCHED_OUT IDLE
1389 TASK_SWITCHED_IN CNT_INC
1389 TASK_PRIORITY_SET CNT_INC 1
1389 MOVED_TASK_TO_READY_STATE CNT_INC
1389 TASK_PRIORITY_SET CNT_INC 0
1389 MOVED_TASK_TO_READY_STATE CNT_INC
1389 TASK_SWITCHED_OUT CNT_INC
1389 TASK_SWITCHED_IN SUSP_RX
1389 QUEUE_RECEIVE_FAILED q1
1389 QUEUE_RECEIVE_FAILED q1
1389 TASK_INCREMENT_TICK 1389
1390 TASK_SWITCHED_OUT SUSP_RX
1390 TASK_SWITCHED_IN IDLE
1390 TASK_INCREMENT_TICK 1390
1391 TASK_SWITCHED_OUT IDLE
1391 TASK_SWITCHED_IN CNT_INC
1391 TASK_PRIORITY_SET CNT_INC 1
1391 MOVED_TASK_TO_READY_STATE CNT_INC
1391 TASK_PRIORITY_SET CNT_INC 0
1391 MOVED_TASK_TO_READY_STATE CNT_INC
1391 TASK_SWITCHED_OUT CNT_INC
1391 TASK_SWITCHED_IN SUSP_RX
1391 QUEUE_RECEIVE_FAILED q1
1391 QUEUE_RECEIVE_FAILED q1
1391 QUEUE_RECEIVE_FAILED q1
1391 QUEUE_RECEIVE_FAILED q1
1391 TASK_INCREMENT_TICK 1391
1391 TASK_INCREMENT_TICK 1391
1392 TASK_SWITCHED_OUT SUSP_RX
1392 TASK_SWITCHED_IN CNT_INC
1392 TASK_PRIORITY_SET CNT_INC 1
1392 MOVED_TASK_TO_READY_STATE CNT_INC
1392 TASK_PRIORITY_SET CNT_INC 0
1392 MOVED_TASK_TO_READY_STATE CNT_INC
1392 TASK_SWITCHED_OUT CNT_INC
1392 TASK_SWITCHED_IN IDLE
1392 TASK_SWITCHED_OUT IDLE
1392 TASK_SWITCHED_IN CNT_INC
1392 TASK_PRIORITY_SET CNT_INC 1
1392 MOVED_TASK_TO_READY_STATE CNT_INC
1392 TASK_PRIORITY_SET CNT_INC 0
1392 MOVED_TASK_TO_READY_STATE CNT_INC
1392 TASK_SWITCHED_OUT CNT_INC
1392 TASK_SWITCHED_IN SUSP_RX
1392 QUEUE_RECEIVE_FAILED q1
1392 QUEUE_RECEIVE_FAILED q1
1392 TASK_INCREMENT_TICK 1392
1393 TASK_SWITCHED_OUT SUSP_RX
1393 TASK_SWITCHED_IN IDLE
1393 TASK_INCREMENT_TICK 1393
1394 TASK_SWITCHED_OUT IDLE
1394 TASK_SWITCHED_IN CNT_INC
1394 TASK_PRIORITY_SET CNT_INC 1
1394 MOVED_TASK_TO_READY_STATE CNT_INC
1394 TASK_PRIORITY_SET CNT_INC 0
1394 MOVED_TASK_TO_READY_STATE CNT_INC
1394 TASK_SWITCHED_OUT CNT_INC
1394 TASK_SWITCHED_IN SUSP_RX
1394 QUEUE_RECEIVE_FAILED q1
1394 QUEUE_RECEIVE_FAILED q1
1394 QUEUE_RECEIVE_FAILED q1
1394 QUEUE_RECEIVE_FAILED q1
1394 TASK_INCREMENT_TICK 1394
1394 TASK_INCREMENT_TICK 1394
1395 TASK_SWITCHED_OUT SUSP_RX
1395 TASK_SWITCHED_IN CNT_INC
1395 TASK_PRIORITY_SET CNT_INC 1
1395 MOVED_TASK_TO_READY_STATE CNT_INC
1395 TASK_PRIORITY_SET CNT_INC 0
1395 MOVED_TASK_TO_READY_STATE CNT_INC
1395 TASK_SWITCHED_OUT CNT_INC
1395 TASK_SWITCHED_IN IDLE
1395 TASK_SWITCHED_OUT IDLE
1395 TASK_SWITCHED_IN CNT_INC
1395 TASK_PRIORITY_SET CNT_INC 1
1395 MOVED_TASK_TO_READY_STATE CNT_INC
1395 TASK_PRIORITY_SET CNT_INC 0
1395 MOVED_TASK_TO_READY_STATE CNT_INC
1395 TASK_SWITCHED_OUT CNT_INC
1395 TASK_SWITCHED_IN SUSP_RX
1395 QUEUE_RECEIVE_FAILED q1
1395 QUEUE_RECEIVE_FAILED q1
1395 TASK_INCREMENT_TICK 1395
1396 TASK_SWITCHED_OUT SUSP_RX
1396 TASK_SWITCHED_IN IDLE
1396 TASK_INCREMENT_TICK 1396
1397 TASK_SWITCHED_OUT IDLE
1397 TASK_SWITCHED_IN CNT_INC
1397 TASK_PRIORITY_SET CNT_INC 1
1397 MOVED_TASK_TO_READY_STATE CNT_INC
1397 TASK_PRIORITY_SET CNT_INC 0
1397 MOVED_TASK_TO_READY_STATE CNT_INC
1397 TASK_SWITCHED_OUT CNT_INC
1397 TASK_SWITCHED_IN SUSP_RX
1397 QUEUE_RECEIVE_FAILED q1
1397 QUEUE_RECEIVE_FAILED q1
1397 QUEUE_RECEIVE_FAILED q1
1397 QUEUE_RECEIVE_FAILED q1
1397 TASK_INCREMENT_TICK 1397
1397 TASK_INCREMENT_TICK 1397
1398 TASK_SWITCHED_OUT SUSP_RX
1398 TASK_SWITCHED_IN CNT_INC
1398 TASK_PRIORITY_SET CNT_INC 1
1398 MOVED_TASK_TO_READY_STATE CNT_INC
1398 TASK_PRIORITY_SET CNT_INC 0
1398 MOVED_TASK_TO_READY_STATE CNT_INC
1398 TASK_SWITCHED_OUT CNT_INC
1398 TASK_SWITCHED_IN IDLE
1398 TASK_SWITCHED_OUT IDLE
1398 TASK_SWITCHED_IN CNT_INC
1398 TASK_PRIORITY_SET CNT_INC 1
1398 MOVED_TASK_TO_READY_STATE CNT_INC
1398 TASK_PRIORITY_SET CNT_INC 0
1398 MOVED_TASK_TO_READY_STATE CNT_INC
1398 TASK_SWITCHED_OUT CNT_INC
1398 TASK_SWITCHED_IN SUSP_RX
1398 QUEUE_RECEIVE_FAILED q1
1398 QUEUE_RECEIVE_FAILED q1
1398 TASK_INCREMENT_TICK 1398
1399 TASK_SWITCHED_OUT SUSP_RX
1399 TASK_SWITCHED_IN IDLE
1399 TASK_INCREMENT_TICK 1399
1400 MOVED_TASK_TO_READY_STATE CHECK
1400 TASK_SWITCHED_OUT IDLE
1400 TASK_SWITCHED_IN CHECK
1400 TASK_DELAY CHECK 100
1400 MOVED_TASK_TO_DELAYED_LIST CHECK
1400 TASK_SWITCHED_OUT CHECK
1400 TASK_SWITCHED_IN CNT_INC
1400 TASK_PRIORITY_SET CNT_INC 1
1400 MOVED_TASK_TO_READY_STATE CNT_INC
1400 TASK_PRIORITY_SET CNT_INC 0
1400 MOVED_TASK_TO_READY_STATE CNT_INC
1400 TASK_SWITCHED_OUT CNT_INC
1400 TASK_SWITCHED_IN SUSP_RX
1400 QUEUE_RECEIVE_FAILED q1
1400 QUEUE_RECEIVE_FAILED q1
1400 QUEUE_RECEIVE_FAILED q1
1400 TASK_INCREMENT_TICK 1400
1401 TASK_SWITCHED_OUT SUSP_RX
1401 TASK_SWITCHED_IN CNT_INC
1401 TASK_PRIORITY_SET CNT_INC 1
1401 MOVED_TASK_TO_READY_STATE CNT_INC
1401 TASK_PRIORITY_SET CNT_INC 0
1401 MOVED_TASK_TO_READY_STATE CNT_INC
1401 TASK_SWITCHED_OUT CNT_INC
1401 TASK_SWITCHED_IN IDLE
1401 TASK_SWITCHED_OUT IDLE
1401 TASK_SWITCHED_IN CNT_INC
1401 TASK_PRIORITY_SET CNT_INC 1
1401 MOVED_TASK_TO_READY_STATE CNT_INC
1401 TASK_PRIORITY_SET CNT_INC 0
1401 MOVED_TASK_TO_READY_STATE CNT_INC
1401 TASK_SWITCHED_OUT CNT_INC
1401 TASK_SWITCHED_IN SUSP_RX
1401 QUEUE_RECEIVE_FAILED q1
1401 QUEUE_RECEIVE_FAILED q1
1401 TASK_INCREMENT_TICK 1401
1401 QUEUE_RECEIVE_FAILED q1
1401 TASK_INCREMENT_TICK 1401
1402 TASK_SWITCHED_OUT SUSP_RX
1402 TASK_SWITCHED_IN IDLE
1402 TASK_INCREMENT_TICK 1402
1403 TASK_SWITCHED_OUT IDLE
1403 TASK_SWITCHED_IN CNT_INC
1403 TASK_PRIORITY_SET CNT_INC 1
1403 MOVED_TASK_TO_READY_STATE CNT_INC
1403 TASK_PRIORITY_SET CNT_INC 0
1403 MOVED_TASK_TO_READY_STATE CNT_INC
1403 TASK_SWITCHED_OUT CNT_INC
1403 TASK_SWITCHED_IN SUSP_RX
1403 QUEUE_RECEIVE_FAILED q1
1403 QUEUE_RECEIVE_FAILED q1
1403 QUEUE_RECEIVE_FAILED q1
1403 TASK_INCREMENT_TICK 1403
1404 TASK_SWITCHED_OUT SUSP_RX
1404 TASK_SWITCHED_IN CNT_INC
1404 TASK_PRIORITY_SET CNT_INC 1
1404 MOVED_TASK_TO_READY_STATE CNT_INC
1404 TASK_PRIORITY_SET CNT_INC 0
1404 MOVED_TASK_TO_READY_STATE CNT_INC
1404 TASK_SWITCHED_OUT CNT_INC
1404 TASK_SWITCHED_IN IDLE
1404 TASK_SWITCHED_OUT IDLE
1404 TASK_SWITCHED_IN CNT_INC
1404 TASK_PRIORITY_SET CNT_INC 1
1404 MOVED_TASK_TO_READY_STATE CNT_INC
1404 TASK_PRIORITY_SET CNT_INC 0
1404 MOVED_TASK_TO_READY_STATE CNT_INC
1404 TASK_SWITCHED_OUT CNT_INC
1404 TASK_SWITCHED_IN SUSP_RX
1404 QUEUE_RECEIVE_FAILED q1
1404 QUEUE_RECEIVE_FAILED q1
1404 TASK_INCREMENT_TICK 1404
1404 QUEUE_RECEIVE_FAILED q1
1404 TASK_INCREMENT_TICK 1404
1405 TASK_SWITCHED_OUT SUSP_RX
1405 TASK_SWITCHED_IN IDLE
1405 TASK_INCREMENT_TICK 1405
1406 TASK_SWITCHED_OUT IDLE
1406 TASK_SWITCHED_IN CNT_INC
1406 TASK_PRIORITY_SET CNT_INC 1
1406 MOVED_TASK_TO_READY_STATE CNT_INC
1406 TASK_PRIORITY_SET CNT_INC 0
1406 MOVED_TASK_TO_READY_STATE CNT_INC
1406 TASK_SWITCHED_OUT CNT_INC
1406 TASK_SWITCHED_IN SUSP_RX
1406 QUEUE_RECEIVE_FAILED q1
1406 QUEUE_RECEIVE_FAILED q1
1406 QUEUE_RECEIVE_FAILED q1
1406 TASK_INCREMENT_TICK 1406
1407 TASK_SWITCHED_OUT SUSP_RX
1407 TASK_SWITCHED_IN CNT_INC
1407 TASK_PRIORITY_SET CNT_INC 1
1407 MOVED_TASK_TO_READY_STATE CNT_INC
1407 TASK_PRIORITY_SET CNT_INC 0
1407 MOVED_TASK_TO_READY_STATE CNT_INC
1407 TASK_SWITCHED_OUT CNT_INC
1407 TASK_SWITCHED_IN IDLE
1407 TASK_SWITCHED_OUT IDLE
1407 TASK_SWITCHED_IN CNT_INC
1407 TASK_PRIORITY_SET CNT_INC 1
1407 MOVED_TASK_TO_READY_STATE CNT_INC
1407 TASK_PRIORITY_SET CNT_INC 0
1407 MOVED_TASK_TO_READY_STATE CNT_INC
1407 TASK_SWITCHED_OUT CNT_INC
1407 TASK_SWITCHED_IN SUSP_RX
1407 QUEUE_RECEIVE_FAILED q1
1407 QUEUE_RECEIVE_FAILED q1
1407 TASK_INCREMENT_TICK 1407
1407 QUEUE_RECEIVE_FAILED q1
1407 TASK_INCREMENT_TICK 1407
1408 TASK_SWITCHED_OUT SUSP_RX
1408 TASK_SWITCHED_IN IDLE
1408 TASK_INCREMENT_TICK 1408
1409 TASK_SWITCHED_OUT IDLE
1409 TASK_SWITCHED_IN CNT_INC
1409 TASK_PRIORITY_SET CNT_INC 1
1409 MOVED_TASK_TO_READY_STATE CNT_INC
1409 TASK_PRIORITY_SET CNT_INC 0
1409 MOVED_TASK_TO_READY_STATE CNT_INC
1409 TASK_SWITCHED_OUT CNT_INC
1409 TASK_SWITCHED_IN SUSP_RX
1409 QUEUE_RECEIVE_FAILED q1
1409 QUEUE_RECEIVE_FAILED q1
1409 QUEUE_RECEIVE_FAILED q1
1409 TASK_INCREMENT_TICK 1409
1410 TASK_SWITCHED_OUT SUSP_RX
1410 TASK_SWITCHED_IN CNT_INC
1410 TASK_PRIORITY_SET CNT_INC 1
1410 MOVED_TASK_TO_READY_STATE CNT_INC
1410 TASK_PRIORITY_SET CNT_INC 0
1410 MOVED_TASK_TO_READY_STATE CNT_INC
1410 TASK_SWITCHED_OUT CNT_INC
1410 TASK_SWITCHED_IN IDLE
1410 TASK_SWITCHED_OUT IDLE
1410 TASK_SWITCHED_IN CNT_INC
1410 TASK_PRIORITY_SET CNT_INC 1
1410 MOVED_TASK_TO_READY_STATE CNT_INC
1410 TASK_PRIORITY_SET CNT_INC 0
1410 MOVED_TASK_TO_READY_STATE CNT_INC
1410 TASK_SWITCHED_OUT CNT_INC
1410 TASK_SWITCHED_IN SUSP_RX
1410 QUEUE_RECEIVE_FAILED q1
1410 QUEUE_RECEIVE_FAILED q1
1410 TASK_INCREMENT_TICK 1410
1410 QUEUE_RECEIVE_FAILED q1
1410 TASK_INCREMENT_TICK 1410
1411 TASK_SWITCHED_OUT SUSP_RX
1411 TASK_SWITCHED_IN IDLE
1411 TASK_INCREMENT_TICK 1411
1412 TASK_SWITCHED_OUT IDLE
1412 TASK_SWITCHED_IN CNT_INC
1412 TASK_PRIORITY_SET CNT_INC 1
1412 MOVED_TASK_TO_READY_STATE CNT_INC
1412 TASK_PRIORITY_SET CNT_INC 0
1412 MOVED_TASK_TO_READY_STATE CNT_INC
1412 TASK_SWITCHED_OUT CNT_INC
1412 TASK_SWITCHED_IN SUSP_RX
1412 QUEUE_RECEIVE_FAILED q1
1412 QUEUE_RECEIVE_FAILED q1
1412 QUEUE_RECEIVE_FAILED q1
1412 TASK_INCREMENT_TICK 1412
1413 TASK_SWITCHED_OUT SUSP_RX
1413 TASK_SWITCHED_IN CNT_INC
1413 TASK_PRIORITY_SET CNT_INC 1
1413 MOVED_TASK_TO_READY_STATE CNT_INC
1413 TASK_PRIORITY_SET CNT_INC 0
1413 MOVED_TASK_TO_READY_STATE CNT_INC
1413 TASK_SWITCHED_OUT CNT_INC
1413 TASK_SWITCHED_IN IDLE
1413 TASK_SWITCHED_OUT IDLE
1413 TASK_SWITCHED_IN CNT_INC
1413 TASK_PRIORITY_SET CNT_INC 1
1413 MOVED_TASK_TO_READY_STATE CNT_INC
1413 TASK_PRIORITY_SET CNT_INC 0
1413 MOVED_TASK_TO_READY_STATE CNT_INC
1413 TASK_SWITCHED_OUT CNT_INC
1413 TASK_SWITCHED_IN SUSP_RX
1413 QUEUE_RECEIVE_FAILED q1
1413 QUEUE_RECEIVE_FAILED q1
1413 TASK_INCREMENT_TICK 1413
1413 QUEUE_RECEIVE_FAILED q1
1413 TASK_INCREMENT_TICK 1413
1414 TASK_SWITCHED_OUT SUSP_RX
1414 TASK_SWITCHED_IN IDLE
1414 TASK_INCREMENT_TICK 1414
1415 TASK_SWITCHED_OUT IDLE
1415 TASK_SWITCHED_IN CNT_INC
1415 TASK_PRIORITY_SET CNT_INC 1
1415 MOVED_TASK_TO_READY_STATE CNT_INC
1415 TASK_PRIORITY_SET CNT_INC 0
1415 MOVED_TASK_TO_READY_STATE CNT_INC
1415 TASK_SWITCHED_OUT CNT_INC
1415 TASK_SWITCHED_IN SUSP_RX
1415 QUEUE_RECEIVE_FAILED q1
1415 QUEUE_RECEIVE_FAILED q1
1415 QUEUE_RECEIVE_FAILED q1
1415 TASK_INCREMENT_TICK 1415
1416 TASK_SWITCHED_OUT SUSP_RX
1416 TASK_SWITCHED_IN CNT_INC
1416 TASK_PRIORITY_SET CNT_INC 1
1416 MOVED_TASK_TO_READY_STATE CNT_INC
1416 TASK_PRIORITY_SET CNT_INC 0
1416 MOVED_TASK_TO_READY_STATE CNT_INC
1416 TASK_SWITCHED_OUT CNT_INC
1416 TASK_SWITCHED_IN IDLE
1416 TASK_SWITCHED_OUT IDLE
1416 TASK_SWITCHED_IN CNT_INC
1416 TASK_PRIORITY_SET CNT_INC 1
1416 MOVED_TASK_TO_READY_STATE CNT_INC
1416 TASK_PRIORITY_SET CNT_INC 0
1416 MOVED_TASK_TO_READY_STATE CNT_INC
1416 TASK_SWITCHED_OUT CNT_INC
1416 TASK_SWITCHED_IN SUSP_RX
1416 QUEUE_RECEIVE_FAILED q1
1416 QUEUE_RECEIVE_FAILED q1
1416 TASK_INCREMENT_TICK 1416
1416 QUEUE_RECEIVE_FAILED q1
1416 TASK_INCREMENT_TICK 1416
1417 TASK_SWITCHED_OUT SUSP_RX
1417 TASK_SWITCHED_IN IDLE
1417 TASK_INCREMENT_TICK 1417
1418 TASK_SWITCHED_OUT IDLE
1418 TASK_SWITCHED_IN CNT_INC
1418 TASK_PRIORITY_SET CNT_INC 1
1418 MOVED_TASK_TO_READY_STATE CNT_INC
1418 TASK_PRIORITY_SET CNT_INC 0
1418 MOVED_TASK_TO_READY_STATE CNT_INC
1418 TASK_SWITCHED_OUT CNT_INC
1418 TASK_SWITCHED_IN SUSP_RX
1418 QUEUE_RECEIVE_FAILED q1
1418 QUEUE_RECEIVE_FAILED q1
1418 QUEUE_RECEIVE_FAILED q1
1418 TASK_INCREMENT_TICK 1418
1419 MOVED_TASK_TO_READY_STATE C_CTRL
1419 TASK_SWITCHED_OUT SUSP_RX
1419 TASK_SWITCHED_IN CNT_INC
1419 TASK_PRIORITY_SET CNT_INC 1
1419 MOVED_TASK_TO_READY_STATE CNT_INC
1419 TASK_PRIORITY_SET CNT_INC 0
1419 MOVED_TASK_TO_READY_STATE CNT_INC
1419 TASK_SWITCHED_OUT CNT_INC
1419 TASK_SWITCHED_IN IDLE
1419 TASK_SWITCHED_OUT IDLE
1419 TASK_SWITCHED_IN C_CTRL
1419 TASK_SUSPEND CNT_INC
1419 TASK_RESUME CNT_INC
1419 MOVED_TASK_TO_READY_STATE CNT_INC
1419 TASK_DELAY C_CTRL 128
1419 MOVED_TASK_TO_DELAYED_LIST C_CTRL
1419 TASK_SWITCHED_OUT C_CTRL
1419 TASK_SWITCHED_IN SUSP_RX
1419 QUEUE_RECEIVE_FAILED q1
1419 TASK_INCREMENT_TICK 1419
1420 TASK_SWITCHED_OUT SUSP_RX
1420 TASK_SWITCHED_IN IDLE
1420 TASK_INCREMENT_TICK 1420
1421 MOVED_TASK_TO_READY_STATE SUSP_TX
1421 TASK_SWITCHED_OUT IDLE
1421 TASK_SWITCHED_IN CNT_INC
1421 TASK_PRIORITY_SET CNT_INC 1
1421 MOVED_TASK_TO_READY_STATE CNT_INC
1421 TASK_PRIORITY_SET CNT_INC 0
1421 MOVED_TASK_TO_READY_STATE CNT_INC
1421 TASK_SWITCHED_OUT CNT_INC
1421 TASK_SWITCHED_IN SUSP_RX
1421 QUEUE_RECEIVE_FAILED q1
1421 QUEUE_RECEIVE_FAILED q1
1421 QUEUE_RECEIVE_FAILED q1
1421 QUEUE_RECEIVE_FAILED q1
1421 TASK_INCREMENT_TICK 1421
1421 TASK_INCREMENT_TICK 1421
1422 TASK_SWITCHED_OUT SUSP_RX
1422 TASK_SWITCHED_IN SUSP_TX
1422 QUEUE_SEND q1
1422 TASK_DELAY SUSP_TX 128
1422 MOVED_TASK_TO_DELAYED_LIST SUSP_TX
1422 TASK_SWITCHED_OUT SUSP_TX
1422 TASK_SWITCHED_IN IDLE
1422 TASK_SWITCHED_OUT IDLE
1422 TASK_SWITCHED_IN CNT_INC
1422 TASK_PRIORITY_SET CNT_INC 1
1422 MOVED_TASK_TO_READY_STATE CNT_INC
1422 TASK_PRIORITY_SET CNT_INC 0
1422 MOVED_TASK_TO_READY_STATE CNT_INC
1422 TASK_SWITCHED_OUT CNT_INC
1422 TASK_SWITCHED_IN SUSP_RX
1422 QUEUE_RECEIVE q1
1422 QUEUE_RECEIVE_FAILED q1
1422 TASK_INCREMENT_TICK 1422
1423 TASK_SWITCHED_OUT SUSP_RX
1423 TASK_SWITCHED_IN CNT_INC
1423 TASK_PRIORITY_SET CNT_INC 1
1423 MOVED_TASK_TO_READY_STATE CNT_INC
1423 TASK_PRIORITY_SET CNT_INC 0
1423 MOVED_TASK_TO_READY_STATE CNT_INC
1423 TASK_SWITCHED_OUT CNT_INC
1423 TASK_SWITCHED_IN IDLE
1423 TASK_INCREMENT_TICK 1423
1424 TASK_SWITCHED_OUT IDLE
1424 TASK_SWITCHED_IN CNT_INC
1424 TASK_PRIORITY_SET CNT_INC 1
1424 MOVED_TASK_TO_READY_STATE CNT_INC
1424 TASK_PRIORITY_SET CNT_INC 0
1424 MOVED_TASK_TO_READY_STATE CNT_INC
1424 TASK_SWITCHED_OUT CNT_INC
1424 TASK_SWITCHED_IN SUSP_RX
1424 QUEUE_RECEIVE_FAILED q1
1424 QUEUE_RECEIVE_FAILED q1
1424 TASK_INCREMENT_TICK 1424
1424 QUEUE_RECEIVE_FAILED q1
1424 TASK_INCREMENT_TICK 1424
1425 TASK_SWITCHED_OUT SUSP_RX
1425 TASK_SWITCHED_IN IDLE
1425 TASK_SWITCHED_OUT IDLE
1425 TASK_SWITCHED_IN CNT_INC
1425 TASK_PRIORITY_SET CNT_INC 1
1425 MOVED_TASK_TO_READY_STATE CNT_INC
1425 TASK_PRIORITY_SET CNT_INC 0
1425 MOVED_TASK_TO_READY_STATE CNT_INC
1425 TASK_SWITCHED_OUT CNT_INC
1425 TASK_SWITCHED_IN SUSP_RX
1425 QUEUE_RECEIVE_FAILED q1
1425 QUEUE_RECEIVE_FAILED q1
1425 QUEUE_RECEIVE_FAILED q1
1425 TASK_INCREMENT_TICK 1425
1426 TASK_SWITCHED_OUT SUSP_RX
1426 TASK_SWITCHED_IN CNT_INC
1426 TASK_PRIORITY_SET CNT_INC 1
1426 MOVED_TASK_TO_READY_STATE CNT_INC
1426 TASK_PRIORITY_SET CNT_INC 0
1426 MOVED_TASK_TO_READY_STATE CNT_INC
1426 TASK_SWITCHED_OUT CNT_INC
1426 TASK_SWITCHED_IN IDLE
1426 TASK_INCREMENT_TICK 1426
1427 TASK_SWITCHED_OUT IDLE
1427 TASK_SWITCHED_IN CNT_INC
1427 TASK_PRIORITY_SET CNT_INC 1
1427 MOVED_TASK_TO_READY_STATE CNT_INC
1427 TASK_PRIORITY_SET CNT_INC 0
1427 MOVED_TASK_TO_READY_STATE CNT_INC
1427 TASK_SWITCHED_OUT CNT_INC
1427 TASK_SWITCHED_IN SUSP_RX
1427 QUEUE_RECEIVE_FAILED q1
1427 QUEUE_RECEIVE_FAILED q1
1427 TASK_INCREMENT_TICK 1427
1427 QUEUE_RECEIVE_FAILED q1
1427 TASK_INCREMENT_TICK 1427
1428 TASK_SWITCHED_OUT SUSP_RX
1428 TASK_SWITCHED_IN IDLE
1428 TASK_SWITCHED_OUT IDLE
1428 TASK_SWITCHED_IN CNT_INC
1428 TASK_PRIORITY_SET CNT_INC 1
1428 MOVED_TASK_TO_READY_STATE CNT_INC
1428 TASK_PRIORITY_SET CNT_INC 0
1428 MOVED_TASK_TO_READY_STATE CNT_INC
1428 TASK_SWITCHED_OUT CNT_INC
1428 TASK_SWITCHED_IN SUSP_RX
1428 QUEUE_RECEIVE_FAILED q1
1428 QUEUE_RECEIVE_FAILED q1
1428 QUEUE_RECEIVE_FAILED q1
1428 TASK_INCREMENT_TICK 1428
1429 TASK_SWITCHED_OUT SUSP_RX
1429 TASK_SWITCHED_IN CNT_INC
1429 TASK_PRIORITY_SET CNT_INC 1
1429 MOVED_TASK_TO_READY_STATE CNT_INC
1429 TASK_PRIORITY_SET CNT_INC 0
1429 MOVED_TASK_TO_READY_STATE CNT_INC
1429 TASK_SWITCHED_OUT CNT_INC
1429 TASK_SWITCHED_IN IDLE
1429 TASK_INCREMENT_TICK 1429
1430 TASK_SWITCHED_OUT IDLE
1430 TASK_SWITCHED_IN CNT_INC
1430 TASK_PRIORITY_SET CNT_INC 1
1430 MOVED_TASK_TO_READY_STATE CNT_INC
1430 TASK_PRIORITY_SET CNT_INC 0
1430 MOVED_TASK_TO_READY_STATE CNT_INC
1430 TASK_SWITCHED_OUT CNT_INC
1430 TASK_SWITCHED_IN SUSP_RX
1430 QUEUE_RECEIVE_FAILED q1
1430 QUEUE_RECEIVE_FAILED q1
1430 TASK_INCREMENT_TICK 1430
1430 QUEUE_RECEIVE_FAILED q1
1430 TASK_INCREMENT_TICK 1430
1431 TASK_SWITCHED_OUT SUSP_RX
1431 TASK_SWITCHED_IN IDLE
1431 TASK_SWITCHED_OUT IDLE
1431 TASK_SWITCHED_IN CNT_INC
1431 TASK_PRIORITY_SET CNT_INC 1
1431 MOVED_TASK_TO_READY_STATE CNT_INC
1431 TASK_PRIORITY_SET CNT_INC 0
1431 MOVED_TASK_TO_READY_STATE CNT_INC
1431 TASK_SWITCHED_OUT CNT_INC
1431 TASK_SWITCHED_IN SUSP_RX
1431 QUEUE_RECEIVE_FAILED q1
1431 QUEUE_RECEIVE_FAILED q1
1431 QUEUE_RECEIVE_FAILED q1
1431 TASK_INCREMENT_TICK 1431
1432 TASK_SWITCHED_OUT SUSP_RX
1432 TASK_SWITCHED_IN CNT_INC
1432 TASK_PRIORITY_SET CNT_INC 1
1432 MOVED_TASK_TO_READY_STATE CNT_INC
1432 TASK_PRIORITY_SET CNT_INC 0
1432 MOVED_TASK_TO_READY_STATE CNT_INC
1432 TASK_SWITCHED_OUT CNT_INC
1432 TASK_SWITCHED_IN IDLE
1432 TASK_INCREMENT_TICK 1432
1433 TASK_SWITCHED_OUT IDLE
1433 TASK_SWITCHED_IN CNT_INC
1433 TASK_PRIORITY_SET CNT_INC 1
1433 MOVED_TASK_TO_READY_STATE CNT_INC
1433 TASK_PRIORITY_SET CNT_INC 0
1433 MOVED_TASK_TO_READY_STATE CNT_INC
1433 TASK_SWITCHED_OUT CNT_INC
1433 TASK_SWITCHED_IN SUSP_RX
1433 QUEUE_RECEIVE_FAILED q1
1433 QUEUE_RECEIVE_FAILED q1
1433 TASK_INCREMENT_TICK 1433
1433 QUEUE_RECEIVE_FAILED q1
1433 TASK_INCREMENT_TICK 1433
1434 TASK_SWITCHED_OUT SUSP_RX
1434 TASK_SWITCHED_IN IDLE
1434 TASK_SWITCHED_OUT IDLE
1434 TASK_SWITCHED_IN CNT_INC
1434 TASK_PRIORITY_SET CNT_INC 1
1434 MOVED_TASK_TO_READY_STATE CNT_INC
1434 TASK_PRIORITY_SET CNT_INC 0
1434 MOVED_TASK_TO_READY_STATE CNT_INC
1434 TASK_SWITCHED_OUT CNT_INC
1434 TASK_SWITCHED_IN SUSP_RX
1434 QUEUE_RECEIVE_FAILED q1
1434 QUEUE_RECEIVE_FAILED q1
1434 QUEUE_RECEIVE_FAILED q1
1434 TASK_INCREMENT_TICK 1434
1435 TASK_SWITCHED_OUT SUSP_RX
1435 TASK_SWITCHED_IN CNT_INC
1435 TASK_PRIORITY_SET CNT_INC 1
1435 MOVED_TASK_TO_READY_STATE CNT_INC
1435 TASK_PRIORITY_SET CNT_INC 0
1435 MOVED_TASK_TO_READY_STATE CNT_INC
1435 TASK_SWITCHED_OUT CNT_INC
1435 TASK_SWITCHED_IN IDLE
1435 TASK_INCREMENT_TICK 1435
1436 TASK_SWITCHED_OUT IDLE
1436 TASK_SWITCHED_IN CNT_INC
1436 TASK_PRIORITY_SET CNT_INC 1
1436 MOVED_TASK_TO_READY_STATE CNT_INC
1436 TASK_PRIORITY_SET CNT_INC 0
1436 MOVED_TASK_TO_READY_STATE CNT_INC
1436 TASK_SWITCHED_OUT CNT_INC
1436 TASK_SWITCHED_IN SUSP_RX
1436 QUEUE_RECEIVE_FAILED q1
1436 QUEUE_RECEIVE_FAILED q1
1436 TASK_INCREMENT_TICK 1436
1436 QUEUE_RECEIVE_FAILED q1
1436 TASK_INCREMENT_TICK 1436
1437 TASK_SWITCHED_OUT SUSP_RX
1437 TASK_SWITCHED_IN IDLE
1437 TASK_SWITCHED_OUT IDLE
1437 TASK_SWITCHED_IN CNT_INC
1437 TASK_PRIORITY_SET CNT_INC 1
1437 MOVED_TASK_TO_READY_STATE CNT_INC
1437 TASK_PRIORITY_SET CNT_INC 0
1437 MOVED_TASK_TO_READY_STATE CNT_INC
1437 TASK_SWITCHED_OUT CNT_INC
1437 TASK_SWITCHED_IN SUSP_RX
1437 QUEUE_RECEIVE_FAILED q1
1437 QUEUE_RECEIVE_FAILED q1
1437 QUEUE_RECEIVE_FAILED q1
1437 TASK_INCREMENT_TICK 1437
1438 TASK_SWITCHED_OUT SUSP_RX
1438 TASK_SWITCHED_IN CNT_INC
1438 TASK_PRIORITY_SET CNT_INC 1
1438 MOVED_TASK_TO_READY_STATE CNT_INC
1438 TASK_PRIORITY_SET CNT_INC 0
1438 MOVED_TASK_TO_READY_STATE CNT_INC
1438 TASK_SWITCHED_OUT CNT_INC
1438 TASK_SWITCHED_IN IDLE
1438 TASK_INCREMENT_TICK 1438
1439 TASK_SWITCHED_OUT IDLE
1439 TASK_SWITCHED_IN CNT_INC
1439 TASK_PRIORITY_SET CNT_INC 1
1439 MOVED_TASK_TO_READY_STATE CNT_INC
1439 TASK_PRIORITY_SET CNT_INC 0
1439 MOVED_TASK_TO_READY_STATE CNT_INC
1439 TASK_SWITCHED_OUT CNT_INC
1439 TASK_SWITCHED_IN SUSP_RX
1439 QUEUE_RECEIVE_FAILED q1
1439 QUEUE_RECEIVE_FAILED q1
1439 TASK_INCREMENT_TICK 1439
1439 QUEUE_RECEIVE_FAILED q1
1439 TASK_INCREMENT_TICK 1439
1440 TASK_SWITCHED_OUT SUSP_RX
1440 TASK_SWITCHED_IN IDLE
1440 TASK_SWITCHED_OUT IDLE
1440 TASK_SWITCHED_IN CNT_INC
1440 TASK_PRIORITY_SET CNT_INC 1
1440 MOVED_TASK_TO_READY_STATE CNT_INC
1440 TASK_PRIORITY_SET CNT_INC 0
1440 MOVED_TASK_TO_READY_STATE CNT_INC
1440 TASK_SWITCHED_OUT CNT_INC
1440 TASK_SWITCHED_IN SUSP_RX
1440 QUEUE_RECEIVE_FAILED q1
1440 QUEUE_RECEIVE_FAILED q1
1440 QUEUE_RECEIVE_FAILED q1
1440 TASK_INCREMENT_TICK 1440
1441 TASK_SWITCHED_OUT SUSP_RX
1441 TASK_SWITCHED_IN CNT_INC
1441 TASK_PRIORITY_SET CNT_INC 1
1441 MOVED_TASK_TO_READY_STATE CNT_INC
1441 TASK_PRIORITY_SET CNT_INC 0
1441 MOVED_TASK_TO_READY_STATE CNT_INC
1441 TASK_SWITCHED_OUT CNT_INC
1441 TASK_SWITCHED_IN IDLE
1441 TASK_INCREMENT_TICK 1441
1442 TASK_SWITCHED_OUT IDLE
1442 TASK_SWITCHED_IN CNT_INC
1442 TASK_PRIORITY_SET CNT_INC 1
1442 MOVED_TASK_TO_READY_STATE CNT_INC
1442 TASK_PRIORITY_SET CNT_INC 0
1442 MOVED_TASK_TO_READY_STATE CNT_INC
1442 TASK_SWITCHED_OUT CNT_INC
1442 TASK_SWITCHED_IN SUSP_RX
1442 QUEUE_RECEIVE_FAILED q1
1442 QUEUE_RECEIVE_FAILED q1
1442 TASK_INCREMENT_TICK 1442
1442 QUEUE_RECEIVE_FAILED q1
1442 TASK_INCREMENT_TICK 1442
1443 TASK_SWITCHED_OUT SUSP_RX
1443 TASK_SWITCHED_IN IDLE
1443 TASK_SWITCHED_OUT IDLE
1443 TASK_SWITCHED_IN CNT_INC
1443 TASK_PRIORITY_SET CNT_INC 1
1443 MOVED_TASK_TO_READY_STATE CNT_INC
1443 TASK_PRIORITY_SET CNT_INC 0
1443 MOVED_TASK_TO_READY_STATE CNT_INC
1443 TASK_SWITCHED_OUT CNT_INC
1443 TASK_SWITCHED_IN SUSP_RX
1443 QUEUE_RECEIVE_FAILED q1
1443 QUEUE_RECEIVE_FAILED q1
1443 QUEUE_RECEIVE_FAILED q1
1443 TASK_INCREMENT_TICK 1443
1444 TASK_SWITCHED_OUT SUSP_RX
1444 TASK_SWITCHED_IN CNT_INC
1444 TASK_PRIORITY_SET CNT_INC 1
1444 MOVED_TASK_TO_READY_STATE CNT_INC
1444 TASK_PRIORITY_SET CNT_INC 0
1444 MOVED_TASK_TO_READY_STATE CNT_INC
1444 TASK_SWITCHED_OUT CNT_INC
1444 TASK_SWITCHED_IN IDLE
1444 TASK_INCREMENT_TICK 1444
1445 TASK_SWITCHED_OUT IDLE
1445 TASK_SWITCHED_IN CNT_INC
1445 TASK_PRIORITY_SET CNT_INC 1
1445 MOVED_TASK_TO_READY_STATE CNT_INC
1445 TASK_PRIORITY_SET CNT_INC 0
1445 MOVED_TASK_TO_READY_STATE CNT_INC
1445 TASK_SWITCHED_OUT CNT_INC
1445 TASK_SWITCHED_IN SUSP_RX
1445 QUEUE_RECEIVE_FAILED q1
1445 QUEUE_RECEIVE_FAILED q1
1445 TASK_INCREMENT_TICK 1445
1445 QUEUE_RECEIVE_FAILED q1
1445 TASK_INCREMENT_TICK 1445
1446 TASK_SWITCHED_OUT SUSP_RX
1446 TASK_SWITCHED_IN IDLE
1446 TASK_SWITCHED_OUT IDLE
1446 TASK_SWITCHED_IN CNT_INC
1446 TASK_PRIORITY_SET CNT_INC 1
1446 MOVED_TASK_TO_READY_STATE CNT_INC
1446 TASK_PRIORITY_SET CNT_INC 0
1446 MOVED_TASK_TO_READY_STATE CNT_INC
1446 TASK_SWITCHED_OUT CNT_INC
1446 TASK_SWITCHED_IN SUSP_RX
1446 QUEUE_RECEIVE_FAILED q1
1446 QUEUE_RECEIVE_FAILED q1
1446 QUEUE_RECEIVE_FAILED q1
1446 TASK_INCREMENT_TICK 1446
1447 TASK_SWITCHED_OUT SUSP_RX
1447 TASK_SWITCHED_IN CNT_INC
1447 TASK_PRIORITY_SET CNT_INC 1
1447 MOVED_TASK_TO_READY_STATE CNT_INC
1447 TASK_PRIORITY_SET CNT_INC 0
1447 MOVED_TASK_TO_READY_STATE CNT_INC
1447 TASK_SWITCHED_OUT CNT_INC
1447 TASK_SWITCHED_IN IDLE
1447 TASK_INCREMENT_TICK 1447
1448 TASK_SWITCHED_OUT IDLE
1448 TASK_SWITCHED_IN CNT_INC
1448 TASK_PRIORITY_SET CNT_INC 1
1448 MOVED_TASK_TO_READY_STATE CNT_INC
1448 TASK_PRIORITY_SET CNT_INC 0
1448 MOVED_TASK_TO_READY_STATE CNT_INC
1448 TASK_SWITCHED_OUT CNT_INC
1448 TASK_SWITCHED_IN SUSP_RX
1448 QUEUE_RECEIVE_FAILED q1
1448 QUEUE_RECEIVE_FAILED q1
1448 TASK_INCREMENT_TICK 1448
1448 QUEUE_RECEIVE_FAILED q1
1448 TASK_INCREMENT_TICK 1448
1449 TASK_SWITCHED_OUT SUSP_RX
1449 TASK_SWITCHED_IN IDLE
1449 TASK_SWITCHED_OUT IDLE
1449 TASK_SWITCHED_IN CNT_INC
1449 TASK_PRIORITY_SET CNT_INC 1
1449 MOVED_TASK_TO_READY_STATE CNT_INC
1449 TASK_PRIORITY_SET CNT_INC 0
1449 MOVED_TASK_TO_READY_STATE CNT_INC
1449 TASK_SWITCHED_OUT CNT_INC
1449 TASK_SWITCHED_IN SUSP_RX
1449 QUEUE_RECEIVE_FAILED q1
1449 QUEUE_RECEIVE_FAILED q1
1449 QUEUE_RECEIVE_FAILED q1
1449 TASK_INCREMENT_TICK 1449
1450 TASK_SWITCHED_OUT SUSP_RX
1450 TASK_SWITCHED_IN CNT_INC
1450 TASK_PRIORITY_SET CNT_INC 1
1450 MOVED_TASK_TO_READY_STATE CNT_INC
1450 TASK_PRIORITY_SET CNT_INC 0
1450 MOVED_TASK_TO_READY_STATE CNT_INC
1450 TASK_SWITCHED_OUT CNT_INC
1450 TASK_SWITCHED_IN IDLE
1450 TASK_INCREMENT_TICK 1450
1451 TASK_SWITCHED_OUT IDLE
1451 TASK_SWITCHED_IN CNT_INC
1451 TASK_PRIORITY_SET CNT_INC 1
1451 MOVED_TASK_TO_READY_STATE CNT_INC
1451 TASK_PRIORITY_SET CNT_INC 0
1451 MOVED_TASK_TO_READY_STATE CNT_INC
1451 TASK_SWITCHED_OUT CNT_INC
1451 TASK_SWITCHED_IN SUSP_RX
1451 QUEUE_RECEIVE_FAILED q1
1451 QUEUE_RECEIVE_FAILED q1
1451 TASK_INCREMENT_TICK 1451
1451 QUEUE_RECEIVE_FAILED q1
1451 TASK_INCREMENT_TICK 1451
1452 TASK_SWITCHED_OUT SUSP_RX
1452 TASK_SWITCHED_IN IDLE
1452 TASK_SWITCHED_OUT IDLE
1452 TASK_SWITCHED_IN CNT_INC
1452 TASK_PRIORITY_SET CNT_INC 1
1452 MOVED_TASK_TO_READY_STATE CNT_INC
1452 TASK_PRIORITY_SET CNT_INC 0
1452 MOVED_TASK_TO_READY_STATE CNT_INC
1452 TASK_SWITCHED_OUT CNT_INC
1452 TASK_SWITCHED_IN SUSP_RX
1452 QUEUE_RECEIVE_FAILED q1
1452 QUEUE_RECEIVE_FAILED q1
1452 QUEUE_RECEIVE_FAILED q1
1452 TASK_INCREMENT_TICK 1452
1453 TASK_SWITCHED_OUT SUSP_RX
1453 TASK_SWITCHED_IN CNT_INC
1453 TASK_PRIORITY_SET CNT_INC 1
1453 MOVED_TASK_TO_READY_STATE CNT_INC
1453 TASK_PRIORITY_SET CNT_INC 0
1453 MOVED_TASK_TO_READY_STATE CNT_INC
1453 TASK_SWITCHED_OUT CNT_INC
1453 TASK_SWITCHED_IN IDLE
1453 TASK_INCREMENT_TICK 1453
1454 TASK_SWITCHED_OUT IDLE
1454 TASK_SWITCHED_IN CNT_INC
1454 TASK_PRIORITY_SET CNT_INC 1
1454 MOVED_TASK_TO_READY_STATE CNT_INC
1454 TASK_PRIORITY_SET CNT_INC 0
1454 MOVED_TASK_TO_READY_STATE CNT_INC
1454 TASK_SWITCHED_OUT CNT_INC
1454 TASK_SWITCHED_IN SUSP_RX
1454 QUEUE_RECEIVE_FAILED q1
1454 QUEUE_RECEIVE_FAILED q1
1454 TASK_INCREMENT_TICK 1454
1454 QUEUE_RECEIVE_FAILED q1
1454 TASK_INCREMENT_TICK 1454
1455 TASK_SWITCHED_OUT SUSP_RX
1455 TASK_SWITCHED_IN IDLE
1455 TASK_SWITCHED_OUT IDLE
1455 TASK_SWITCHED_IN CNT_INC
1455 TASK_PRIORITY_SET CNT_INC 1
1455 MOVED_TASK_TO_READY_STATE CNT_INC
1455 TASK_PRIORITY_SET CNT_INC 0
1455 MOVED_TASK_TO_READY_STATE CNT_INC
1455 TASK_SWITCHED_OUT CNT_INC
1455 TASK_SWITCHED_IN SUSP_RX
1455 QUEUE_RECEIVE_FAILED q1
1455 QUEUE_RECEIVE_FAILED q1
1455 QUEUE_RECEIVE_FAILED q1
1455 TASK_INCREMENT_TICK 1455
1456 TASK_SWITCHED_OUT SUSP_RX
1456 TASK_SWITCHED_IN CNT_INC
1456 TASK_PRIORITY_SET CNT_INC 1
1456 MOVED_TASK_TO_READY_STATE CNT_INC
1456 TASK_PRIORITY_SET CNT_INC 0
1456 MOVED_TASK_TO_READY_STATE CNT_INC
1456 TASK_SWITCHED_OUT CNT_INC
1456 TASK_SWITCHED_IN IDLE
1456 TASK_INCREMENT_TICK 1456
1457 TASK_SWITCHED_OUT IDLE
1457 TASK_SWITCHED_IN CNT_INC
1457 TASK_PRIORITY_SET CNT_INC 1
1457 MOVED_TASK_TO_READY_STATE CNT_INC
1457 TASK_PRIORITY_SET CNT_INC 0
1457 MOVED_TASK_TO_READY_STATE CNT_INC
1457 TASK_SWITCHED_OUT CNT_INC
1457 TASK_SWITCHED_IN SUSP_RX
1457 QUEUE_RECEIVE_FAILED q1
1457 QUEUE_RECEIVE_FAILED q1
1457 TASK_INCREMENT_TICK 1457
1457 QUEUE_RECEIVE_FAILED q1
1457 TASK_INCREMENT_TICK 1457
1458 TASK_SWITCHED_OUT SUSP_RX
1458 TASK_SWITCHED_IN IDLE
1458 TASK_SWITCHED_OUT IDLE
1458 TASK_SWITCHED_IN CNT_INC
1458 TASK_PRIORITY_SET CNT_INC 1
1458 MOVED_TASK_TO_READY_STATE CNT_INC
1458 TASK_PRIORITY_SET CNT_INC 0
1458 MOVED_TASK_TO_READY_STATE CNT_INC
1458 TASK_SWITCHED_OUT CNT_INC
1458 TASK_SWITCHED_IN SUSP_RX
1458 QUEUE_RECEIVE_FAILED q1
1458 QUEUE_RECEIVE_FAILED q1
1458 QUEUE_RECEIVE_FAILED q1
1458 TASK_INCREMENT_TICK 1458
1459 TASK_SWITCHED_OUT SUSP_RX
1459 TASK_SWITCHED_IN CNT_INC
1459 TASK_PRIORITY_SET CNT_INC 1
1459 MOVED_TASK_TO_READY_STATE CNT_INC
1459 TASK_PRIORITY_SET CNT_INC 0
1459 MOVED_TASK_TO_READY_STATE CNT_INC
1459 TASK_SWITCHED_OUT CNT_INC
1459 TASK_SWITCHED_IN IDLE
1459 TASK_INCREMENT_TICK 1459
1460 TASK_SWITCHED_OUT IDLE
1460 TASK_SWITCHED_IN CNT_INC
1460 TASK_PRIORITY_SET CNT_INC 1
1460 MOVED_TASK_TO_READY_STATE CNT_INC
1460 TASK_PRIORITY_SET CNT_INC 0
1460 MOVED_TASK_TO_READY_STATE CNT_INC
1460 TASK_SWITCHED_OUT CNT_INC
1460 TASK_SWITCHED_IN SUSP_RX
1460 QUEUE_RECEIVE_FAILED q1
1460 QUEUE_RECEIVE_FAILED q1
1460 TASK_INCREMENT_TICK 1460
1460 QUEUE_RECEIVE_FAILED q1
1460 TASK_INCREMENT_TICK 1460
1461 TASK_SWITCHED_OUT SUSP_RX
1461 TASK_SWITCHED_IN IDLE
1461 TASK_SWITCHED_OUT IDLE
1461 TASK_SWITCHED_IN CNT_INC
1461 TASK_PRIORITY_SET CNT_INC 1
1461 MOVED_TASK_TO_READY_STATE CNT_INC
1461 TASK_PRIORITY_SET CNT_INC 0
1461 MOVED_TASK_TO_READY_STATE CNT_INC
1461 TASK_SWITCHED_OUT CNT_INC
1461 TASK_SWITCHED_IN SUSP_RX
1461 QUEUE_RECEIVE_FAILED q1
1461 QUEUE_RECEIVE_FAILED q1
1461 QUEUE_RECEIVE_FAILED q1
1461 TASK_INCREMENT_TICK 1461
1462 TASK_SWITCHED_OUT SUSP_RX
1462 TASK_SWITCHED_IN CNT_INC
1462 TASK_PRIORITY_SET CNT_INC 1
1462 MOVED_TASK_TO_READY_STATE CNT_INC
1462 TASK_PRIORITY_SET CNT_INC 0
1462 MOVED_TASK_TO_READY_STATE CNT_INC
1462 TASK_SWITCHED_OUT CNT_INC
1462 TASK_SWITCHED_IN IDLE
1462 TASK_INCREMENT_TICK 1462
1463 TASK_SWITCHED_OUT IDLE
1463 TASK_SWITCHED_IN CNT_INC
1463 TASK_PRIORITY_SET CNT_INC 1
1463 MOVED_TASK_TO_READY_STATE CNT_INC
1463 TASK_PRIORITY_SET CNT_INC 0
1463 MOVED_TASK_TO_READY_STATE CNT_INC
1463 TASK_SWITCHED_OUT CNT_INC
1463 TASK_SWITCHED_IN SUSP_RX
1463 QUEUE_RECEIVE_FAILED q1
1463 QUEUE_RECEIVE_FAILED q1
1463 TASK_INCREMENT_TICK 1463
1463 QUEUE_RECEIVE_FAILED q1
1463 TASK_INCREMENT_TICK 1463
1464 TASK_SWITCHED_OUT SUSP_RX
1464 TASK_SWITCHED_IN IDLE
1464 TASK_SWITCHED_OUT IDLE
1464 TASK_SWITCHED_IN CNT_INC
1464 TASK_PRIORITY_SET CNT_INC 1
1464 MOVED_TASK_TO_READY_STATE CNT_INC
1464 TASK_PRIORITY_SET CNT_INC 0
1464 MOVED_TASK_TO_READY_STATE CNT_INC
1464 TASK_SWITCHED_OUT CNT_INC
1464 TASK_SWITCHED_IN SUSP_RX
1464 QUEUE_RECEIVE_FAILED q1
1464 QUEUE_RECEIVE_FAILED q1
1464 QUEUE_RECEIVE_FAILED q1
1464 TASK_INCREMENT_TICK 1464
1465 TASK_SWITCHED_OUT SUSP_RX
1465 TASK_SWITCHED_IN CNT_INC
1465 TASK_PRIORITY_SET CNT_INC 1
1465 MOVED_TASK_TO_READY_STATE CNT_INC
1465 TASK_PRIORITY_SET CNT_INC 0
1465 MOVED_TASK_TO_READY_STATE CNT_INC
1465 TASK_SWITCHED_OUT CNT_INC
1465 TASK_SWITCHED_IN IDLE
1465 TASK_INCREMENT_TICK 1465
1466 TASK_SWITCHED_OUT IDLE
1466 TASK_SWITCHED_IN CNT_INC
1466 TASK_PRIORITY_SET CNT_INC 1
1466 MOVED_TASK_TO_READY_STATE CNT_INC
1466 TASK_PRIORITY_SET CNT_INC 0
1466 MOVED_TASK_TO_READY_STATE CNT_INC
1466 TASK_SWITCHED_OUT CNT_INC
1466 TASK_SWITCHED_IN SUSP_RX
1466 QUEUE_RECEIVE_FAILED q1
1466 QUEUE_RECEIVE_FAILED q1
1466 TASK_INCREMENT_TICK 1466
1466 QUEUE_RECEIVE_FAILED q1
1466 TASK_INCREMENT_TICK 1466
1467 TASK_SWITCHED_OUT SUSP_RX
1467 TASK_SWITCHED_IN IDLE
1467 TASK_SWITCHED_OUT IDLE
1467 TASK_SWITCHED_IN CNT_INC
1467 TASK_PRIORITY_SET CNT_INC 1
1467 MOVED_TASK_TO_READY_STATE CNT_INC
1467 TASK_PRIORITY_SET CNT_INC 0
1467 MOVED_TASK_TO_READY_STATE CNT_INC
1467 TASK_SWITCHED_OUT CNT_INC
1467 TASK_SWITCHED_IN SUSP_RX
1467 QUEUE_RECEIVE_FAILED q1
1467 QUEUE_RECEIVE_FAILED q1
1467 QUEUE_RECEIVE_FAILED q1
1467 TASK_INCREMENT_TICK 1467
1468 TASK_SWITCHED_OUT SUSP_RX
1468 TASK_SWITCHED_IN CNT_INC
1468 TASK_PRIORITY_SET CNT_INC 1
1468 MOVED_TASK_TO_READY_STATE CNT_INC
1468 TASK_PRIORITY_SET CNT_INC 0
1468 MOVED_TASK_TO_READY_STATE CNT_INC
1468 TASK_SWITCHED_OUT CNT_INC
1468 TASK_SWITCHED_IN IDLE
1468 TASK_INCREMENT_TICK 1468
1469 TASK_SWITCHED_OUT IDLE
1469 TASK_SWITCHED_IN CNT_INC
1469 TASK_PRIORITY_SET CNT_INC 1
1469 MOVED_TASK_TO_READY_STATE CNT_INC
1469 TASK_PRIORITY_SET CNT_INC 0
1469 MOVED_TASK_TO_READY_STATE CNT_INC
1469 TASK_SWITCHED_OUT CNT_INC
1469 TASK_SWITCHED_IN SUSP_RX
1469 QUEUE_RECEIVE_FAILED q1
1469 QUEUE_RECEIVE_FAILED q1
1469 TASK_INCREMENT_TICK 1469
1469 QUEUE_RECEIVE_FAILED q1
1469 TASK_INCREMENT_TICK 1469
1470 TASK_SWITCHED_OUT SUSP_RX
1470 TASK_SWITCHED_IN IDLE
1470 TASK_SWITCHED_OUT IDLE
1470 TASK_SWITCHED_IN CNT_INC
1470 TASK_PRIORITY_SET CNT_INC 1
1470 MOVED_TASK_TO_READY_STATE CNT_INC
1470 TASK_PRIORITY_SET CNT_INC 0
1470 MOVED_TASK_TO_READY_STATE CNT_INC
1470 TASK_SWITCHED_OUT CNT_INC
1470 TASK_SWITCHED_IN SUSP_RX
1470 QUEUE_RECEIVE_FAILED q1
1470 QUEUE_RECEIVE_FAILED q1
1470 QUEUE_RECEIVE_FAILED q1
1470 TASK_INCREMENT_TICK 1470
1471 TASK_SWITCHED_OUT SUSP_RX
1471 TASK_SWITCHED_IN CNT_INC
1471 TASK_PRIORITY_SET CNT_INC 1
1471 MOVED_TASK_TO_READY_STATE CNT_INC
1471 TASK_PRIORITY_SET CNT_INC 0
1471 MOVED_TASK_TO_READY_STATE CNT_INC
1471 TASK_SWITCHED_OUT CNT_INC
1471 TASK_SWITCHED_IN IDLE
1471 TASK_INCREMENT_TICK 1471
1472 TASK_SWITCHED_OUT IDLE
1472 TASK_SWITCHED_IN CNT_INC
1472 TASK_PRIORITY_SET CNT_INC 1
1472 MOVED_TASK_TO_READY_STATE CNT_INC
1472 TASK_PRIORITY_SET CNT_INC 0
1472 MOVED_TASK_TO_READY_STATE CNT_INC
1472 TASK_SWITCHED_OUT CNT_INC
1472 TASK_SWITCHED_IN SUSP_RX
1472 QUEUE_RECEIVE_FAILED q1
1472 QUEUE_RECEIVE_FAILED q1
1472 TASK_INCREMENT_TICK 1472
1472 QUEUE_RECEIVE_FAILED q1
1472 TASK_INCREMENT_TICK 1472
1473 TASK_SWITCHED_OUT SUSP_RX
1473 TASK_SWITCHED_IN IDLE
1473 TASK_SWITCHED_OUT IDLE
1473 TASK_SWITCHED_IN CNT_INC
1473 TASK_PRIORITY_SET CNT_INC 1
1473 MOVED_TASK_TO_READY_STATE CNT_INC
1473 TASK_PRIORITY_SET CNT_INC 0
1473 MOVED_TASK_TO_READY_STATE CNT_INC
1473 TASK_SWITCHED_OUT CNT_INC
1473 TASK_SWITCHED_IN SUSP_RX
1473 QUEUE_RECEIVE_FAILED q1
1473 QUEUE_RECEIVE_FAILED q1
1473 QUEUE_RECEIVE_FAILED q1
1473 TASK_INCREMENT_TICK 1473
1474 TASK_SWITCHED_OUT SUSP_RX
1474 TASK_SWITCHED_IN CNT_INC
1474 TASK_PRIORITY_SET CNT_INC 1
1474 MOVED_TASK_TO_READY_STATE CNT_INC
1474 TASK_PRIORITY_SET CNT_INC 0
1474 MOVED_TASK_TO_READY_STATE CNT_INC
1474 TASK_SWITCHED_OUT CNT_INC
1474 TASK_SWITCHED_IN IDLE
1474 TASK_INCREMENT_TICK 1474
1475 TASK_SWITCHED_OUT IDLE
1475 TASK_SWITCHED_IN CNT_INC
1475 TASK_PRIORITY_SET CNT_INC 1
1475 MOVED_TASK_TO_READY_STATE CNT_INC
1475 TASK_PRIORITY_SET CNT_INC 0
1475 MOVED_TASK_TO_READY_STATE CNT_INC
1475 TASK_SWITCHED_OUT CNT_INC
1475 TASK_SWITCHED_IN SUSP_RX
1475 QUEUE_RECEIVE_FAILED q1
1475 QUEUE_RECEIVE_FAILED q1
1475 TASK_INCREMENT_TICK 1475
1475 QUEUE_RECEIVE_FAILED q1
1475 TASK_INCREMENT_TICK 1475
1476 TASK_SWITCHED_OUT SUSP_RX
1476 TASK_SWITCHED_IN IDLE
1476 TASK_SWITCHED_OUT IDLE
1476 TASK_SWITCHED_IN CNT_INC
1476 TASK_PRIORITY_SET CNT_INC 1
1476 MOVED_TASK_TO_READY_STATE CNT_INC
1476 TASK_PRIORITY_SET CNT_INC 0
1476 MOVED_TASK_TO_READY_STATE CNT_INC
1476 TASK_SWITCHED_OUT CNT_INC
1476 TASK_SWITCHED_IN SUSP_RX
1476 QUEUE_RECEIVE_FAILED q1
1476 QUEUE_RECEIVE_FAILED q1
1476 QUEUE_RECEIVE_FAILED q1
1476 TASK_INCREMENT_TICK 1476
1477 TASK_SWITCHED_OUT SUSP_RX
1477 TASK_SWITCHED_IN CNT_INC
1477 TASK_PRIORITY_SET CNT_INC 1
1477 MOVED_TASK_TO_READY_STATE CNT_INC
1477 TASK_PRIORITY_SET CNT_INC 0
1477 MOVED_TASK_TO_READY_STATE CNT_INC
1477 TASK_SWITCHED_OUT CNT_INC
1477 TASK_SWITCHED_IN IDLE
1477 TASK_INCREMENT_TICK 1477
1478 TASK_SWITCHED_OUT IDLE
1478 TASK_SWITCHED_IN CNT_INC
1478 TASK_PRIORITY_SET CNT_INC 1
1478 MOVED_TASK_TO_READY_STATE CNT_INC
1478 TASK_PRIORITY_SET CNT_INC 0
1478 MOVED_TASK_TO_READY_STATE CNT_INC
1478 TASK_SWITCHED_OUT CNT_INC
1478 TASK_SWITCHED_IN SUSP_RX
1478 QUEUE_RECEIVE_FAILED q1
1478 QUEUE_RECEIVE_FAILED q1
1478 TASK_INCREMENT_TICK 1478
1478 QUEUE_RECEIVE_FAILED q1
1478 TASK_INCREMENT_TICK 1478
1479 TASK_SWITCHED_OUT SUSP_RX
1479 TASK_SWITCHED_IN IDLE
1479 TASK_SWITCHED_OUT IDLE
1479 TASK_SWITCHED_IN CNT_INC
1479 TASK_PRIORITY_SET CNT_INC 1
1479 MOVED_TASK_TO_READY_STATE CNT_INC
1479 TASK_PRIORITY_SET CNT_INC 0
1479 MOVED_TASK_TO_READY_STATE CNT_INC
1479 TASK_SWITCHED_OUT CNT_INC
1479 TASK_SWITCHED_IN SUSP_RX
1479 QUEUE_RECEIVE_FAILED q1
1479 QUEUE_RECEIVE_FAILED q1
1479 QUEUE_RECEIVE_FAILED q1
1479 TASK_INCREMENT_TICK 1479
1480 TASK_SWITCHED_OUT SUSP_RX
1480 TASK_SWITCHED_IN CNT_INC
1480 TASK_PRIORITY_SET CNT_INC 1
1480 MOVED_TASK_TO_READY_STATE CNT_INC
1480 TASK_PRIORITY_SET CNT_INC 0
1480 MOVED_TASK_TO_READY_STATE CNT_INC
1480 TASK_SWITCHED_OUT CNT_INC
1480 TASK_SWITCHED_IN IDLE
1480 TASK_INCREMENT_TICK 1480
1481 TASK_SWITCHED_OUT IDLE
1481 TASK_SWITCHED_IN CNT_INC
1481 TASK_PRIORITY_SET CNT_INC 1
1481 MOVED_TASK_TO_READY_STATE CNT_INC
1481 TASK_PRIORITY_SET CNT_INC 0
1481 MOVED_TASK_TO_READY_STATE CNT_INC
1481 TASK_SWITCHED_OUT CNT_INC
1481 TASK_SWITCHED_IN SUSP_RX
1481 QUEUE_RECEIVE_FAILED q1
1481 QUEUE_RECEIVE_FAILED q1
1481 TASK_INCREMENT_TICK 1481
1481 QUEUE_RECEIVE_FAILED q1
1481 TASK_INCREMENT_TICK 1481
1482 TASK_SWITCHED_OUT SUSP_RX
1482 TASK_SWITCHED_IN IDLE
1482 TASK_SWITCHED_OUT IDLE
1482 TASK_SWITCHED_IN CNT_INC
1482 TASK_PRIORITY_SET CNT_INC 1
1482 MOVED_TASK_TO_READY_STATE CNT_INC
1482 TASK_PRIORITY_SET CNT_INC 0
1482 MOVED_TASK_TO_READY_STATE CNT_INC
1482 TASK_SWITCHED_OUT CNT_INC
1482 TASK_SWITCHED_IN SUSP_RX
1482 QUEUE_RECEIVE_FAILED q1
1482 QUEUE_RECEIVE_FAILED q1
1482 QUEUE_RECEIVE_FAILED q1
1482 TASK_INCREMENT_TICK 1482
1483 TASK_SWITCHED_OUT SUSP_RX
1483 TASK_SWITCHED_IN CNT_INC
1483 TASK_PRIORITY_SET CNT_INC 1
1483 MOVED_TASK_TO_READY_STATE CNT_INC
1483 TASK_PRIORITY_SET CNT_INC 0
1483 MOVED_TASK_TO_READY_STATE CNT_INC
1483 TASK_SWITCHED_OUT CNT_INC
1483 TASK_SWITCHED_IN IDLE
1483 TASK_INCREMENT_TICK 1483
1484 TASK_SWITCHED_OUT IDLE
1484 TASK_SWITCHED_IN CNT_INC
1484 TASK_PRIORITY_SET CNT_INC 1
1484 MOVED_TASK_TO_READY_STATE CNT_INC
1484 TASK_PRIORITY_SET CNT_INC 0
1484 MOVED_TASK_TO_READY_STATE CNT_INC
1484 TASK_SWITCHED_OUT CNT_INC
1484 TASK_SWITCHED_IN SUSP_RX
1484 QUEUE_RECEIVE_FAILED q1
1484 QUEUE_RECEIVE_FAILED q1
1484 TASK_INCREMENT_TICK 1484
1484 QUEUE_RECEIVE_FAILED q1
1484 TASK_INCREMENT_TICK 1484
1485 TASK_SWITCHED_OUT SUSP_RX
1485 TASK_SWITCHED_IN IDLE
1485 TASK_SWITCHED_OUT IDLE
1485 TASK_SWITCHED_IN CNT_INC
1485 TASK_PRIORITY_SET CNT_INC 1
1485 MOVED_TASK_TO_READY_STATE CNT_INC
1485 TASK_PRIORITY_SET CNT_INC 0
1485 MOVED_TASK_TO_READY_STATE CNT_INC
1485 TASK_SWITCHED_OUT CNT_INC
1485 TASK_SWITCHED_IN SUSP_RX
1485 QUEUE_RECEIVE_FAILED q1
1485 QUEUE_RECEIVE_FAILED q1
1485 QUEUE_RECEIVE_FAILED q1
1485 TASK_INCREMENT_TICK 1485
1486 TASK_SWITCHED_OUT SUSP_RX
1486 TASK_SWITCHED_IN CNT_INC
1486 TASK_PRIORITY_SET CNT_INC 1
1486 MOVED_TASK_TO_READY_STATE CNT_INC
1486 TASK_PRIORITY_SET CNT_INC 0
1486 MOVED_TASK_TO_READY_STATE CNT_INC
1486 TASK_SWITCHED_OUT CNT_INC
1486 TASK_SWITCHED_IN IDLE
1486 TASK_INCREMENT_TICK 1486
1487 TASK_SWITCHED_OUT IDLE
1487 TASK_SWITCHED_IN CNT_INC
1487 TASK_PRIORITY_SET CNT_INC 1
1487 MOVED_TASK_TO_READY_STATE CNT_INC
1487 TASK_PRIORITY_SET CNT_INC 0
1487 MOVED_TASK_TO_READY_STATE CNT_INC
1487 TASK_SWITCHED_OUT CNT_INC
1487 TASK_SWITCHED_IN SUSP_RX
1487 QUEUE_RECEIVE_FAILED q1
1487 QUEUE_RECEIVE_FAILED q1
1487 TASK_INCREMENT_TICK 1487
1487 QUEUE_RECEIVE_FAILED q1
1487 TASK_INCREMENT_TICK 1487
1488 TASK_SWITCHED_OUT SUSP_RX
1488 TASK_SWITCHED_IN IDLE
1488 TASK_SWITCHED_OUT IDLE
1488 TASK_SWITCHED_IN CNT_INC
1488 TASK_PRIORITY_SET CNT_INC 1
1488 MOVED_TASK_TO_READY_STATE CNT_INC
1488 TASK_PRIORITY_SET CNT_INC 0
1488 MOVED_TASK_TO_READY_STATE CNT_INC
1488 TASK_SWITCHED_OUT CNT_INC
1488 TASK_SWITCHED_IN SUSP_RX
1488 QUEUE_RECEIVE_FAILED q1
1488 QUEUE_RECEIVE_FAILED q1
1488 QUEUE_RECEIVE_FAILED q1
1488 TASK_INCREMENT_TICK 1488
1489 TASK_SWITCHED_OUT SUSP_RX
1489 TASK_SWITCHED_IN CNT_INC
1489 TASK_PRIORITY_SET CNT_INC 1
1489 MOVED_TASK_TO_READY_STATE CNT_INC
1489 TASK_PRIORITY_SET CNT_INC 0
1489 MOVED_TASK_TO_READY_STATE CNT_INC
1489 TASK_SWITCHED_OUT CNT_INC
1489 TASK_SWITCHED_IN IDLE
1489 TASK_INCREMENT_TICK 1489
1490 TASK_SWITCHED_OUT IDLE
1490 TASK_SWITCHED_IN CNT_INC
1490 TASK_PRIORITY_SET CNT_INC 1
1490 MOVED_TASK_TO_READY_STATE CNT_INC
1490 TASK_PRIORITY_SET CNT_INC 0
1490 MOVED_TASK_TO_READY_STATE CNT_INC
1490 TASK_SWITCHED_OUT CNT_INC
1490 TASK_SWITCHED_IN SUSP_RX
1490 QUEUE_RECEIVE_FAILED q1
1490 QUEUE_RECEIVE_FAILED q1
1490 TASK_INCREMENT_TICK 1490
1490 QUEUE_RECEIVE_FAILED q1
1490 TASK_INCREMENT_TICK 1490
1491 TASK_SWITCHED_OUT SUSP_RX
1491 TASK_SWITCHED_IN IDLE
1491 TASK_SWITCHED_OUT IDLE
1491 TASK_SWITCHED_IN CNT_INC
1491 TASK_PRIORITY_SET CNT_INC 1
1491 MOVED_TASK_TO_READY_STATE CNT_INC
1491 TASK_PRIORITY_SET CNT_INC 0
1491 MOVED_TASK_TO_READY_STATE CNT_INC
1491 TASK_SWITCHED_OUT CNT_INC
1491 TASK_SWITCHED_IN SUSP_RX
1491 QUEUE_RECEIVE_FAILED q1
1491 QUEUE_RECEIVE_FAILED q1
1491 QUEUE_RECEIVE_FAILED q1
1491 TASK_INCREMENT_TICK 1491
1492 TASK_SWITCHED_OUT SUSP_RX
1492 TASK_SWITCHED_IN CNT_INC
1492 TASK_PRIORITY_SET CNT_INC 1
1492 MOVED_TASK_TO_READY_STATE CNT_INC
1492 TASK_PRIORITY_SET CNT_INC 0
1492 MOVED_TASK_TO_READY_STATE CNT_INC
1492 TASK_SWITCHED_OUT CNT_INC
1492 TASK_SWITCHED_IN IDLE
1492 TASK_INCREMENT_TICK 1492
1493 TASK_SWITCHED_OUT IDLE
1493 TASK_SWITCHED_IN CNT_INC
1493 TASK_PRIORITY_SET CNT_INC 1
1493 MOVED_TASK_TO_READY_STATE CNT_INC
1493 TASK_PRIORITY_SET CNT_INC 0
1493 MOVED_TASK_TO_READY_STATE CNT_INC
1493 TASK_SWITCHED_OUT CNT_INC
1493 TASK_SWITCHED_IN SUSP_RX
1493 QUEUE_RECEIVE_FAILED q1
1493 QUEUE_RECEIVE_FAILED q1
1493 TASK_INCREMENT_TICK 1493
1493 QUEUE_RECEIVE_FAILED q1
1493 TASK_INCREMENT_TICK 1493
1494 TASK_SWITCHED_OUT SUSP_RX
1494 TASK_SWITCHED_IN IDLE
1494 TASK_SWITCHED_OUT IDLE
1494 TASK_SWITCHED_IN CNT_INC
1494 TASK_PRIORITY_SET CNT_INC 1
1494 MOVED_TASK_TO_READY_STATE CNT_INC
1494 TASK_PRIORITY_SET CNT_INC 0
1494 MOVED_TASK_TO_READY_STATE CNT_INC
1494 TASK_SWITCHED_OUT CNT_INC
1494 TASK_SWITCHED_IN SUSP_RX
1494 QUEUE_RECEIVE_FAILED q1
1494 QUEUE_RECEIVE_FAILED q1
1494 QUEUE_RECEIVE_FAILED q1
1494 TASK_INCREMENT_TICK 1494
1495 TASK_SWITCHED_OUT SUSP_RX
1495 TASK_SWITCHED_IN CNT_INC
1495 TASK_PRIORITY_SET CNT_INC 1
1495 MOVED_TASK_TO_READY_STATE CNT_INC
1495 TASK_PRIORITY_SET CNT_INC 0
1495 MOVED_TASK_TO_READY_STATE CNT_INC
1495 TASK_SWITCHED_OUT CNT_INC
1495 TASK_SWITCHED_IN IDLE
1495 TASK_INCREMENT_TICK 1495
1496 TASK_SWITCHED_OUT IDLE
1496 TASK_SWITCHED_IN CNT_INC
1496 TASK_PRIORITY_SET CNT_INC 1
1496 MOVED_TASK_TO_READY_STATE CNT_INC
1496 TASK_PRIORITY_SET CNT_INC 0
1496 MOVED_TASK_TO_READY_STATE CNT_INC
1496 TASK_SWITCHED_OUT CNT_INC
1496 TASK_SWITCHED_IN SUSP_RX
1496 QUEUE_RECEIVE_FAILED q1
1496 QUEUE_RECEIVE_FAILED q1
1496 TASK_INCREMENT_TICK 1496
1496 QUEUE_RECEIVE_FAILED q1
1496 TASK_INCREMENT_TICK 1496
1497 TASK_SWITCHED_OUT SUSP_RX
1497 TASK_SWITCHED_IN IDLE
1497 TASK_SWITCHED_OUT IDLE
1497 TASK_SWITCHED_IN CNT_INC
1497 TASK_PRIORITY_SET CNT_INC 1
1497 MOVED_TASK_TO_READY_STATE CNT_INC
1497 TASK_PRIORITY_SET CNT_INC 0
1497 MOVED_TASK_TO_READY_STATE CNT_INC
1497 TASK_SWITCHED_OUT CNT_INC
1497 TASK_SWITCHED_IN SUSP_RX
1497 QUEUE_RECEIVE_FAILED q1
1497 QUEUE_RECEIVE_FAILED q1
1497 QUEUE_RECEIVE_FAILED q1
1497 TASK_INCREMENT_TICK 1497
1498 TASK_SWITCHED_OUT SUSP_RX
1498 TASK_SWITCHED_IN CNT_INC
1498 TASK_PRIORITY_SET CNT_INC 1
1498 MOVED_TASK_TO_READY_STATE CNT_INC
1498 TASK_PRIORITY_SET CNT_INC 0
1498 MOVED_TASK_TO_READY_STATE CNT_INC
1498 TASK_SWITCHED_OUT CNT_INC
1498 TASK_SWITCHED_IN IDLE
1498 TASK_INCREMENT_TICK 1498
1499 TASK_SWITCHED_OUT IDLE
1499 TASK_SWITCHED_IN CNT_INC
1499 TASK_PRIORITY_SET CNT_INC 1
1499 MOVED_TASK_TO_READY_STATE CNT_INC
1499 TASK_PRIORITY_SET CNT_INC 0
1499 MOVED_TASK_TO_READY_STATE CNT_INC
1499 TASK_SWITCHED_OUT CNT_INC
1499 TASK_SWITCHED_IN SUSP_RX
1499 QUEUE_RECEIVE_FAILED q1
1499 QUEUE_RECEIVE_FAILED q1
1499 TASK_INCREMENT_TICK 1499
1499 QUEUE_RECEIVE_FAILED q1
1499 TASK_INCREMENT_TICK 1499
1500 MOVED_TASK_TO_READY_STATE CHECK
1500 TASK_SWITCHED_OUT SUSP_RX
1500 TASK_SWITCHED_IN CHECK
1500 TASK_DELAY CHECK 100
1500 MOVED_TASK_TO_DELAYED_LIST CHECK
1500 TASK_SWITCHED_OUT CHECK
1500 TASK_SWITCHED_IN IDLE
1500 TASK_SWITCHED_OUT IDLE
1500 TASK_SWITCHED_IN CNT_INC
1500 TASK_PRIORITY_SET CNT_INC 1
1500 MOVED_TASK_TO_READY_STATE CNT_INC
1500 TASK_PRIORITY_SET CNT_INC 0
1500 MOVED_TASK_TO_READY_STATE CNT_INC
1500 TASK_SWITCHED_OUT CNT_INC
1500 TASK_SWITCHED_IN SUSP_RX
1500 QUEUE_RECEIVE_FAILED q1
1500 QUEUE_RECEIVE_FAILED q1
1500 TASK_INCREMENT_TICK 1500
1500 QUEUE_RECEIVE_FAILED q1
1500 TASK_INCREMENT_TICK 1500
1501 TASK_SWITCHED_OUT SUSP_RX
1501 TASK_SWITCHED_IN CNT_INC
1501 TASK_PRIORITY_SET CNT_INC 1
1501 MOVED_TASK_TO_READY_STATE CNT_INC
1501 TASK_PRIORITY_SET CNT_INC 0
1501 MOVED_TASK_TO_READY_STATE CNT_INC
1501 TASK_SWITCHED_OUT CNT_INC
1501 TASK_SWITCHED_IN IDLE
1501 TASK_INCREMENT_TICK 1501
1502 TASK_SWITCHED_OUT IDLE
1502 TASK_SWITCHED_IN CNT_INC
1502 TASK_PRIORITY_SET CNT_INC 1
1502 MOVED_TASK_TO_READY_STATE CNT_INC
1502 TASK_PRIORITY_SET CNT_INC 0
1502 MOVED_TASK_TO_READY_STATE CNT_INC
1502 TASK_SWITCHED_OUT CNT_INC
1502 TASK_SWITCHED_IN SUSP_RX
1502 QUEUE_RECEIVE_FAILED q1
1502 QUEUE_RECEIVE_FAILED q1
1502 TASK_INCREMENT_TICK 1502
1502 TASK_INCREMENT_TICK 1502
1503 TASK_SWITCHED_OUT SUSP_RX
1503 TASK_SWITCHED_IN IDLE
1503 TASK_SWITCHED_OUT IDLE
1503 TASK_SWITCHED_IN CNT_INC
1503 TASK_PRIORITY_SET CNT_INC 1
1503 MOVED_TASK_TO_READY_STATE CNT_INC
1503 TASK_PRIORITY_SET CNT_INC 0
1503 MOVED_TASK_TO_READY_STATE CNT_INC
1503 TASK_SWITCHED_OUT CNT_INC
1503 TASK_SWITCHED_IN SUSP_RX
1503 QUEUE_RECEIVE_FAILED q1
1503 QUEUE_RECEIVE_FAILED q1
1503 QUEUE_RECEIVE_FAILED q1
1503 TASK_INCREMENT_TICK 1503
1503 QUEUE_RECEIVE_FAILED q1
1503 TASK_INCREMENT_TICK 1503
1504 TASK_SWITCHED_OUT SUSP_RX
1504 TASK_SWITCHED_IN CNT_INC
1504 TASK_PRIORITY_SET CNT_INC 1
1504 MOVED_TASK_TO_READY_STATE CNT_INC
1504 TASK_PRIORITY_SET CNT_INC 0
1504 MOVED_TASK_TO_READY_STATE CNT_INC
1504 TASK_SWITCHED_OUT CNT_INC
1504 TASK_SWITCHED_IN IDLE
1504 TASK_INCREMENT_TICK 1504
1505 TASK_SWITCHED_OUT IDLE
1505 TASK_SWITCHED_IN CNT_INC
1505 TASK_PRIORITY_SET CNT_INC 1
1505 MOVED_TASK_TO_READY_STATE CNT_INC
1505 TASK_PRIORITY_SET CNT_INC 0
1505 MOVED_TASK_TO_READY_STATE CNT_INC
1505 TASK_SWITCHED_OUT CNT_INC
1505 TASK_SWITCHED_IN SUSP_RX
1505 QUEUE_RECEIVE_FAILED q1
1505 QUEUE_RECEIVE_FAILED q1
1505 TASK_INCREMENT_TICK 1505
1505 TASK_INCREMENT_TICK 1505
1506 TASK_SWITCHED_OUT SUSP_RX
1506 TASK_SWITCHED_IN IDLE
1506 TASK_SWITCHED_OUT IDLE
1506 TASK_SWITCHED_IN CNT_INC
1506 TASK_PRIORITY_SET CNT_INC 1
1506 MOVED_TASK_TO_READY_STATE CNT_INC
1506 TASK_PRIORITY_SET CNT_INC 0
1506 MOVED_TASK_TO_READY_STATE CNT_INC
1506 TASK_SWITCHED_OUT CNT_INC
1506 TASK_SWITCHED_IN SUSP_RX
1506 QUEUE_RECEIVE_FAILED q1
1506 QUEUE_RECEIVE_FAILED q1
1506 QUEUE_RECEIVE_FAILED q1
1506 TASK_INCREMENT_TICK 1506
1506 QUEUE_RECEIVE_FAILED q1
1506 TASK_INCREMENT_TICK 1506
1507 TASK_SWITCHED_OUT SUSP_RX
1507 TASK_SWITCHED_IN CNT_INC
1507 TASK_PRIORITY_SET CNT_INC 1
1507 MOVED_TASK_TO_READY_STATE CNT_INC
1507 TASK_PRIORITY_SET CNT_INC 0
1507 MOVED_TASK_TO_READY_STATE CNT_INC
1507 TASK_SWITCHED_OUT CNT_INC
1507 TASK_SWITCHED_IN IDLE
1507 TASK_INCREMENT_TICK 1507
1508 TASK_SWITCHED_OUT IDLE
1508 TASK_SWITCHED_IN CNT_INC
1508 TASK_PRIORITY_SET CNT_INC 1
1508 MOVED_TASK_TO_READY_STATE CNT_INC
1508 TASK_PRIORITY_SET CNT_INC 0
1508 MOVED_TASK_TO_READY_STATE CNT_INC
1508 TASK_SWITCHED_OUT CNT_INC
1508 TASK_SWITCHED_IN SUSP_RX
1508 QUEUE_RECEIVE_FAILED q1
1508 QUEUE_RECEIVE_FAILED q1
1508 TASK_INCREMENT_TICK 1508
1508 TASK_INCREMENT_TICK 1508
1509 TASK_SWITCHED_OUT SUSP_RX
1509 TASK_SWITCHED_IN IDLE
1509 TASK_SWITCHED_OUT IDLE
1509 TASK_SWITCHED_IN CNT_INC
1509 TASK_PRIORITY_SET CNT_INC 1
1509 MOVED_TASK_TO_READY_STATE CNT_INC
1509 TASK_PRIORITY_SET CNT_INC 0
1509 MOVED_TASK_TO_READY_STATE CNT_INC
1509 TASK_SWITCHED_OUT CNT_INC
1509 TASK_SWITCHED_IN SUSP_RX
1509 QUEUE_RECEIVE_FAILED q1
1509 QUEUE_RECEIVE_FAILED q1
1509 QUEUE_RECEIVE_FAILED q1
1509 TASK_INCREMENT_TICK 1509
1509 QUEUE_RECEIVE_FAILED q1
1509 TASK_INCREMENT_TICK 1509
1510 TASK_SWITCHED_OUT SUSP_RX
1510 TASK_SWITCHED_IN CNT_INC
1510 TASK_PRIORITY_SET CNT_INC 1
1510 MOVED_TASK_TO_READY_STATE CNT_INC
1510 TASK_PRIORITY_SET CNT_INC 0
1510 MOVED_TASK_TO_READY_STATE CNT_INC
1510 TASK_SWITCHED_OUT CNT_INC
1510 TASK_SWITCHED_IN IDLE
1510 TASK_INCREMENT_TICK 1510
1511 TASK_SWITCHED_OUT IDLE
1511 TASK_SWITCHED_IN CNT_INC
1511 TASK_PRIORITY_SET CNT_INC 1
1511 MOVED_TASK_TO_READY_STATE CNT_INC
1511 TASK_PRIORITY_SET CNT_INC 0
1511 MOVED_TASK_TO_READY_STATE CNT_INC
1511 TASK_SWITCHED_OUT CNT_INC
1511 TASK_SWITCHED_IN SUSP_RX
1511 QUEUE_RECEIVE_FAILED q1
1511 QUEUE_RECEIVE_FAILED q1
1511 TASK_INCREMENT_TICK 1511
1511 TASK_INCREMENT_TICK 1511
1512 TASK_SWITCHED_OUT SUSP_RX
1512 TASK_SWITCHED_IN IDLE
1512 TASK_SWITCHED_OUT IDLE
1512 TASK_SWITCHED_IN CNT_INC
1512 TASK_PRIORITY_SET CNT_INC 1
1512 MOVED_TASK_TO_READY_STATE CNT_INC
1512 TASK_PRIORITY_SET CNT_INC 0
1512 MOVED_TASK_TO_READY_STATE CNT_INC
1512 TASK_SWITCHED_OUT CNT_INC
1512 TASK_SWITCHED_IN SUSP_RX
1512 QUEUE_RECEIVE_FAILED q1
1512 QUEUE_RECEIVE_FAILED q1
1512 QUEUE_RECEIVE_FAILED q1
1512 TASK_INCREMENT_TICK 1512
1512 QUEUE_RECEIVE_FAILED q1
1512 TASK_INCREMENT_TICK 1512
1513 TASK_SWITCHED_OUT SUSP_RX
1513 TASK_SWITCHED_IN CNT_INC
1513 TASK_PRIORITY_SET CNT_INC 1
1513 MOVED_TASK_TO_READY_STATE CNT_INC
1513 TASK_PRIORITY_SET CNT_INC 0
1513 MOVED_TASK_TO_READY_STATE CNT_INC
1513 TASK_SWITCHED_OUT CNT_INC
1513 TASK_SWITCHED_IN IDLE
1513 TASK_INCREMENT_TICK 1513
1514 TASK_SWITCHED_OUT IDLE
1514 TASK_SWITCHED_IN CNT_INC
1514 TASK_PRIORITY_SET CNT_INC 1
1514 MOVED_TASK_TO_READY_STATE CNT_INC
1514 TASK_PRIORITY_SET CNT_INC 0
1514 MOVED_TASK_TO_READY_STATE CNT_INC
1514 TASK_SWITCHED_OUT CNT_INC
1514 TASK_SWITCHED_IN SUSP_RX
1514 QUEUE_RECEIVE_FAILED q1
1514 QUEUE_RECEIVE_FAILED q1
1514 TASK_INCREMENT_TICK 1514
1514 TASK_INCREMENT_TICK 1514
1515 TASK_SWITCHED_OUT SUSP_RX
1515 TASK_SWITCHED_IN IDLE
1515 TASK_SWITCHED_OUT IDLE
1515 TASK_SWITCHED_IN CNT_INC
1515 TASK_PRIORITY_SET CNT_INC 1
1515 MOVED_TASK_TO_READY_STATE CNT_INC
1515 TASK_PRIORITY_SET CNT_INC 0
1515 MOVED_TASK_TO_READY_STATE CNT_INC
1515 TASK_SWITCHED_OUT CNT_INC
1515 TASK_SWITCHED_IN SUSP_RX
1515 QUEUE_RECEIVE_FAILED q1
1515 QUEUE_RECEIVE_FAILED q1
1515 QUEUE_RECEIVE_FAILED q1
1515 TASK_INCREMENT_TICK 1515
1515 QUEUE_RECEIVE_FAILED q1
1515 TASK_INCREMENT_TICK 1515
1516 TASK_SWITCHED_OUT SUSP_RX
1516 TASK_SWITCHED_IN CNT_INC
1516 TASK_PRIORITY_SET CNT_INC 1
1516 MOVED_TASK_TO_READY_STATE CNT_INC
1516 TASK_PRIORITY_SET CNT_INC 0
1516 MOVED_TASK_TO_READY_STATE CNT_INC
1516 TASK_SWITCHED_OUT CNT_INC
1516 TASK_SWITCHED_IN IDLE
1516 TASK_INCREMENT_TICK 1516
1517 TASK_SWITCHED_OUT IDLE
1517 TASK_SWITCHED_IN CNT_INC
1517 TASK_PRIORITY_SET CNT_INC 1
1517 MOVED_TASK_TO_READY_STATE CNT_INC
1517 TASK_PRIORITY_SET CNT_INC 0
1517 MOVED_TASK_TO_READY_STATE CNT_INC
1517 TASK_SWITCHED_OUT CNT_INC
1517 TASK_SWITCHED_IN SUSP_RX
1517 QUEUE_RECEIVE_FAILED q1
1517 QUEUE_RECEIVE_FAILED q1
1517 TASK_INCREMENT_TICK 1517
1517 TASK_INCREMENT_TICK 1517
1518 TASK_SWITCHED_OUT SUSP_RX
1518 TASK_SWITCHED_IN IDLE
1518 TASK_SWITCHED_OUT IDLE
1518 TASK_SWITCHED_IN CNT_INC
1518 TASK_PRIORITY_SET CNT_INC 1
1518 MOVED_TASK_TO_READY_STATE CNT_INC
1518 TASK_PRIORITY_SET CNT_INC 0
1518 MOVED_TASK_TO_READY_STATE CNT_INC
1518 TASK_SWITCHED_OUT CNT_INC
1518 TASK_SWITCHED_IN SUSP_RX
1518 QUEUE_RECEIVE_FAILED q1
1518 QUEUE_RECEIVE_FAILED q1
1518 QUEUE_RECEIVE_FAILED q1
1518 TASK_INCREMENT_TICK 1518
1518 QUEUE_RECEIVE_FAILED q1
1518 TASK_INCREMENT_TICK 1518
1519 TASK_SWITCHED_OUT SUSP_RX
1519 TASK_SWITCHED_IN CNT_INC
1519 TASK_PRIORITY_SET CNT_INC 1
1519 MOVED_TASK_TO_READY_STATE CNT_INC
1519 TASK_PRIORITY_SET CNT_INC 0
1519 MOVED_TASK_TO_READY_STATE CNT_INC
1519 TASK_SWITCHED_OUT CNT_INC
1519 TASK_SWITCHED_IN IDLE
1519 TASK_INCREMENT_TICK 1519
1520 TASK_SWITCHED_OUT IDLE
1520 TASK_SWITCHED_IN CNT_INC
1520 TASK_PRIORITY_SET CNT_INC 1
1520 MOVED_TASK_TO_READY_STATE CNT_INC
1520 TASK_PRIORITY_SET CNT_INC 0
1520 MOVED_TASK_TO_READY_STATE CNT_INC
1520 TASK_SWITCHED_OUT CNT_INC
1520 TASK_SWITCHED_IN SUSP_RX
1520 QUEUE_RECEIVE_FAILED q1
1520 QUEUE_RECEIVE_FAILED q1
1520 TASK_INCREMENT_TICK 1520
1520 TASK_INCREMENT_TICK 1520
1521 TASK_SWITCHED_OUT SUSP_RX
1521 TASK_SWITCHED_IN IDLE
1521 TASK_SWITCHED_OUT IDLE
1521 TASK_SWITCHED_IN CNT_INC
1521 TASK_PRIORITY_SET CNT_INC 1
1521 MOVED_TASK_TO_READY_STATE CNT_INC
1521 TASK_PRIORITY_SET CNT_INC 0
1521 MOVED_TASK_TO_READY_STATE CNT_INC
1521 TASK_SWITCHED_OUT CNT_INC
1521 TASK_SWITCHED_IN SUSP_RX
1521 QUEUE_RECEIVE_FAILED q1
1521 QUEUE_RECEIVE_FAILED q1
1521 QUEUE_RECEIVE_FAILED q1
1521 TASK_INCREMENT_TICK 1521
1521 QUEUE_RECEIVE_FAILED q1
1521 TASK_INCREMENT_TICK 1521
1522 TASK_SWITCHED_OUT SUSP_RX
1522 TASK_SWITCHED_IN CNT_INC
1522 TASK_PRIORITY_SET CNT_INC 1
1522 MOVED_TASK_TO_READY_STATE CNT_INC
1522 TASK_PRIORITY_SET CNT_INC 0
1522 MOVED_TASK_TO_READY_STATE CNT_INC
1522 TASK_SWITCHED_OUT CNT_INC
1522 TASK_SWITCHED_IN IDLE
1522 TASK_INCREMENT_TICK 1522
1523 TASK_SWITCHED_OUT IDLE
1523 TASK_SWITCHED_IN CNT_INC
1523 TASK_PRIORITY_SET CNT_INC 1
1523 MOVED_TASK_TO_READY_STATE CNT_INC
1523 TASK_PRIORITY_SET CNT_INC 0
1523 MOVED_TASK_TO_READY_STATE CNT_INC
1523 TASK_SWITCHED_OUT CNT_INC
1523 TASK_SWITCHED_IN SUSP_RX
1523 QUEUE_RECEIVE_FAILED q1
1523 QUEUE_RECEIVE_FAILED q1
1523 TASK_INCREMENT_TICK 1523
1523 TASK_INCREMENT_TICK 1523
1524 TASK_SWITCHED_OUT SUSP_RX
1524 TASK_SWITCHED_IN IDLE
1524 TASK_SWITCHED_OUT IDLE
1524 TASK_SWITCHED_IN CNT_INC
1524 TASK_PRIORITY_SET CNT_INC 1
1524 MOVED_TASK_TO_READY_STATE CNT_INC
1524 TASK_PRIORITY_SET CNT_INC 0
1524 MOVED_TASK_TO_READY_STATE CNT_INC
1524 TASK_SWITCHED_OUT CNT_INC
1524 TASK_SWITCHED_IN SUSP_RX
1524 QUEUE_RECEIVE_FAILED q1
1524 QUEUE_RECEIVE_FAILED q1
1524 QUEUE_RECEIVE_FAILED q1
1524 TASK_INCREMENT_TICK 1524
1524 QUEUE_RECEIVE_FAILED q1
1524 TASK_INCREMENT_TICK 1524
1525 TASK_SWITCHED_OUT SUSP_RX
1525 TASK_SWITCHED_IN CNT_INC
1525 TASK_PRIORITY_SET CNT_INC 1
1525 MOVED_TASK_TO_READY_STATE CNT_INC
1525 TASK_PRIORITY_SET CNT_INC 0
1525 MOVED_TASK_TO_READY_STATE CNT_INC
1525 TASK_SWITCHED_OUT CNT_INC
1525 TASK_SWITCHED_IN IDLE
1525 TASK_INCREMENT_TICK 1525
1526 TASK_SWITCHED_OUT IDLE
1526 TASK_SWITCHED_IN CNT_INC
1526 TASK_PRIORITY_SET CNT_INC 1
1526 MOVED_TASK_TO_READY_STATE CNT_INC
1526 TASK_PRIORITY_SET CNT_INC 0
1526 MOVED_TASK_TO_READY_STATE CNT_INC
1526 TASK_SWITCHED_OUT CNT_INC
1526 TASK_SWITCHED_IN SUSP_RX
1526 QUEUE_RECEIVE_FAILED q1
1526 QUEUE_RECEIVE_FAILED q1
1526 TASK_INCREMENT_TICK 1526
1526 TASK_INCREMENT_TICK 1526
1527 TASK_SWITCHED_OUT SUSP_RX
1527 TASK_SWITCHED_IN IDLE
1527 TASK_SWITCHED_OUT IDLE
1527 TASK_SWITCHED_IN CNT_INC
1527 TASK_PRIORITY_SET CNT_INC 1
1527 MOVED_TASK_TO_READY_STATE CNT_INC
1527 TASK_PRIORITY_SET CNT_INC 0
1527 MOVED_TASK_TO_READY_STATE CNT_INC
1527 TASK_SWITCHED_OUT CNT_INC
1527 TASK_SWITCHED_IN SUSP_RX
1527 QUEUE_RECEIVE_FAILED q1
1527 QUEUE_RECEIVE_FAILED q1
1527 QUEUE_RECEIVE_FAILED q1
1527 TASK_INCREMENT_TICK 1527
1527 QUEUE_RECEIVE_FAILED q1
1527 TASK_INCREMENT_TICK 1527
1528 TASK_SWITCHED_OUT SUSP_RX
1528 TASK_SWITCHED_IN CNT_INC
1528 TASK_PRIORITY_SET CNT_INC 1
1528 MOVED_TASK_TO_READY_STATE CNT_INC
1528 TASK_PRIORITY_SET CNT_INC 0
1528 MOVED_TASK_TO_READY_STATE CNT_INC
1528 TASK_SWITCHED_OUT CNT_INC
1528 TASK_SWITCHED_IN IDLE
1528 TASK_INCREMENT_TICK 1528
1529 TASK_SWITCHED_OUT IDLE
1529 TASK_SWITCHED_IN CNT_INC
1529 TASK_PRIORITY_SET CNT_INC 1
1529 MOVED_TASK_TO_READY_STATE CNT_INC
1529 TASK_PRIORITY_SET CNT_INC 0
1529 MOVED_TASK_TO_READY_STATE CNT_INC
1529 TASK_SWITCHED_OUT CNT_INC
1529 TASK_SWITCHED_IN SUSP_RX
1529 QUEUE_RECEIVE_FAILED q1
1529 QUEUE_RECEIVE_FAILED q1
1529 TASK_INCREMENT_TICK 1529
1529 TASK_INCREMENT_TICK 1529
1530 TASK_SWITCHED_OUT SUSP_RX
1530 TASK_SWITCHED_IN IDLE
1530 TASK_SWITCHED_OUT IDLE
1530 TASK_SWITCHED_IN CNT_INC
1530 TASK_PRIORITY_SET CNT_INC 1
1530 MOVED_TASK_TO_READY_STATE CNT_INC
1530 TASK_PRIORITY_SET CNT_INC 0
1530 MOVED_TASK_TO_READY_STATE CNT_INC
1530 TASK_SWITCHED_OUT CNT_INC
1530 TASK_SWITCHED_IN SUSP_RX
1530 QUEUE_RECEIVE_FAILED q1
1530 QUEUE_RECEIVE_FAILED q1
1530 QUEUE_RECEIVE_FAILED q1
1530 TASK_INCREMENT_TICK 1530
1530 QUEUE_RECEIVE_FAILED q1
1530 TASK_INCREMENT_TICK 1530
1531 TASK_SWITCHED_OUT SUSP_RX
1531 TASK_SWITCHED_IN CNT_INC
1531 TASK_PRIORITY_SET CNT_INC 1
1531 MOVED_TASK_TO_READY_STATE CNT_INC
1531 TASK_PRIORITY_SET CNT_INC 0
1531 MOVED_TASK_TO_READY_STATE CNT_INC
1531 TASK_SWITCHED_OUT CNT_INC
1531 TASK_SWITCHED_IN IDLE
1531 TASK_INCREMENT_TICK 1531
1532 TASK_SWITCHED_OUT IDLE
1532 TASK_SWITCHED_IN CNT_INC
1532 TASK_PRIORITY_SET CNT_INC 1
1532 MOVED_TASK_TO_READY_STATE CNT_INC
1532 TASK_PRIORITY_SET CNT_INC 0
1532 MOVED_TASK_TO_READY_STATE CNT_INC
1532 TASK_SWITCHED_OUT CNT_INC
1532 TASK_SWITCHED_IN SUSP_RX
1532 QUEUE_RECEIVE_FAILED q1
1532 QUEUE_RECEIVE_FAILED q1
1532 TASK_INCREMENT_TICK 1532
1532 TASK_INCREMENT_TICK 1532
1533 TASK_SWITCHED_OUT SUSP_RX
1533 TASK_SWITCHED_IN IDLE
1533 TASK_SWITCHED_OUT IDLE
1533 TASK_SWITCHED_IN CNT_INC
1533 TASK_PRIORITY_SET CNT_INC 1
1533 MOVED_TASK_TO_READY_STATE CNT_INC
1533 TASK_PRIORITY_SET CNT_INC 0
1533 MOVED_TASK_TO_READY_STATE CNT_INC
1533 TASK_SWITCHED_OUT CNT_INC
1533 TASK_SWITCHED_IN SUSP_RX
1533 QUEUE_RECEIVE_FAILED q1
1533 QUEUE_RECEIVE_FAILED q1
1533 QUEUE_RECEIVE_FAILED q1
1533 TASK_INCREMENT_TICK 1533
1533 QUEUE_RECEIVE_FAILED q1
1533 TASK_INCREMENT_TICK 1533
1534 TASK_SWITCHED_OUT SUSP_RX
1534 TASK_SWITCHED_IN CNT_INC
1534 TASK_PRIORITY_SET CNT_INC 1
1534 MOVED_TASK_TO_READY_STATE CNT_INC
1534 TASK_PRIORITY_SET CNT_INC 0
1534 MOVED_TASK_TO_READY_STATE CNT_INC
1534 TASK_SWITCHED_OUT CNT_INC
1534 TASK_SWITCHED_IN IDLE
1534 TASK_INCREMENT_TICK 1534
1535 TASK_SWITCHED_OUT IDLE
1535 TASK_SWITCHED_IN CNT_INC
1535 TASK_PRIORITY_SET CNT_INC 1
1535 MOVED_TASK_TO_READY_STATE CNT_INC
1535 TASK_PRIORITY_SET CNT_INC 0
1535 MOVED_TASK_TO_READY_STATE CNT_INC
1535 TASK_SWITCHED_OUT CNT_INC
1535 TASK_SWITCHED_IN SUSP_RX
1535 QUEUE_RECEIVE_FAILED q1
1535 QUEUE_RECEIVE_FAILED q1
1535 TASK_INCREMENT_TICK 1535
1535 TASK_INCREMENT_TICK 1535
1536 TASK_SWITCHED_OUT SUSP_RX
1536 TASK_SWITCHED_IN IDLE
1536 TASK_SWITCHED_OUT IDLE
1536 TASK_SWITCHED_IN CNT_INC
1536 TASK_PRIORITY_SET CNT_INC 1
1536 MOVED_TASK_TO_READY_STATE CNT_INC
1536 TASK_PRIORITY_SET CNT_INC 0
1536 MOVED_TASK_TO_READY_STATE CNT_INC
1536 TASK_SWITCHED_OUT CNT_INC
1536 TASK_SWITCHED_IN SUSP_RX
1536 QUEUE_RECEIVE_FAILED q1
1536 QUEUE_RECEIVE_FAILED q1
1536 QUEUE_RECEIVE_FAILED q1
1536 TASK_INCREMENT_TICK 1536
1536 QUEUE_RECEIVE_FAILED q1
1536 TASK_INCREMENT_TICK 1536
1537 TASK_SWITCHED_OUT SUSP_RX
1537 TASK_SWITCHED_IN CNT_INC
1537 TASK_PRIORITY_SET CNT_INC 1
1537 MOVED_TASK_TO_READY_STATE CNT_INC
1537 TASK_PRIORITY_SET CNT_INC 0
1537 MOVED_TASK_TO_READY_STATE CNT_INC
1537 TASK_SWITCHED_OUT CNT_INC
1537 TASK_SWITCHED_IN IDLE
1537 TASK_INCREMENT_TICK 1537
1538 TASK_SWITCHED_OUT IDLE
1538 TASK_SWITCHED_IN CNT_INC
1538 TASK_PRIORITY_SET CNT_INC 1
1538 MOVED_TASK_TO_READY_STATE CNT_INC
1538 TASK_PRIORITY_SET CNT_INC 0
1538 MOVED_TASK_TO_READY_STATE CNT_INC
1538 TASK_SWITCHED_OUT CNT_INC
1538 TASK_SWITCHED_IN SUSP_RX
1538 QUEUE_RECEIVE_FAILED q1
1538 QUEUE_RECEIVE_FAILED q1
1538 TASK_INCREMENT_TICK 1538
1538 TASK_INCREMENT_TICK 1538
1539 TASK_SWITCHED_OUT SUSP_RX
1539 TASK_SWITCHED_IN IDLE
1539 TASK_SWITCHED_OUT IDLE
1539 TASK_SWITCHED_IN CNT_INC
1539 TASK_PRIORITY_SET CNT_INC 1
1539 MOVED_TASK_TO_READY_STATE CNT_INC
1539 TASK_PRIORITY_SET CNT_INC 0
1539 MOVED_TASK_TO_READY_STATE CNT_INC
1539 TASK_SWITCHED_OUT CNT_INC
1539 TASK_SWITCHED_IN SUSP_RX
1539 QUEUE_RECEIVE_FAILED q1
1539 QUEUE_RECEIVE_FAILED q1
1539 QUEUE_RECEIVE_FAILED q1
1539 TASK_INCREMENT_TICK 1539
1539 QUEUE_RECEIVE_FAILED q1
1539 TASK_INCREMENT_TICK 1539
1540 TASK_SWITCHED_OUT SUSP_RX
1540 TASK_SWITCHED_IN CNT_INC
1540 TASK_PRIORITY_SET CNT_INC 1
1540 MOVED_TASK_TO_READY_STATE CNT_INC
1540 TASK_PRIORITY_SET CNT_INC 0
1540 MOVED_TASK_TO_READY_STATE CNT_INC
1540 TASK_SWITCHED_OUT CNT_INC
1540 TASK_SWITCHED_IN IDLE
1540 TASK_INCREMENT_TICK 1540
1541 TASK_SWITCHED_OUT IDLE
1541 TASK_SWITCHED_IN CNT_INC
1541 TASK_PRIORITY_SET CNT_INC 1
1541 MOVED_TASK_TO_READY_STATE CNT_INC
1541 TASK_PRIORITY_SET CNT_INC 0
1541 MOVED_TASK_TO_READY_STATE CNT_INC
1541 TASK_SWITCHED_OUT CNT_INC
1541 TASK_SWITCHED_IN SUSP_RX
1541 QUEUE_RECEIVE_FAILED q1
1541 QUEUE_RECEIVE_FAILED q1
1541 TASK_INCREMENT_TICK 1541
1541 TASK_INCREMENT_TICK 1541
1542 TASK_SWITCHED_OUT SUSP_RX
1542 TASK_SWITCHED_IN IDLE
1542 TASK_SWITCHED_OUT IDLE
1542 TASK_SWITCHED_IN CNT_INC
1542 TASK_PRIORITY_SET CNT_INC 1
1542 MOVED_TASK_TO_READY_STATE CNT_INC
1542 TASK_PRIORITY_SET CNT_INC 0
1542 MOVED_TASK_TO_READY_STATE CNT_INC
1542 TASK_SWITCHED_OUT CNT_INC
1542 TASK_SWITCHED_IN SUSP_RX
1542 QUEUE_RECEIVE_FAILED q1
1542 QUEUE_RECEIVE_FAILED q1
1542 QUEUE_RECEIVE_FAILED q1
1542 TASK_INCREMENT_TICK 1542
1542 QUEUE_RECEIVE_FAILED q1
1542 TASK_INCREMENT_TICK 1542
1543 TASK_SWITCHED_OUT SUSP_RX
1543 TASK_SWITCHED_IN CNT_INC
1543 TASK_PRIORITY_SET CNT_INC 1
1543 MOVED_TASK_TO_READY_STATE CNT_INC
1543 TASK_PRIORITY_SET CNT_INC 0
1543 MOVED_TASK_TO_READY_STATE CNT_INC
1543 TASK_SWITCHED_OUT CNT_INC
1543 TASK_SWITCHED_IN IDLE
1543 TASK_INCREMENT_TICK 1543
1544 TASK_SWITCHED_OUT IDLE
1544 TASK_SWITCHED_IN CNT_INC
1544 TASK_PRIORITY_SET CNT_INC 1
1544 MOVED_TASK_TO_READY_STATE CNT_INC
1544 TASK_PRIORITY_SET CNT_INC 0
1544 MOVED_TASK_TO_READY_STATE CNT_INC
1544 TASK_SWITCHED_OUT CNT_INC
1544 TASK_SWITCHED_IN SUSP_RX
1544 QUEUE_RECEIVE_FAILED q1
1544 QUEUE_RECEIVE_FAILED q1
1544 TASK_INCREMENT_TICK 1544
1544 TASK_INCREMENT_TICK 1544
1545 TASK_SWITCHED_OUT SUSP_RX
1545 TASK_SWITCHED_IN IDLE
1545 TASK_SWITCHED_OUT IDLE
1545 TASK_SWITCHED_IN CNT_INC
1545 TASK_PRIORITY_SET CNT_INC 1
1545 MOVED_TASK_TO_READY_STATE CNT_INC
1545 TASK_PRIORITY_SET CNT_INC 0
1545 MOVED_TASK_TO_READY_STATE CNT_INC
1545 TASK_SWITCHED_OUT CNT_INC
1545 TASK_SWITCHED_IN SUSP_RX
1545 QUEUE_RECEIVE_FAILED q1
1545 QUEUE_RECEIVE_FAILED q1
1545 QUEUE_RECEIVE_FAILED q1
1545 TASK_INCREMENT_TICK 1545
1545 QUEUE_RECEIVE_FAILED q1
1545 TASK_INCREMENT_TICK 1545
1546 TASK_SWITCHED_OUT SUSP_RX
1546 TASK_SWITCHED_IN CNT_INC
1546 TASK_PRIORITY_SET CNT_INC 1
1546 MOVED_TASK_TO_READY_STATE CNT_INC
1546 TASK_PRIORITY_SET CNT_INC 0
1546 MOVED_TASK_TO_READY_STATE CNT_INC
1546 TASK_SWITCHED_OUT CNT_INC
1546 TASK_SWITCHED_IN IDLE
1546 TASK_INCREMENT_TICK 1546
1547 MOVED_TASK_TO_READY_STATE C_CTRL
1547 TASK_SWITCHED_OUT IDLE
1547 TASK_SWITCHED_IN CNT_INC
1547 TASK_PRIORITY_SET CNT_INC 1
1547 MOVED_TASK_TO_READY_STATE CNT_INC
1547 TASK_PRIORITY_SET CNT_INC 0
1547 MOVED_TASK_TO_READY_STATE CNT_INC
1547 TASK_SWITCHED_OUT CNT_INC
1547 TASK_SWITCHED_IN SUSP_RX
1547 QUEUE_RECEIVE_FAILED q1
1547 QUEUE_RECEIVE_FAILED q1
1547 TASK_INCREMENT_TICK 1547
1547 TASK_INCREMENT_TICK 1547
1548 TASK_SWITCHED_OUT SUSP_RX
1548 TASK_SWITCHED_IN C_CTRL
1548 TASK_SUSPEND CNT_INC
1548 TASK_RESUME CNT_INC
1548 MOVED_TASK_TO_READY_STATE CNT_INC
1548 TASK_DELAY C_CTRL 128
1548 MOVED_TASK_TO_DELAYED_LIST C_CTRL
1548 TASK_SWITCHED_OUT C_CTRL
1548 TASK_SWITCHED_IN IDLE
1548 TASK_SWITCHED_OUT IDLE
1548 TASK_SWITCHED_IN SUSP_RX
1548 QUEUE_RECEIVE_FAILED q1
1548 QUEUE_RECEIVE_FAILED q1
1548 TASK_INCREMENT_TICK 1548
1549 TASK_SWITCHED_OUT SUSP_RX
1549 TASK_SWITCHED_IN CNT_INC
1549 TASK_PRIORITY_SET CNT_INC 1
1549 MOVED_TASK_TO_READY_STATE CNT_INC
1549 TASK_PRIORITY_SET CNT_INC 0
1549 MOVED_TASK_TO_READY_STATE CNT_INC
1549 TASK_SWITCHED_OUT CNT_INC
1549 TASK_SWITCHED_IN IDLE
1549 TASK_INCREMENT_TICK 1549
1550 MOVED_TASK_TO_READY_STATE SUSP_TX
1550 TASK_SWITCHED_OUT IDLE
1550 TASK_SWITCHED_IN CNT_INC
1550 TASK_PRIORITY_SET CNT_INC 1
1550 MOVED_TASK_TO_READY_STATE CNT_INC
1550 TASK_PRIORITY_SET CNT_INC 0
1550 MOVED_TASK_TO_READY_STATE CNT_INC
1550 TASK_SWITCHED_OUT CNT_INC
1550 TASK_SWITCHED_IN SUSP_RX
1550 QUEUE_RECEIVE_FAILED q1
1550 QUEUE_RECEIVE_FAILED q1
1550 TASK_INCREMENT_TICK 1550
1550 QUEUE_RECEIVE_FAILED q1
1550 TASK_INCREMENT_TICK 1550
1551 TASK_SWITCHED_OUT SUSP_RX
1551 TASK_SWITCHED_IN SUSP_TX
1551 QUEUE_SEND q1
1551 TASK_DELAY SUSP_TX 128
1551 MOVED_TASK_TO_DELAYED_LIST SUSP_TX
1551 TASK_SWITCHED_OUT SUSP_TX
1551 TASK_SWITCHED_IN IDLE
1551 TASK_SWITCHED_OUT IDLE
1551 TASK_SWITCHED_IN CNT_INC
1551 TASK_PRIORITY_SET CNT_INC 1
1551 MOVED_TASK_TO_READY_STATE CNT_INC
1551 TASK_PRIORITY_SET CNT_INC 0
1551 MOVED_TASK_TO_READY_STATE CNT_INC
1551 TASK_SWITCHED_OUT CNT_INC
1551 TASK_SWITCHED_IN SUSP_RX
1551 QUEUE_RECEIVE q1
1551 QUEUE_RECEIVE_FAILED q1
1551 TASK_INCREMENT_TICK 1551
1551 TASK_INCREMENT_TICK 1551
1552 TASK_SWITCHED_OUT SUSP_RX
1552 TASK_SWITCHED_IN CNT_INC
1552 TASK_PRIORITY_SET CNT_INC 1
1552 MOVED_TASK_TO_READY_STATE CNT_INC
1552 TASK_PRIORITY_SET CNT_INC 0
1552 MOVED_TASK_TO_READY_STATE CNT_INC
1552 TASK_SWITCHED_OUT CNT_INC
1552 TASK_SWITCHED_IN IDLE
1552 TASK_INCREMENT_TICK 1552
1553 TASK_SWITCHED_OUT IDLE
1553 TASK_SWITCHED_IN CNT_INC
1553 TASK_PRIORITY_SET CNT_INC 1
1553 MOVED_TASK_TO_READY_STATE CNT_INC
1553 TASK_PRIORITY_SET CNT_INC 0
1553 MOVED_TASK_TO_READY_STATE CNT_INC
1553 TASK_SWITCHED_OUT CNT_INC
1553 TASK_SWITCHED_IN SUSP_RX
1553 QUEUE_RECEIVE_FAILED q1
1553 QUEUE_RECEIVE_FAILED q1
1553 TASK_INCREMENT_TICK 1553
1554 TASK_SWITCHED_OUT SUSP_RX
1554 TASK_SWITCHED_IN IDLE
1554 TASK_SWITCHED_OUT IDLE
1554 TASK_SWITCHED_IN CNT_INC
1554 TASK_PRIORITY_SET CNT_INC 1
1554 MOVED_TASK_TO_READY_STATE CNT_INC
1554 TASK_PRIORITY_SET CNT_INC 0
1554 MOVED_TASK_TO_READY_STATE CNT_INC
1554 TASK_SWITCHED_OUT CNT_INC
1554 TASK_SWITCHED_IN SUSP_RX
1554 QUEUE_RECEIVE_FAILED q1
1554 QUEUE_RECEIVE_FAILED q1
1554 QUEUE_RECEIVE_FAILED q1
1554 QUEUE_RECEIVE_FAILED q1
1554 TASK_INCREMENT_TICK 1554
1554 TASK_INCREMENT_TICK 1554
1555 TASK_SWITCHED_OUT SUSP_RX
1555 TASK_SWITCHED_IN CNT_INC
1555 TASK_PRIORITY_SET CNT_INC 1
1555 MOVED_TASK_TO_READY_STATE CNT_INC
1555 TASK_PRIORITY_SET CNT_INC 0
1555 MOVED_TASK_TO_READY_STATE CNT_INC
1555 TASK_SWITCHED_OUT CNT_INC
1555 TASK_SWITCHED_IN IDLE
1555 TASK_INCREMENT_TICK 1555
1556 TASK_SWITCHED_OUT IDLE
1556 TASK_SWITCHED_IN CNT_INC
1556 TASK_PRIORITY_SET CNT_INC 1
1556 MOVED_TASK_TO_READY_STATE CNT_INC
1556 TASK_PRIORITY_SET CNT_INC 0
1556 MOVED_TASK_TO_READY_STATE CNT_INC
1556 TASK_SWITCHED_OUT CNT_INC
1556 TASK_SWITCHED_IN SUSP_RX
1556 QUEUE_RECEIVE_FAILED q1
1556 QUEUE_RECEIVE_FAILED q1
1556 TASK_INCREMENT_TICK 1556
1557 TASK_SWITCHED_OUT SUSP_RX
1557 TASK_SWITCHED_IN IDLE
1557 TASK_SWITCHED_OUT IDLE
1557 TASK_SWITCHED_IN CNT_INC
1557 TASK_PRIORITY_SET CNT_INC 1
1557 MOVED_TASK_TO_READY_STATE CNT_INC
1557 TASK_PRIORITY_SET CNT_INC 0
1557 MOVED_TASK_TO_READY_STATE CNT_INC
1557 TASK_SWITCHED_OUT CNT_INC
1557 TASK_SWITCHED_IN SUSP_RX
1557 QUEUE_RECEIVE_FAILED q1
1557 QUEUE_RECEIVE_FAILED q1
1557 QUEUE_RECEIVE_FAILED q1
1557 QUEUE_RECEIVE_FAILED q1
1557 TASK_INCREMENT_TICK 1557
1557 TASK_INCREMENT_TICK 1557
1558 TASK_SWITCHED_OUT SUSP_RX
1558 TASK_SWITCHED_IN CNT_INC
1558 TASK_PRIORITY_SET CNT_INC 1
1558 MOVED_TASK_TO_READY_STATE CNT_INC
1558 TASK_PRIORITY_SET CNT_INC 0
1558 MOVED_TASK_TO_READY_STATE CNT_INC
1558 TASK_SWITCHED_OUT CNT_INC
1558 TASK_SWITCHED_IN IDLE
1558 TASK_INCREMENT_TICK 1558
1559 TASK_SWITCHED_OUT IDLE
1559 TASK_SWITCHED_IN CNT_INC
1559 TASK_PRIORITY_SET CNT_INC 1
1559 MOVED_TASK_TO_READY_STATE CNT_INC
1559 TASK_PRIORITY_SET CNT_INC 0
1559 MOVED_TASK_TO_READY_STATE CNT_INC
1559 TASK_SWITCHED_OUT CNT_INC
1559 TASK_SWITCHED_IN SUSP_RX
1559 QUEUE_RECEIVE_FAILED q1
1559 QUEUE_RECEIVE_FAILED q1
1559 TASK_INCREMENT_TICK 1559
1560 TASK_SWITCHED_OUT SUSP_RX
1560 TASK_SWITCHED_IN IDLE
1560 TASK_SWITCHED_OUT IDLE
1560 TASK_SWITCHED_IN CNT_INC
1560 TASK_PRIORITY_SET CNT_INC 1
1560 MOVED_TASK_TO_READY_STATE CNT_INC
1560 TASK_PRIORITY_SET CNT_INC 0
1560 MOVED_TASK_TO_READY_STATE CNT_INC
1560 TASK_SWITCHED_OUT CNT_INC
1560 TASK_SWITCHED_IN SUSP_RX
1560 QUEUE_RECEIVE_FAILED q1
1560 QUEUE_RECEIVE_FAILED q1
1560 QUEUE_RECEIVE_FAILED q1
1560 QUEUE_RECEIVE_FAILED q1
1560 TASK_INCREMENT_TICK 1560
1560 TASK_INCREMENT_TICK 1560
1561 TASK_SWITCHED_OUT SUSP_RX
1561 TASK_SWITCHED_IN CNT_INC
1561 TASK_PRIORITY_SET CNT_INC 1
1561 MOVED_TASK_TO_READY_STATE CNT_INC
1561 TASK_PRIORITY_SET CNT_INC 0
1561 MOVED_TASK_TO_READY_STATE CNT_INC
1561 TASK_SWITCHED_OUT CNT_INC
1561 TASK_SWITCHED_IN IDLE
1561 TASK_INCREMENT_TICK 1561
1562 TASK_SWITCHED_OUT IDLE
1562 TASK_SWITCHED_IN CNT_INC
1562 TASK_PRIORITY_SET CNT_INC 1
1562 MOVED_TASK_TO_READY_STATE CNT_INC
1562 TASK_PRIORITY_SET CNT_INC 0
1562 MOVED_TASK_TO_READY_STATE CNT_INC
1562 TASK_SWITCHED_OUT CNT_INC
1562 TASK_SWITCHED_IN SUSP_RX
1562 QUEUE_RECEIVE_FAILED q1
1562 QUEUE_RECEIVE_FAILED q1
1562 TASK_INCREMENT_TICK 1562
1563 TASK_SWITCHED_OUT SUSP_RX
1563 TASK_SWITCHED_IN IDLE
1563 TASK_SWITCHED_OUT IDLE
1563 TASK_SWITCHED_IN CNT_INC
1563 TASK_PRIORITY_SET CNT_INC 1
1563 MOVED_TASK_TO_READY_STATE CNT_INC
1563 TASK_PRIORITY_SET CNT_INC 0
1563 MOVED_TASK_TO_READY_STATE CNT_INC
1563 TASK_SWITCHED_OUT CNT_INC
1563 TASK_SWITCHED_IN SUSP_RX
1563 QUEUE_RECEIVE_FAILED q1
1563 QUEUE_RECEIVE_FAILED q1
1563 QUEUE_RECEIVE_FAILED q1
1563 QUEUE_RECEIVE_FAILED q1
1563 TASK_INCREMENT_TICK 1563
1563 TASK_INCREMENT_TICK 1563
1564 TASK_SWITCHED_OUT SUSP_RX
1564 TASK_SWITCHED_IN CNT_INC
1564 TASK_PRIORITY_SET CNT_INC 1
1564 MOVED_TASK_TO_READY_STATE CNT_INC
1564 TASK_PRIORITY_SET CNT_INC 0
1564 MOVED_TASK_TO_READY_STATE CNT_INC
1564 TASK_SWITCHED_OUT CNT_INC
1564 TASK_SWITCHED_IN IDLE
1564 TASK_INCREMENT_TICK 1564
1565 TASK_SWITCHED_OUT IDLE
1565 TASK_SWITCHED_IN CNT_INC
1565 TASK_PRIORITY_SET CNT_INC 1
1565 MOVED_TASK_TO_READY_STATE CNT_INC
1565 TASK_PRIORITY_SET CNT_INC 0
1565 MOVED_TASK_TO_READY_STATE CNT_INC
1565 TASK_SWITCHED_OUT CNT_INC
1565 TASK_SWITCHED_IN SUSP_RX
1565 QUEUE_RECEIVE_FAILED q1
1565 QUEUE_RECEIVE_FAILED q1
1565 TASK_INCREMENT_TICK 1565
1566 TASK_SWITCHED_OUT SUSP_RX
1566 TASK_SWITCHED_IN IDLE
1566 TASK_SWITCHED_OUT IDLE
1566 TASK_SWITCHED_IN CNT_INC
1566 TASK_PRIORITY_SET CNT_INC 1
1566 MOVED_TASK_TO_READY_STATE CNT_INC
1566 TASK_PRIORITY_SET CNT_INC 0
1566 MOVED_TASK_TO_READY_STATE CNT_INC
1566 TASK_SWITCHED_OUT CNT_INC
1566 TASK_SWITCHED_IN SUSP_RX
1566 QUEUE_RECEIVE_FAILED q1
1566 QUEUE_RECEIVE_FAILED q1
1566 QUEUE_RECEIVE_FAILED q1
1566 QUEUE_RECEIVE_FAILED q1
1566 TASK_INCREMENT_TICK 1566
1566 TASK_INCREMENT_TICK 1566
1567 TASK_SWITCHED_OUT SUSP_RX
1567 TASK_SWITCHED_IN CNT_INC
1567 TASK_PRIORITY_SET CNT_INC 1
1567 MOVED_TASK_TO_READY_STATE CNT_INC
1567 TASK_PRIORITY_SET CNT_INC 0
1567 MOVED_TASK_TO_READY_STATE CNT_INC
1567 TASK_SWITCHED_OUT CNT_INC
1567 TASK_SWITCHED_IN IDLE
1567 TASK_INCREMENT_TICK 1567
1568 TASK_SWITCHED_OUT IDLE
1568 TASK_SWITCHED_IN CNT_INC
1568 TASK_PRIORITY_SET CNT_INC 1
1568 MOVED_TASK_TO_READY_STATE CNT_INC
1568 TASK_PRIORITY_SET CNT_INC 0
1568 MOVED_TASK_TO_READY_STATE CNT_INC
1568 TASK_SWITCHED_OUT CNT_INC
1568 TASK_SWITCHED_IN SUSP_RX
1568 QUEUE_RECEIVE_FAILED q1
1568 QUEUE_RECEIVE_FAILED q1
1568 TASK_INCREMENT_TICK 1568
1569 TASK_SWITCHED_OUT SUSP_RX
1569 TASK_SWITCHED_IN IDLE
1569 TASK_SWITCHED_OUT IDLE
1569 TASK_SWITCHED_IN CNT_INC
1569 TASK_PRIORITY_SET CNT_INC 1
1569 MOVED_TASK_TO_READY_STATE CNT_INC
1569 TASK_PRIORITY_SET CNT_INC 0
1569 MOVED_TASK_TO_READY_STATE CNT_INC
1569 TASK_SWITCHED_OUT CNT_INC
1569 TASK_SWITCHED_IN SUSP_RX
1569 QUEUE_RECEIVE_FAILED q1
1569 QUEUE_RECEIVE_FAILED q1
1569 QUEUE_RECEIVE_FAILED q1
1569 QUEUE_RECEIVE_FAILED q1
1569 TASK_INCREMENT_TICK 1569
1569 TASK_INCREMENT_TICK 1569
1570 TASK_SWITCHED_OUT SUSP_RX
1570 TASK_SWITCHED_IN CNT_INC
1570 TASK_PRIORITY_SET CNT_INC 1
1570 MOVED_TASK_TO_READY_STATE CNT_INC
1570 TASK_PRIORITY_SET CNT_INC 0
1570 MOVED_TASK_TO_READY_STATE CNT_INC
1570 TASK_SWITCHED_OUT CNT_INC
1570 TASK_SWITCHED_IN IDLE
1570 TASK_INCREMENT_TICK 1570
1571 TASK_SWITCHED_OUT IDLE
1571 TASK_SWITCHED_IN CNT_INC
1571 TASK_PRIORITY_SET CNT_INC 1
1571 MOVED_TASK_TO_READY_STATE CNT_INC
1571 TASK_PRIORITY_SET CNT_INC 0
1571 MOVED_TASK_TO_READY_STATE CNT_INC
1571 TASK_SWITCHED_OUT CNT_INC
1571 TASK_SWITCHED_IN SUSP_RX
1571 QUEUE_RECEIVE_FAILED q1
1571 QUEUE_RECEIVE_FAILED q1
1571 TASK_INCREMENT_TICK 1571
1572 TASK_SWITCHED_OUT SUSP_RX
1572 TASK_SWITCHED_IN IDLE
1572 TASK_SWITCHED_OUT IDLE
1572 TASK_SWITCHED_IN CNT_INC
1572 TASK_PRIORITY_SET CNT_INC 1
1572 MOVED_TASK_TO_READY_STATE CNT_INC
1572 TASK_PRIORITY_SET CNT_INC 0
1572 MOVED_TASK_TO_READY_STATE CNT_INC
1572 TASK_SWITCHED_OUT CNT_INC
1572 TASK_SWITCHED_IN SUSP_RX
1572 QUEUE_RECEIVE_FAILED q1
1572 QUEUE_RECEIVE_FAILED q1
1572 QUEUE_RECEIVE_FAILED q1
1572 QUEUE_RECEIVE_FAILED q1
1572 TASK_INCREMENT_TICK 1572
1572 TASK_INCREMENT_TICK 1572
1573 TASK_SWITCHED_OUT SUSP_RX
1573 TASK_SWITCHED_IN CNT_INC
1573 TASK_PRIORITY_SET CNT_INC 1
1573 MOVED_TASK_TO_READY_STATE CNT_INC
1573 TASK_PRIORITY_SET CNT_INC 0
1573 MOVED_TASK_TO_READY_STATE CNT_INC
1573 TASK_SWITCHED_OUT CNT_INC
1573 TASK_SWITCHED_IN IDLE
1573 TASK_INCREMENT_TICK 1573
1574 TASK_SWITCHED_OUT IDLE
1574 TASK_SWITCHED_IN CNT_INC
1574 TASK_PRIORITY_SET CNT_INC 1
1574 MOVED_TASK_TO_READY_STATE CNT_INC
1574 TASK_PRIORITY_SET CNT_INC 0
1574 MOVED_TASK_TO_READY_STATE CNT_INC
1574 TASK_SWITCHED_OUT CNT_INC
1574 TASK_SWITCHED_IN SUSP_RX
1574 QUEUE_RECEIVE_FAILED q1
1574 QUEUE_RECEIVE_FAILED q1
1574 TASK_INCREMENT_TICK 1574
1575 TASK_SWITCHED_OUT SUSP_RX
1575 TASK_SWITCHED_IN IDLE
1575 TASK_SWITCHED_OUT IDLE
1575 TASK_SWITCHED_IN CNT_INC
1575 TASK_PRIORITY_SET CNT_INC 1
1575 MOVED_TASK_TO_READY_STATE CNT_INC
1575 TASK_PRIORITY_SET CNT_INC 0
1575 MOVED_TASK_TO_READY_STATE CNT_INC
1575 TASK_SWITCHED_OUT CNT_INC
1575 TASK_SWITCHED_IN SUSP_RX
1575 QUEUE_RECEIVE_FAILED q1
1575 QUEUE_RECEIVE_FAILED q1
1575 QUEUE_RECEIVE_FAILED q1
1575 QUEUE_RECEIVE_FAILED q1
1575 TASK_INCREMENT_TICK 1575
1575 TASK_INCREMENT_TICK 1575
1576 TASK_SWITCHED_OUT SUSP_RX
1576 TASK_SWITCHED_IN CNT_INC
1576 TASK_PRIORITY_SET CNT_INC 1
1576 MOVED_TASK_TO_READY_STATE CNT_INC
1576 TASK_PRIORITY_SET CNT_INC 0
1576 MOVED_TASK_TO_READY_STATE CNT_INC
1576 TASK_SWITCHED_OUT CNT_INC
1576 TASK_SWITCHED_IN IDLE
1576 TASK_INCREMENT_TICK 1576
1577 TASK_SWITCHED_OUT IDLE
1577 TASK_SWITCHED_IN CNT_INC
1577 TASK_PRIORITY_SET CNT_INC 1
1577 MOVED_TASK_TO_READY_STATE CNT_INC
1577 TASK_PRIORITY_SET CNT_INC 0
1577 MOVED_TASK_TO_READY_STATE CNT_INC
1577 TASK_SWITCHED_OUT CNT_INC
1577 TASK_SWITCHED_IN SUSP_RX
1577 QUEUE_RECEIVE_FAILED q1
1577 QUEUE_RECEIVE_FAILED q1
1577 TASK_INCREMENT_TICK 1577
1578 TASK_SWITCHED_OUT SUSP_RX
1578 TASK_SWITCHED_IN IDLE
1578 TASK_SWITCHED_OUT IDLE
1578 TASK_SWITCHED_IN CNT_INC
1578 TASK_PRIORITY_SET CNT_INC 1
1578 MOVED_TASK_TO_READY_STATE CNT_INC
1578 TASK_PRIORITY_SET CNT_INC 0
1578 MOVED_TASK_TO_READY_STATE CNT_INC
1578 TASK_SWITCHED_OUT CNT_INC
1578 TASK_SWITCHED_IN SUSP_RX
1578 QUEUE_RECEIVE_FAILED q1
1578 QUEUE_RECEIVE_FAILED q1
1578 QUEUE_RECEIVE_FAILED q1
1578 QUEUE_RECEIVE_FAILED q1
1578 TASK_INCREMENT_TICK 1578
1578 TASK_INCREMENT_TICK 1578
1579 TASK_SWITCHED_OUT SUSP_RX
1579 TASK_SWITCHED_IN CNT_INC
1579 TASK_PRIORITY_SET CNT_INC 1
1579 MOVED_TASK_TO_READY_STATE CNT_INC
1579 TASK_PRIORITY_SET CNT_INC 0
1579 MOVED_TASK_TO_READY_STATE CNT_INC
1579 TASK_SWITCHED_OUT CNT_INC
1579 TASK_SWITCHED_IN IDLE
1579 TASK_INCREMENT_TICK 1579
1580 TASK_SWITCHED_OUT IDLE
1580 TASK_SWITCHED_IN CNT_INC
1580 TASK_PRIORITY_SET CNT_INC 1
1580 MOVED_TASK_TO_READY_STATE CNT_INC
1580 TASK_PRIORITY_SET CNT_INC 0
1580 MOVED_TASK_TO_READY_STATE CNT_INC
1580 TASK_SWITCHED_OUT CNT_INC
1580 TASK_SWITCHED_IN SUSP_RX
1580 QUEUE_RECEIVE_FAILED q1
1580 QUEUE_RECEIVE_FAILED q1
1580 TASK_INCREMENT_TICK 1580
1581 TASK_SWITCHED_OUT SUSP_RX
1581 TASK_SWITCHED_IN IDLE
1581 TASK_SWITCHED_OUT IDLE
1581 TASK_SWITCHED_IN CNT_INC
1581 TASK_PRIORITY_SET CNT_INC 1
1581 MOVED_TASK_TO_READY_STATE CNT_INC
1581 TASK_PRIORITY_SET CNT_INC 0
1581 MOVED_TASK_TO_READY_STATE CNT_INC
1581 TASK_SWITCHED_OUT CNT_INC
1581 TASK_SWITCHED_IN SUSP_RX
1581 QUEUE_RECEIVE_FAILED q1
1581 QUEUE_RECEIVE_FAILED q1
1581 QUEUE_RECEIVE_FAILED q1
1581 QUEUE_RECEIVE_FAILED q1
1581 TASK_INCREMENT_TICK 1581
1581 TASK_INCREMENT_TICK 1581
1582 TASK_SWITCHED_OUT SUSP_RX
1582 TASK_SWITCHED_IN CNT_INC
1582 TASK_PRIORITY_SET CNT_INC 1
1582 MOVED_TASK_TO_READY_STATE CNT_INC
1582 TASK_PRIORITY_SET CNT_INC 0
1582 MOVED_TASK_TO_READY_STATE CNT_INC
1582 TASK_SWITCHED_OUT CNT_INC
1582 TASK_SWITCHED_IN IDLE
1582 TASK_INCREMENT_TICK 1582
1583 TASK_SWITCHED_OUT IDLE
1583 TASK_SWITCHED_IN CNT_INC
1583 TASK_PRIORITY_SET CNT_INC 1
1583 MOVED_TASK_TO_READY_STATE CNT_INC
1583 TASK_PRIORITY_SET CNT_INC 0
1583 MOVED_TASK_TO_READY_STATE CNT_INC
1583 TASK_SWITCHED_OUT CNT_INC
1583 TASK_SWITCHED_IN SUSP_RX
1583 QUEUE_RECEIVE_FAILED q1
1583 QUEUE_RECEIVE_FAILED q1
1583 TASK_INCREMENT_TICK 1583
1584 TASK_SWITCHED_OUT SUSP_RX
1584 TASK_SWITCHED_IN IDLE
1584 TASK_SWITCHED_OUT IDLE
1584 TASK_SWITCHED_IN CNT_INC
1584 TASK_PRIORITY_SET CNT_INC 1
1584 MOVED_TASK_TO_READY_STATE CNT_INC
1584 TASK_PRIORITY_SET CNT_INC 0
1584 MOVED_TASK_TO_READY_STATE CNT_INC
1584 TASK_SWITCHED_OUT CNT_INC
1584 TASK_SWITCHED_IN SUSP_RX
1584 QUEUE_RECEIVE_FAILED q1
1584 QUEUE_RECEIVE_FAILED q1
1584 QUEUE_RECEIVE_FAILED q1
1584 QUEUE_RECEIVE_FAILED q1
1584 TASK_INCREMENT_TICK 1584
1584 TASK_INCREMENT_TICK 1584
1585 TASK_SWITCHED_OUT SUSP_RX
1585 TASK_SWITCHED_IN CNT_INC
1585 TASK_PRIORITY_SET CNT_INC 1
1585 MOVED_TASK_TO_READY_STATE CNT_INC
1585 TASK_PRIORITY_SET CNT_INC 0
1585 MOVED_TASK_TO_READY_STATE CNT_INC
1585 TASK_SWITCHED_OUT CNT_INC
1585 TASK_SWITCHED_IN IDLE
1585 TASK_INCREMENT_TICK 1585
1586 TASK_SWITCHED_OUT IDLE
1586 TASK_SWITCHED_IN CNT_INC
1586 TASK_PRIORITY_SET CNT_INC 1
1586 MOVED_TASK_TO_READY_STATE CNT_INC
1586 TASK_PRIORITY_SET CNT_INC 0
1586 MOVED_TASK_TO_READY_STATE CNT_INC
1586 TASK_SWITCHED_OUT CNT_INC
1586 TASK_SWITCHED_IN SUSP_RX
1586 QUEUE_RECEIVE_FAILED q1
1586 QUEUE_RECEIVE_FAILED q1
1586 TASK_INCREMENT_TICK 1586
1587 TASK_SWITCHED_OUT SUSP_RX
1587 TASK_SWITCHED_IN IDLE
1587 TASK_SWITCHED_OUT IDLE
1587 TASK_SWITCHED_IN CNT_INC
1587 TASK_PRIORITY_SET CNT_INC 1
1587 MOVED_TASK_TO_READY_STATE CNT_INC
1587 TASK_PRIORITY_SET CNT_INC 0
1587 MOVED_TASK_TO_READY_STATE CNT_INC
1587 TASK_SWITCHED_OUT CNT_INC
1587 TASK_SWITCHED_IN SUSP_RX
1587 QUEUE_RECEIVE_FAILED q1
1587 QUEUE_RECEIVE_FAILED q1
1587 QUEUE_RECEIVE_FAILED q1
1587 QUEUE_RECEIVE_FAILED q1
1587 TASK_INCREMENT_TICK 1587
1587 TASK_INCREMENT_TICK 1587
1588 TASK_SWITCHED_OUT SUSP_RX
1588 TASK_SWITCHED_IN CNT_INC
1588 TASK_PRIORITY_SET CNT_INC 1
1588 MOVED_TASK_TO_READY_STATE CNT_INC
1588 TASK_PRIORITY_SET CNT_INC 0
1588 MOVED_TASK_TO_READY_STATE CNT_INC
1588 TASK_SWITCHED_OUT CNT_INC
1588 TASK_SWITCHED_IN IDLE
1588 TASK_INCREMENT_TICK 1588
1589 TASK_SWITCHED_OUT IDLE
1589 TASK_SWITCHED_IN CNT_INC
1589 TASK_PRIORITY_SET CNT_INC 1
1589 MOVED_TASK_TO_READY_STATE CNT_INC
1589 TASK_PRIORITY_SET CNT_INC 0
1589 MOVED_TASK_TO_READY_STATE CNT_INC
1589 TASK_SWITCHED_OUT CNT_INC
1589 TASK_SWITCHED_IN SUSP_RX
1589 QUEUE_RECEIVE_FAILED q1
1589 QUEUE_RECEIVE_FAILED q1
1589 TASK_INCREMENT_TICK 1589
1590 TASK_SWITCHED_OUT SUSP_RX
1590 TASK_SWITCHED_IN IDLE
1590 TASK_SWITCHED_OUT IDLE
1590 TASK_SWITCHED_IN CNT_INC
1590 TASK_PRIORITY_SET CNT_INC 1
1590 MOVED_TASK_TO_READY_STATE CNT_INC
1590 TASK_PRIORITY_SET CNT_INC 0
1590 MOVED_TASK_TO_READY_STATE CNT_INC
1590 TASK_SWITCHED_OUT CNT_INC
1590 TASK_SWITCHED_IN SUSP_RX
1590 QUEUE_RECEIVE_FAILED q1
1590 QUEUE_RECEIVE_FAILED q1
1590 QUEUE_RECEIVE_FAILED q1
1590 QUEUE_RECEIVE_FAILED q1
1590 TASK_INCREMENT_TICK 1590
1590 TASK_INCREMENT_TICK 1590
1591 TASK_SWITCHED_OUT SUSP_RX
1591 TASK_SWITCHED_IN CNT_INC
1591 TASK_PRIORITY_SET CNT_INC 1
1591 MOVED_TASK_TO_READY_STATE CNT_INC
1591 TASK_PRIORITY_SET CNT_INC 0
1591 MOVED_TASK_TO_READY_STATE CNT_INC
1591 TASK_SWITCHED_OUT CNT_INC
1591 TASK_SWITCHED_IN IDLE
1591 TASK_INCREMENT_TICK 1591
1592 TASK_SWITCHED_OUT IDLE
1592 TASK_SWITCHED_IN CNT_INC
1592 TASK_PRIORITY_SET CNT_INC 1
1592 MOVED_TASK_TO_READY_STATE CNT_INC
1592 TASK_PRIORITY_SET CNT_INC 0
1592 MOVED_TASK_TO_READY_STATE CNT_INC
1592 TASK_SWITCHED_OUT CNT_INC
1592 TASK_SWITCHED_IN SUSP_RX
1592 QUEUE_RECEIVE_FAILED q1
1592 QUEUE_RECEIVE_FAILED q1
1592 TASK_INCREMENT_TICK 1592
1593 TASK_SWITCHED_OUT SUSP_RX
1593 TASK_SWITCHED_IN IDLE
1593 TASK_SWITCHED_OUT IDLE
1593 TASK_SWITCHED_IN CNT_INC
1593 TASK_PRIORITY_SET CNT_INC 1
1593 MOVED_TASK_TO_READY_STATE CNT_INC
1593 TASK_PRIORITY_SET CNT_INC 0
1593 MOVED_TASK_TO_READY_STATE CNT_INC
1593 TASK_SWITCHED_OUT CNT_INC
1593 TASK_SWITCHED_IN SUSP_RX
1593 QUEUE_RECEIVE_FAILED q1
1593 QUEUE_RECEIVE_FAILED q1
1593 QUEUE_RECEIVE_FAILED q1
1593 QUEUE_RECEIVE_FAILED q1
1593 TASK_INCREMENT_TICK 1593
1593 TASK_INCREMENT_TICK 1593
1594 TASK_SWITCHED_OUT SUSP_RX
1594 TASK_SWITCHED_IN CNT_INC
1594 TASK_PRIORITY_SET CNT_INC 1
1594 MOVED_TASK_TO_READY_STATE CNT_INC
1594 TASK_PRIORITY_SET CNT_INC 0
1594 MOVED_TASK_TO_READY_STATE CNT_INC
1594 TASK_SWITCHED_OUT CNT_INC
1594 TASK_SWITCHED_IN IDLE
1594 TASK_INCREMENT_TICK 1594
1595 TASK_SWITCHED_OUT IDLE
1595 TASK_SWITCHED_IN CNT_INC
1595 TASK_PRIORITY_SET CNT_INC 1
1595 MOVED_TASK_TO_READY_STATE CNT_INC
1595 TASK_PRIORITY_SET CNT_INC 0
1595 MOVED_TASK_TO_READY_STATE CNT_INC
1595 TASK_SWITCHED_OUT CNT_INC
1595 TASK_SWITCHED_IN SUSP_RX
1595 QUEUE_RECEIVE_FAILED q1
1595 QUEUE_RECEIVE_FAILED q1
1595 TASK_INCREMENT_TICK 1595
1596 TASK_SWITCHED_OUT SUSP_RX
1596 TASK_SWITCHED_IN IDLE
1596 TASK_SWITCHED_OUT IDLE
1596 TASK_SWITCHED_IN CNT_INC
1596 TASK_PRIORITY_SET CNT_INC 1
1596 MOVED_TASK_TO_READY_STATE CNT_INC
1596 TASK_PRIORITY_SET CNT_INC 0
1596 MOVED_TASK_TO_READY_STATE CNT_INC
1596 TASK_SWITCHED_OUT CNT_INC
1596 TASK_SWITCHED_IN SUSP_RX
1596 QUEUE_RECEIVE_FAILED q1
1596 QUEUE_RECEIVE_FAILED q1
1596 QUEUE_RECEIVE_FAILED q1
1596 QUEUE_RECEIVE_FAILED q1
1596 TASK_INCREMENT_TICK 1596
1596 TASK_INCREMENT_TICK 1596
1597 TASK_SWITCHED_OUT SUSP_RX
1597 TASK_SWITCHED_IN CNT_INC
1597 TASK_PRIORITY_SET CNT_INC 1
1597 MOVED_TASK_TO_READY_STATE CNT_INC
1597 TASK_PRIORITY_SET CNT_INC 0
1597 MOVED_TASK_TO_READY_STATE CNT_INC
1597 TASK_SWITCHED_OUT CNT_INC
1597 TASK_SWITCHED_IN IDLE
1597 TASK_INCREMENT_TICK 1597
1598 TASK_SWITCHED_OUT IDLE
1598 TASK_SWITCHED_IN CNT_INC
1598 TASK_PRIORITY_SET CNT_INC 1
1598 MOVED_TASK_TO_READY_STATE CNT_INC
1598 TASK_PRIORITY_SET CNT_INC 0
1598 MOVED_TASK_TO_READY_STATE CNT_INC
1598 TASK_SWITCHED_OUT CNT_INC
1598 TASK_SWITCHED_IN SUSP_RX
1598 QUEUE_RECEIVE_FAILED q1
1598 QUEUE_RECEIVE_FAILED q1
1598 TASK_INCREMENT_TICK 1598
1599 TASK_SWITCHED_OUT SUSP_RX
1599 TASK_SWITCHED_IN IDLE
1599 TASK_SWITCHED_OUT IDLE
1599 TASK_SWITCHED_IN CNT_INC
1599 TASK_PRIORITY_SET CNT_INC 1
1599 MOVED_TASK_TO_READY_STATE CNT_INC
1599 TASK_PRIORITY_SET CNT_INC 0
1599 MOVED_TASK_TO_READY_STATE CNT_INC
1599 TASK_SWITCHED_OUT CNT_INC
1599 TASK_SWITCHED_IN SUSP_RX
1599 QUEUE_RECEIVE_FAILED q1
1599 QUEUE_RECEIVE_FAILED q1
1599 QUEUE_RECEIVE_FAILED q1
1599 QUEUE_RECEIVE_FAILED q1
1599 TASK_INCREMENT_TICK 1599
1599 TASK_INCREMENT_TICK 1599
1600 MOVED_TASK_TO_READY_STATE CHECK
1600 TASK_SWITCHED_OUT SUSP_RX
1600 TASK_SWITCHED_IN CHECK
1600 TASK_DELAY CHECK 100
1600 MOVED_TASK_TO_DELAYED_LIST CHECK
1600 TASK_SWITCHED_OUT CHECK
1600 TASK_SWITCHED_IN CNT_INC
1600 TASK_PRIORITY_SET CNT_INC 1
1600 MOVED_TASK_TO_READY_STATE CNT_INC
1600 TASK_PRIORITY_SET CNT_INC 0
1600 MOVED_TASK_TO_READY_STATE CNT_INC
1600 TASK_SWITCHED_OUT CNT_INC
1600 TASK_SWITCHED_IN IDLE
1600 TASK_INCREMENT_TICK 1600
1601 TASK_SWITCHED_OUT IDLE
1601 TASK_SWITCHED_IN CNT_INC
1601 TASK_PRIORITY_SET CNT_INC 1
1601 MOVED_TASK_TO_READY_STATE CNT_INC
1601 TASK_PRIORITY_SET CNT_INC 0
1601 MOVED_TASK_TO_READY_STATE CNT_INC
1601 TASK_SWITCHED_OUT CNT_INC
1601 TASK_SWITCHED_IN SUSP_RX
1601 QUEUE_RECEIVE_FAILED q1
1601 TASK_INCREMENT_TICK 1601
1601 QUEUE_RECEIVE_FAILED q1
1601 TASK_INCREMENT_TICK 1601
1602 TASK_SWITCHED_OUT SUSP_RX
1602 TASK_SWITCHED_IN IDLE
1602 TASK_SWITCHED_OUT IDLE
1602 TASK_SWITCHED_IN CNT_INC
1602 TASK_PRIORITY_SET CNT_INC 1
1602 MOVED_TASK_TO_READY_STATE CNT_INC
1602 TASK_PRIORITY_SET CNT_INC 0
1602 MOVED_TASK_TO_READY_STATE CNT_INC
1602 TASK_SWITCHED_OUT CNT_INC
1602 TASK_SWITCHED_IN SUSP_RX
1602 QUEUE_RECEIVE_FAILED q1
1602 QUEUE_RECEIVE_FAILED q1
1602 QUEUE_RECEIVE_FAILED q1
1602 TASK_INCREMENT_TICK 1602
1603 TASK_SWITCHED_OUT SUSP_RX
1603 TASK_SWITCHED_IN CNT_INC
1603 TASK_PRIORITY_SET CNT_INC 1
1603 MOVED_TASK_TO_READY_STATE CNT_INC
1603 TASK_PRIORITY_SET CNT_INC 0
1603 MOVED_TASK_TO_READY_STATE CNT_INC
1603 TASK_SWITCHED_OUT CNT_INC
1603 TASK_SWITCHED_IN IDLE
1603 TASK_INCREMENT_TICK 1603
1604 TASK_SWITCHED_OUT IDLE
1604 TASK_SWITCHED_IN CNT_INC
1604 TASK_PRIORITY_SET CNT_INC 1
1604 MOVED_TASK_TO_READY_STATE CNT_INC
1604 TASK_PRIORITY_SET CNT_INC 0
1604 MOVED_TASK_TO_READY_STATE CNT_INC
1604 TASK_SWITCHED_OUT CNT_INC
1604 TASK_SWITCHED_IN SUSP_RX
1604 QUEUE_RECEIVE_FAILED q1
1604 QUEUE_RECEIVE_FAILED q1
1604 TASK_INCREMENT_TICK 1604
1604 QUEUE_RECEIVE_FAILED q1
1604 TASK_INCREMENT_TICK 1604
1605 TASK_SWITCHED_OUT SUSP_RX
1605 TASK_SWITCHED_IN IDLE
1605 TASK_SWITCHED_OUT IDLE
1605 TASK_SWITCHED_IN CNT_INC
1605 TASK_PRIORITY_SET CNT_INC 1
1605 MOVED_TASK_TO_READY_STATE CNT_INC
1605 TASK_PRIORITY_SET CNT_INC 0
1605 MOVED_TASK_TO_READY_STATE CNT_INC
1605 TASK_SWITCHED_OUT CNT_INC
1605 TASK_SWITCHED_IN SUSP_RX
1605 QUEUE_RECEIVE_FAILED q1
1605 QUEUE_RECEIVE_FAILED q1
1605 QUEUE_RECEIVE_FAILED q1
1605 TASK_INCREMENT_TICK 1605
1606 TASK_SWITCHED_OUT SUSP_RX
1606 TASK_SWITCHED_IN CNT_INC
1606 TASK_PRIORITY_SET CNT_INC 1
1606 MOVED_TASK_TO_READY_STATE CNT_INC
1606 TASK_PRIORITY_SET CNT_INC 0
1606 MOVED_TASK_TO_READY_STATE CNT_INC
1606 TASK_SWITCHED_OUT CNT_INC
1606 TASK_SWITCHED_IN IDLE
1606 TASK_INCREMENT_TICK 1606
1607 TASK_SWITCHED_OUT IDLE
1607 TASK_SWITCHED_IN CNT_INC
1607 TASK_PRIORITY_SET CNT_INC 1
1607 MOVED_TASK_TO_READY_STATE CNT_INC
1607 TASK_PRIORITY_SET CNT_INC 0
1607 MOVED_TASK_TO_READY_STATE CNT_INC
1607 TASK_SWITCHED_OUT CNT_INC
1607 TASK_SWITCHED_IN SUSP_RX
1607 QUEUE_RECEIVE_FAILED q1
1607 QUEUE_RECEIVE_FAILED q1
1607 TASK_INCREMENT_TICK 1607
1607 QUEUE_RECEIVE_FAILED q1
1607 TASK_INCREMENT_TICK 1607
1608 TASK_SWITCHED_OUT SUSP_RX
1608 TASK_SWITCHED_IN IDLE
1608 TASK_SWITCHED_OUT IDLE
1608 TASK_SWITCHED_IN CNT_INC
1608 TASK_PRIORITY_SET CNT_INC 1
1608 MOVED_TASK_TO_READY_STATE CNT_INC
1608 TASK_PRIORITY_SET CNT_INC 0
1608 MOVED_TASK_TO_READY_STATE CNT_INC
1608 TASK_SWITCHED_OUT CNT_INC
1608 TASK_SWITCHED_IN SUSP_RX
1608 QUEUE_RECEIVE_FAILED q1
1608 QUEUE_RECEIVE_FAILED q1
1608 QUEUE_RECEIVE_FAILED q1
1608 TASK_INCREMENT_TICK 1608
1609 TASK_SWITCHED_OUT SUSP_RX
1609 TASK_SWITCHED_IN CNT_INC
1609 TASK_PRIORITY_SET CNT_INC 1
1609 MOVED_TASK_TO_READY_STATE CNT_INC
1609 TASK_PRIORITY_SET CNT_INC 0
1609 MOVED_TASK_TO_READY_STATE CNT_INC
1609 TASK_SWITCHED_OUT CNT_INC
1609 TASK_SWITCHED_IN IDLE
1609 TASK_INCREMENT_TICK 1609
1610 TASK_SWITCHED_OUT IDLE
1610 TASK_SWITCHED_IN CNT_INC
1610 TASK_PRIORITY_SET CNT_INC 1
1610 MOVED_TASK_TO_READY_STATE CNT_INC
1610 TASK_PRIORITY_SET CNT_INC 0
1610 MOVED_TASK_TO_READY_STATE CNT_INC
1610 TASK_SWITCHED_OUT CNT_INC
1610 TASK_SWITCHED_IN SUSP_RX
1610 QUEUE_RECEIVE_FAILED q1
1610 QUEUE_RECEIVE_FAILED q1
1610 TASK_INCREMENT_TICK 1610
1610 QUEUE_RECEIVE_FAILED q1
1610 TASK_INCREMENT_TICK 1610
1611 TASK_SWITCHED_OUT SUSP_RX
1611 TASK_SWITCHED_IN IDLE
1611 TASK_SWITCHED_OUT IDLE
1611 TASK_SWITCHED_IN CNT_INC
1611 TASK_PRIORITY_SET CNT_INC 1
1611 MOVED_TASK_TO_READY_STATE CNT_INC
1611 TASK_PRIORITY_SET CNT_INC 0
1611 MOVED_TASK_TO_READY_STATE CNT_INC
1611 TASK_SWITCHED_OUT CNT_INC
1611 TASK_SWITCHED_IN SUSP_RX
1611 QUEUE_RECEIVE_FAILED q1
1611 QUEUE_RECEIVE_FAILED q1
1611 QUEUE_RECEIVE_FAILED q1
1611 TASK_INCREMENT_TICK 1611
1612 TASK_SWITCHED_OUT SUSP_RX
1612 TASK_SWITCHED_IN CNT_INC
1612 TASK_PRIORITY_SET CNT_INC 1
1612 MOVED_TASK_TO_READY_STATE CNT_INC
1612 TASK_PRIORITY_SET CNT_INC 0
1612 MOVED_TASK_TO_READY_STATE CNT_INC
1612 TASK_SWITCHED_OUT CNT_INC
1612 TASK_SWITCHED_IN IDLE
1612 TASK_INCREMENT_TICK 1612
1613 TASK_SWITCHED_OUT IDLE
1613 TASK_SWITCHED_IN CNT_INC
1613 TASK_PRIORITY_SET CNT_INC 1
1613 MOVED_TASK_TO_READY_STATE CNT_INC
1613 TASK_PRIORITY_SET CNT_INC 0
1613 MOVED_TASK_TO_READY_STATE CNT_INC
1613 TASK_SWITCHED_OUT CNT_INC
1613 TASK_SWITCHED_IN SUSP_RX
1613 QUEUE_RECEIVE_FAILED q1
1613 QUEUE_RECEIVE_FAILED q1
1613 TASK_INCREMENT_TICK 1613
1613 QUEUE_RECEIVE_FAILED q1
1613 TASK_INCREMENT_TICK 1613
1614 TASK_SWITCHED_OUT SUSP_RX
1614 TASK_SWITCHED_IN IDLE
1614 TASK_SWITCHED_OUT IDLE
1614 TASK_SWITCHED_IN CNT_INC
1614 TASK_PRIORITY_SET CNT_INC 1
1614 MOVED_TASK_TO_READY_STATE CNT_INC
1614 TASK_PRIORITY_SET CNT_INC 0
1614 MOVED_TASK_TO_READY_STATE CNT_INC
1614 TASK_SWITCHED_OUT CNT_INC
1614 TASK_SWITCHED_IN SUSP_RX
1614 QUEUE_RECEIVE_FAILED q1
1614 QUEUE_RECEIVE_FAILED q1
1614 QUEUE_RECEIVE_FAILED q1
1614 TASK_INCREMENT_TICK 1614
1615 TASK_SWITCHED_OUT SUSP_RX
1615 TASK_SWITCHED_IN CNT_INC
1615 TASK_PRIORITY_SET CNT_INC 1
1615 MOVED_TASK_TO_READY_STATE CNT_INC
1615 TASK_PRIORITY_SET CNT_INC 0
1615 MOVED_TASK_TO_READY_STATE CNT_INC
1615 TASK_SWITCHED_OUT CNT_INC
1615 TASK_SWITCHED_IN IDLE
1615 TASK_INCREMENT_TICK 1615
1616 TASK_SWITCHED_OUT IDLE
1616 TASK_SWITCHED_IN CNT_INC
1616 TASK_PRIORITY_SET CNT_INC 1
1616 MOVED_TASK_TO_READY_STATE CNT_INC
1616 TASK_PRIORITY_SET CNT_INC 0
1616 MOVED_TASK_TO_READY_STATE CNT_INC
1616 TASK_SWITCHED_OUT CNT_INC
1616 TASK_SWITCHED_IN SUSP_RX
1616 QUEUE_RECEIVE_FAILED q1
1616 QUEUE_RECEIVE_FAILED q1
1616 TASK_INCREMENT_TICK 1616
1616 QUEUE_RECEIVE_FAILED q1
1616 TASK_INCREMENT_TICK 1616
1617 TASK_SWITCHED_OUT SUSP_RX
1617 TASK_SWITCHED_IN IDLE
1617 TASK_SWITCHED_OUT IDLE
1617 TASK_SWITCHED_IN CNT_INC
1617 TASK_PRIORITY_SET CNT_INC 1
1617 MOVED_TASK_TO_READY_STATE CNT_INC
1617 TASK_PRIORITY_SET CNT_INC 0
1617 MOVED_TASK_TO_READY_STATE CNT_INC
1617 TASK_SWITCHED_OUT CNT_INC
1617 TASK_SWITCHED_IN SUSP_RX
1617 QUEUE_RECEIVE_FAILED q1
1617 QUEUE_RECEIVE_FAILED q1
1617 QUEUE_RECEIVE_FAILED q1
1617 TASK_INCREMENT_TICK 1617
1618 TASK_SWITCHED_OUT SUSP_RX
1618 TASK_SWITCHED_IN CNT_INC
1618 TASK_PRIORITY_SET CNT_INC 1
1618 MOVED_TASK_TO_READY_STATE CNT_INC
1618 TASK_PRIORITY_SET CNT_INC 0
1618 MOVED_TASK_TO_READY_STATE CNT_INC
1618 TASK_SWITCHED_OUT CNT_INC
1618 TASK_SWITCHED_IN IDLE
1618 TASK_INCREMENT_TICK 1618
1619 TASK_SWITCHED_OUT IDLE
1619 TASK_SWITCHED_IN CNT_INC
1619 TASK_PRIORITY_SET CNT_INC 1
1619 MOVED_TASK_TO_READY_STATE CNT_INC
1619 TASK_PRIORITY_SET CNT_INC 0
1619 MOVED_TASK_TO_READY_STATE CNT_INC
1619 TASK_SWITCHED_OUT CNT_INC
1619 TASK_SWITCHED_IN SUSP_RX
1619 QUEUE_RECEIVE_FAILED q1
1619 QUEUE_RECEIVE_FAILED q1
1619 TASK_INCREMENT_TICK 1619
1619 QUEUE_RECEIVE_FAILED q1
1619 TASK_INCREMENT_TICK 1619
1620 TASK_SWITCHED_OUT SUSP_RX
1620 TASK_SWITCHED_IN IDLE
1620 TASK_SWITCHED_OUT IDLE
1620 TASK_SWITCHED_IN CNT_INC
1620 TASK_PRIORITY_SET CNT_INC 1
1620 MOVED_TASK_TO_READY_STATE CNT_INC
1620 TASK_PRIORITY_SET CNT_INC 0
1620 MOVED_TASK_TO_READY_STATE CNT_INC
1620 TASK_SWITCHED_OUT CNT_INC
1620 TASK_SWITCHED_IN SUSP_RX
1620 QUEUE_RECEIVE_FAILED q1
1620 QUEUE_RECEIVE_FAILED q1
1620 QUEUE_RECEIVE_FAILED q1
1620 TASK_INCREMENT_TICK 1620
1621 TASK_SWITCHED_OUT SUSP_RX
1621 TASK_SWITCHED_IN CNT_INC
1621 TASK_PRIORITY_SET CNT_INC 1
1621 MOVED_TASK_TO_READY_STATE CNT_INC
1621 TASK_PRIORITY_SET CNT_INC 0
1621 MOVED_TASK_TO_READY_STATE CNT_INC
1621 TASK_SWITCHED_OUT CNT_INC
1621 TASK_SWITCHED_IN IDLE
1621 TASK_INCREMENT_TICK 1621
1622 TASK_SWITCHED_OUT IDLE
1622 TASK_SWITCHED_IN CNT_INC
1622 TASK_PRIORITY_SET CNT_INC 1
1622 MOVED_TASK_TO_READY_STATE CNT_INC
1622 TASK_PRIORITY_SET CNT_INC 0
1622 MOVED_TASK_TO_READY_STATE CNT_INC
1622 TASK_SWITCHED_OUT CNT_INC
1622 TASK_SWITCHED_IN SUSP_RX
1622 QUEUE_RECEIVE_FAILED q1
1622 QUEUE_RECEIVE_FAILED q1
1622 TASK_INCREMENT_TICK 1622
1622 QUEUE_RECEIVE_FAILED q1
1622 TASK_INCREMENT_TICK 1622
1623 TASK_SWITCHED_OUT SUSP_RX
1623 TASK_SWITCHED_IN IDLE
1623 TASK_SWITCHED_OUT IDLE
1623 TASK_SWITCHED_IN CNT_INC
1623 TASK_PRIORITY_SET CNT_INC 1
1623 MOVED_TASK_TO_READY_STATE CNT_INC
1623 TASK_PRIORITY_SET CNT_INC 0
1623 MOVED_TASK_TO_READY_STATE CNT_INC
1623 TASK_SWITCHED_OUT CNT_INC
1623 TASK_SWITCHED_IN SUSP_RX
1623 QUEUE_RECEIVE_FAILED q1
1623 QUEUE_RECEIVE_FAILED q1
1623 QUEUE_RECEIVE_FAILED q1
1623 TASK_INCREMENT_TICK 1623
1624 TASK_SWITCHED_OUT SUSP_RX
1624 TASK_SWITCHED_IN CNT_INC
1624 TASK_PRIORITY_SET CNT_INC 1
1624 MOVED_TASK_TO_READY_STATE CNT_INC
1624 TASK_PRIORITY_SET CNT_INC 0
1624 MOVED_TASK_TO_READY_STATE CNT_INC
1624 TASK_SWITCHED_OUT CNT_INC
1624 TASK_SWITCHED_IN IDLE
1624 TASK_INCREMENT_TICK 1624
1625 TASK_SWITCHED_OUT IDLE
1625 TASK_SWITCHED_IN CNT_INC
1625 TASK_PRIORITY_SET CNT_INC 1
1625 MOVED_TASK_TO_READY_STATE CNT_INC
1625 TASK_PRIORITY_SET CNT_INC 0
1625 MOVED_TASK_TO_READY_STATE CNT_INC
1625 TASK_SWITCHED_OUT CNT_INC
1625 TASK_SWITCHED_IN SUSP_RX
1625 QUEUE_RECEIVE_FAILED q1
1625 QUEUE_RECEIVE_FAILED q1
1625 TASK_INCREMENT_TICK 1625
1625 QUEUE_RECEIVE_FAILED q1
1625 TASK_INCREMENT_TICK 1625
1626 TASK_SWITCHED_OUT SUSP_RX
1626 TASK_SWITCHED_IN IDLE
1626 TASK_SWITCHED_OUT IDLE
1626 TASK_SWITCHED_IN CNT_INC
1626 TASK_PRIORITY_SET CNT_INC 1
1626 MOVED_TASK_TO_READY_STATE CNT_INC
1626 TASK_PRIORITY_SET CNT_INC 0
1626 MOVED_TASK_TO_READY_STATE CNT_INC
1626 TASK_SWITCHED_OUT CNT_INC
1626 TASK_SWITCHED_IN SUSP_RX
1626 QUEUE_RECEIVE_FAILED q1
1626 QUEUE_RECEIVE_FAILED q1
1626 QUEUE_RECEIVE_FAILED q1
1626 TASK_INCREMENT_TICK 1626
1627 TASK_SWITCHED_OUT SUSP_RX
1627 TASK_SWITCHED_IN CNT_INC
1627 TASK_PRIORITY_SET CNT_INC 1
1627 MOVED_TASK_TO_READY_STATE CNT_INC
1627 TASK_PRIORITY_SET CNT_INC 0
1627 MOVED_TASK_TO_READY_STATE CNT_INC
1627 TASK_SWITCHED_OUT CNT_INC
1627 TASK_SWITCHED_IN IDLE
1627 TASK_INCREMENT_TICK 1627
1628 TASK_SWITCHED_OUT IDLE
1628 TASK_SWITCHED_IN CNT_INC
1628 TASK_PRIORITY_SET CNT_INC 1
1628 MOVED_TASK_TO_READY_STATE CNT_INC
1628 TASK_PRIORITY_SET CNT_INC 0
1628 MOVED_TASK_TO_READY_STATE CNT_INC
1628 TASK_SWITCHED_OUT CNT_INC
1628 TASK_SWITCHED_IN SUSP_RX
1628 QUEUE_RECEIVE_FAILED q1
1628 QUEUE_RECEIVE_FAILED q1
1628 TASK_INCREMENT_TICK 1628
1628 QUEUE_RECEIVE_FAILED q1
1628 TASK_INCREMENT_TICK 1628
1629 TASK_SWITCHED_OUT SUSP_RX
1629 TASK_SWITCHED_IN IDLE
1629 TASK_SWITCHED_OUT IDLE
1629 TASK_SWITCHED_IN CNT_INC
1629 TASK_PRIORITY_SET CNT_INC 1
1629 MOVED_TASK_TO_READY_STATE CNT_INC
1629 TASK_PRIORITY_SET CNT_INC 0
1629 MOVED_TASK_TO_READY_STATE CNT_INC
1629 TASK_SWITCHED_OUT CNT_INC
1629 TASK_SWITCHED_IN SUSP_RX
1629 QUEUE_RECEIVE_FAILED q1
1629 QUEUE_RECEIVE_FAILED q1
1629 QUEUE_RECEIVE_FAILED q1
1629 TASK_INCREMENT_TICK 1629
1630 TASK_SWITCHED_OUT SUSP_RX
1630 TASK_SWITCHED_IN CNT_INC
1630 TASK_PRIORITY_SET CNT_INC 1
1630 MOVED_TASK_TO_READY_STATE CNT_INC
1630 TASK_PRIORITY_SET CNT_INC 0
1630 MOVED_TASK_TO_READY_STATE CNT_INC
1630 TASK_SWITCHED_OUT CNT_INC
1630 TASK_SWITCHED_IN IDLE
1630 TASK_INCREMENT_TICK 1630
1631 TASK_SWITCHED_OUT IDLE
1631 TASK_SWITCHED_IN CNT_INC
1631 TASK_PRIORITY_SET CNT_INC 1
1631 MOVED_TASK_TO_READY_STATE CNT_INC
1631 TASK_PRIORITY_SET CNT_INC 0
1631 MOVED_TASK_TO_READY_STATE CNT_INC
1631 TASK_SWITCHED_OUT CNT_INC
1631 TASK_SWITCHED_IN SUSP_RX
1631 QUEUE_RECEIVE_FAILED q1
1631 QUEUE_RECEIVE_FAILED q1
1631 TASK_INCREMENT_TICK 1631
1631 QUEUE_RECEIVE_FAILED q1
1631 TASK_INCREMENT_TICK 1631
1632 TASK_SWITCHED_OUT SUSP_RX
1632 TASK_SWITCHED_IN IDLE
1632 TASK_SWITCHED_OUT IDLE
1632 TASK_SWITCHED_IN CNT_INC
1632 TASK_PRIORITY_SET CNT_INC 1
1632 MOVED_TASK_TO_READY_STATE CNT_INC
1632 TASK_PRIORITY_SET CNT_INC 0
1632 MOVED_TASK_TO_READY_STATE CNT_INC
1632 TASK_SWITCHED_OUT CNT_INC
1632 TASK_SWITCHED_IN SUSP_RX
1632 QUEUE_RECEIVE_FAILED q1
1632 QUEUE_RECEIVE_FAILED q1
1632 QUEUE_RECEIVE_FAILED q1
1632 TASK_INCREMENT_TICK 1632
1633 TASK_SWITCHED_OUT SUSP_RX
1633 TASK_SWITCHED_IN CNT_INC
1633 TASK_PRIORITY_SET CNT_INC 1
1633 MOVED_TASK_TO_READY_STATE CNT_INC
1633 TASK_PRIORITY_SET CNT_INC 0
1633 MOVED_TASK_TO_READY_STATE CNT_INC
1633 TASK_SWITCHED_OUT CNT_INC
1633 TASK_SWITCHED_IN IDLE
1633 TASK_INCREMENT_TICK 1633
1634 TASK_SWITCHED_OUT IDLE
1634 TASK_SWITCHED_IN CNT_INC
1634 TASK_PRIORITY_SET CNT_INC 1
1634 MOVED_TASK_TO_READY_STATE CNT_INC
1634 TASK_PRIORITY_SET CNT_INC 0
1634 MOVED_TASK_TO_READY_STATE CNT_INC
1634 TASK_SWITCHED_OUT CNT_INC
1634 TASK_SWITCHED_IN SUSP_RX
1634 QUEUE_RECEIVE_FAILED q1
1634 QUEUE_RECEIVE_FAILED q1
1634 TASK_INCREMENT_TICK 1634
1634 QUEUE_RECEIVE_FAILED q1
1634 TASK_INCREMENT_TICK 1634
1635 TASK_SWITCHED_OUT SUSP_RX
1635 TASK_SWITCHED_IN IDLE
1635 TASK_SWITCHED_OUT IDLE
1635 TASK_SWITCHED_IN CNT_INC
1635 TASK_PRIORITY_SET CNT_INC 1
1635 MOVED_TASK_TO_READY_STATE CNT_INC
1635 TASK_PRIORITY_SET CNT_INC 0
1635 MOVED_TASK_TO_READY_STATE CNT_INC
1635 TASK_SWITCHED_OUT CNT_INC
1635 TASK_SWITCHED_IN SUSP_RX
1635 QUEUE_RECEIVE_FAILED q1
1635 QUEUE_RECEIVE_FAILED q1
1635 QUEUE_RECEIVE_FAILED q1
1635 TASK_INCREMENT_TICK 1635
1636 TASK_SWITCHED_OUT SUSP_RX
1636 TASK_SWITCHED_IN CNT_INC
1636 TASK_PRIORITY_SET CNT_INC 1
1636 MOVED_TASK_TO_READY_STATE CNT_INC
1636 TASK_PRIORITY_SET CNT_INC 0
1636 MOVED_TASK_TO_READY_STATE CNT_INC
1636 TASK_SWITCHED_OUT CNT_INC
1636 TASK_SWITCHED_IN IDLE
1636 TASK_INCREMENT_TICK 1636
1637 TASK_SWITCHED_OUT IDLE
1637 TASK_SWITCHED_IN CNT_INC
1637 TASK_PRIORITY_SET CNT_INC 1
1637 MOVED_TASK_TO_READY_STATE CNT_INC
1637 TASK_PRIORITY_SET CNT_INC 0
1637 MOVED_TASK_TO_READY_STATE CNT_INC
1637 TASK_SWITCHED_OUT CNT_INC
1637 TASK_SWITCHED_IN SUSP_RX
1637 QUEUE_RECEIVE_FAILED q1
1637 QUEUE_RECEIVE_FAILED q1
1637 TASK_INCREMENT_TICK 1637
1637 QUEUE_RECEIVE_FAILED q1
1637 TASK_INCREMENT_TICK 1637
1638 TASK_SWITCHED_OUT SUSP_RX
1638 TASK_SWITCHED_IN IDLE
1638 TASK_SWITCHED_OUT IDLE
1638 TASK_SWITCHED_IN CNT_INC
1638 TASK_PRIORITY_SET CNT_INC 1
1638 MOVED_TASK_TO_READY_STATE CNT_INC
1638 TASK_PRIORITY_SET CNT_INC 0
1638 MOVED_TASK_TO_READY_STATE CNT_INC
1638 TASK_SWITCHED_OUT CNT_INC
1638 TASK_SWITCHED_IN SUSP_RX
1638 QUEUE_RECEIVE_FAILED q1
1638 QUEUE_RECEIVE_FAILED q1
1638 QUEUE_RECEIVE_FAILED q1
1638 TASK_INCREMENT_TICK 1638
1639 TASK_SWITCHED_OUT SUSP_RX
1639 TASK_SWITCHED_IN CNT_INC
1639 TASK_PRIORITY_SET CNT_INC 1
1639 MOVED_TASK_TO_READY_STATE CNT_INC
1639 TASK_PRIORITY_SET CNT_INC 0
1639 MOVED_TASK_TO_READY_STATE CNT_INC
1639 TASK_SWITCHED_OUT CNT_INC
1639 TASK_SWITCHED_IN IDLE
1639 TASK_INCREMENT_TICK 1639
1640 TASK_SWITCHED_OUT IDLE
1640 TASK_SWITCHED_IN CNT_INC
1640 TASK_PRIORITY_SET CNT_INC 1
1640 MOVED_TASK_TO_READY_STATE CNT_INC
1640 TASK_PRIORITY_SET CNT_INC 0
1640 MOVED_TASK_TO_READY_STATE CNT_INC
1640 TASK_SWITCHED_OUT CNT_INC
1640 TASK_SWITCHED_IN SUSP_RX
1640 QUEUE_RECEIVE_FAILED q1
1640 QUEUE_RECEIVE_FAILED q1
1640 TASK_INCREMENT_TICK 1640
1640 QUEUE_RECEIVE_FAILED q1
1640 TASK_INCREMENT_TICK 1640
1641 TASK_SWITCHED_OUT SUSP_RX
1641 TASK_SWITCHED_IN IDLE
1641 TASK_SWITCHED_OUT IDLE
1641 TASK_SWITCHED_IN CNT_INC
1641 TASK_PRIORITY_SET CNT_INC 1
1641 MOVED_TASK_TO_READY_STATE CNT_INC
1641 TASK_PRIORITY_SET CNT_INC 0
1641 MOVED_TASK_TO_READY_STATE CNT_INC
1641 TASK_SWITCHED_OUT CNT_INC
1641 TASK_SWITCHED_IN SUSP_RX
1641 QUEUE_RECEIVE_FAILED q1
1641 QUEUE_RECEIVE_FAILED q1
1641 QUEUE_RECEIVE_FAILED q1
1641 TASK_INCREMENT_TICK 1641
1642 TASK_SWITCHED_OUT SUSP_RX
1642 TASK_SWITCHED_IN CNT_INC
1642 TASK_PRIORITY_SET CNT_INC 1
1642 MOVED_TASK_TO_READY_STATE CNT_INC
1642 TASK_PRIORITY_SET CNT_INC 0
1642 MOVED_TASK_TO_READY_STATE CNT_INC
1642 TASK_SWITCHED_OUT CNT_INC
1642 TASK_SWITCHED_IN IDLE
1642 TASK_INCREMENT_TICK 1642
1643 TASK_SWITCHED_OUT IDLE
1643 TASK_SWITCHED_IN CNT_INC
1643 TASK_PRIORITY_SET CNT_INC 1
1643 MOVED_TASK_TO_READY_STATE CNT_INC
1643 TASK_PRIORITY_SET CNT_INC 0
1643 MOVED_TASK_TO_READY_STATE CNT_INC
1643 TASK_SWITCHED_OUT CNT_INC
1643 TASK_SWITCHED_IN SUSP_RX
1643 QUEUE_RECEIVE_FAILED q1
1643 QUEUE_RECEIVE_FAILED q1
1643 TASK_INCREMENT_TICK 1643
1643 QUEUE_RECEIVE_FAILED q1
1643 TASK_INCREMENT_TICK 1643
1644 TASK_SWITCHED_OUT SUSP_RX
1644 TASK_SWITCHED_IN IDLE
1644 TASK_SWITCHED_OUT IDLE
1644 TASK_SWITCHED_IN CNT_INC
1644 TASK_PRIORITY_SET CNT_INC 1
1644 MOVED_TASK_TO_READY_STATE CNT_INC
1644 TASK_PRIORITY_SET CNT_INC 0
1644 MOVED_TASK_TO_READY_STATE CNT_INC
1644 TASK_SWITCHED_OUT CNT_INC
1644 TASK_SWITCHED_IN SUSP_RX
1644 QUEUE_RECEIVE_FAILED q1
1644 QUEUE_RECEIVE_FAILED q1
1644 QUEUE_RECEIVE_FAILED q1
1644 TASK_INCREMENT_TICK 1644
1645 TASK_SWITCHED_OUT SUSP_RX
1645 TASK_SWITCHED_IN CNT_INC
1645 TASK_PRIORITY_SET CNT_INC 1
1645 MOVED_TASK_TO_READY_STATE CNT_INC
1645 TASK_PRIORITY_SET CNT_INC 0
1645 MOVED_TASK_TO_READY_STATE CNT_INC
1645 TASK_SWITCHED_OUT CNT_INC
1645 TASK_SWITCHED_IN IDLE
1645 TASK_INCREMENT_TICK 1645
1646 TASK_SWITCHED_OUT IDLE
1646 TASK_SWITCHED_IN CNT_INC
1646 TASK_PRIORITY_SET CNT_INC 1
1646 MOVED_TASK_TO_READY_STATE CNT_INC
1646 TASK_PRIORITY_SET CNT_INC 0
1646 MOVED_TASK_TO_READY_STATE CNT_INC
1646 TASK_SWITCHED_OUT CNT_INC
1646 TASK_SWITCHED_IN SUSP_RX
1646 QUEUE_RECEIVE_FAILED q1
1646 QUEUE_RECEIVE_FAILED q1
1646 TASK_INCREMENT_TICK 1646
1646 QUEUE_RECEIVE_FAILED q1
1646 TASK_INCREMENT_TICK 1646
1647 TASK_SWITCHED_OUT SUSP_RX
1647 TASK_SWITCHED_IN IDLE
1647 TASK_SWITCHED_OUT IDLE
1647 TASK_SWITCHED_IN CNT_INC
1647 TASK_PRIORITY_SET CNT_INC 1
1647 MOVED_TASK_TO_READY_STATE CNT_INC
1647 TASK_PRIORITY_SET CNT_INC 0
1647 MOVED_TASK_TO_READY_STATE CNT_INC
1647 TASK_SWITCHED_OUT CNT_INC
1647 TASK_SWITCHED_IN SUSP_RX
1647 QUEUE_RECEIVE_FAILED q1
1647 QUEUE_RECEIVE_FAILED q1
1647 QUEUE_RECEIVE_FAILED q1
1647 TASK_INCREMENT_TICK 1647
1648 TASK_SWITCHED_OUT SUSP_RX
1648 TASK_SWITCHED_IN CNT_INC
1648 TASK_PRIORITY_SET CNT_INC 1
1648 MOVED_TASK_TO_READY_STATE CNT_INC
1648 TASK_PRIORITY_SET CNT_INC 0
1648 MOVED_TASK_TO_READY_STATE CNT_INC
1648 TASK_SWITCHED_OUT CNT_INC
1648 TASK_SWITCHED_IN IDLE
1648 TASK_INCREMENT_TICK 1648
1649 TASK_SWITCHED_OUT IDLE
1649 TASK_SWITCHED_IN CNT_INC
1649 TASK_PRIORITY_SET CNT_INC 1
1649 MOVED_TASK_TO_READY_STATE CNT_INC
1649 TASK_PRIORITY_SET CNT_INC 0
1649 MOVED_TASK_TO_READY_STATE CNT_INC
1649 TASK_SWITCHED_OUT CNT_INC
1649 TASK_SWITCHED_IN SUSP_RX
1649 QUEUE_RECEIVE_FAILED q1
1649 QUEUE_RECEIVE_FAILED q1
1649 TASK_INCREMENT_TICK 1649
1649 QUEUE_RECEIVE_FAILED q1
1649 TASK_INCREMENT_TICK 1649
1650 TASK_SWITCHED_OUT SUSP_RX
1650 TASK_SWITCHED_IN IDLE
1650 TASK_SWITCHED_OUT IDLE
1650 TASK_SWITCHED_IN CNT_INC
1650 TASK_PRIORITY_SET CNT_INC 1
1650 MOVED_TASK_TO_READY_STATE CNT_INC
1650 TASK_PRIORITY_SET CNT_INC 0
1650 MOVED_TASK_TO_READY_STATE CNT_INC
1650 TASK_SWITCHED_OUT CNT_INC
1650 TASK_SWITCHED_IN SUSP_RX
1650 QUEUE_RECEIVE_FAILED q1
1650 QUEUE_RECEIVE_FAILED q1
1650 QUEUE_RECEIVE_FAILED q1
1650 TASK_INCREMENT_TICK 1650
1651 TASK_SWITCHED_OUT SUSP_RX
1651 TASK_SWITCHED_IN CNT_INC
1651 TASK_PRIORITY_SET CNT_INC 1
1651 MOVED_TASK_TO_READY_STATE CNT_INC
1651 TASK_PRIORITY_SET CNT_INC 0
1651 MOVED_TASK_TO_READY_STATE CNT_INC
1651 TASK_SWITCHED_OUT CNT_INC
1651 TASK_SWITCHED_IN IDLE
1651 TASK_INCREMENT_TICK 1651
1652 TASK_SWITCHED_OUT IDLE
1652 TASK_SWITCHED_IN CNT_INC
1652 TASK_PRIORITY_SET CNT_INC 1
1652 MOVED_TASK_TO_READY_STATE CNT_INC
1652 TASK_PRIORITY_SET CNT_INC 0
1652 MOVED_TASK_TO_READY_STATE CNT_INC
1652 TASK_SWITCHED_OUT CNT_INC
1652 TASK_SWITCHED_IN SUSP_RX
1652 QUEUE_RECEIVE_FAILED q1
1652 QUEUE_RECEIVE_FAILED q1
1652 TASK_INCREMENT_TICK 1652
1652 QUEUE_RECEIVE_FAILED q1
1652 TASK_INCREMENT_TICK 1652
1653 TASK_SWITCHED_OUT SUSP_RX
1653 TASK_SWITCHED_IN IDLE
1653 TASK_SWITCHED_OUT IDLE
1653 TASK_SWITCHED_IN CNT_INC
1653 TASK_PRIORITY_SET CNT_INC 1
1653 MOVED_TASK_TO_READY_STATE CNT_INC
1653 TASK_PRIORITY_SET CNT_INC 0
1653 MOVED_TASK_TO_READY_STATE CNT_INC
1653 TASK_SWITCHED_OUT CNT_INC
1653 TASK_SWITCHED_IN SUSP_RX
1653 QUEUE_RECEIVE_FAILED q1
1653 QUEUE_RECEIVE_FAILED q1
1653 QUEUE_RECEIVE_FAILED q1
1653 TASK_INCREMENT_TICK 1653
1654 TASK_SWITCHED_OUT SUSP_RX
1654 TASK_SWITCHED_IN CNT_INC
1654 TASK_PRIORITY_SET CNT_INC 1
1654 MOVED_TASK_TO_READY_STATE CNT_INC
1654 TASK_PRIORITY_SET CNT_INC 0
1654 MOVED_TASK_TO_READY_STATE CNT_INC
1654 TASK_SWITCHED_OUT CNT_INC
1654 TASK_SWITCHED_IN IDLE
1654 TASK_INCREMENT_TICK 1654
1655 TASK_SWITCHED_OUT IDLE
1655 TASK_SWITCHED_IN CNT_INC
1655 TASK_PRIORITY_SET CNT_INC 1
1655 MOVED_TASK_TO_READY_STATE CNT_INC
1655 TASK_PRIORITY_SET CNT_INC 0
1655 MOVED_TASK_TO_READY_STATE CNT_INC
1655 TASK_SWITCHED_OUT CNT_INC
1655 TASK_SWITCHED_IN SUSP_RX
1655 QUEUE_RECEIVE_FAILED q1
1655 QUEUE_RECEIVE_FAILED q1
1655 TASK_INCREMENT_TICK 1655
1655 QUEUE_RECEIVE_FAILED q1
1655 TASK_INCREMENT_TICK 1655
1656 TASK_SWITCHED_OUT SUSP_RX
1656 TASK_SWITCHED_IN IDLE
1656 TASK_SWITCHED_OUT IDLE
1656 TASK_SWITCHED_IN CNT_INC
1656 TASK_PRIORITY_SET CNT_INC 1
1656 MOVED_TASK_TO_READY_STATE CNT_INC
1656 TASK_PRIORITY_SET CNT_INC 0
1656 MOVED_TASK_TO_READY_STATE CNT_INC
1656 TASK_SWITCHED_OUT CNT_INC
1656 TASK_SWITCHED_IN SUSP_RX
1656 QUEUE_RECEIVE_FAILED q1
1656 QUEUE_RECEIVE_FAILED q1
1656 QUEUE_RECEIVE_FAILED q1
1656 TASK_INCREMENT_TICK 1656
1657 TASK_SWITCHED_OUT SUSP_RX
1657 TASK_SWITCHED_IN CNT_INC
1657 TASK_PRIORITY_SET CNT_INC 1
1657 MOVED_TASK_TO_READY_STATE CNT_INC
1657 TASK_PRIORITY_SET CNT_INC 0
1657 MOVED_TASK_TO_READY_STATE CNT_INC
1657 TASK_SWITCHED_OUT CNT_INC
1657 TASK_SWITCHED_IN IDLE
1657 TASK_INCREMENT_TICK 1657
1658 TASK_SWITCHED_OUT IDLE
1658 TASK_SWITCHED_IN CNT_INC
1658 TASK_PRIORITY_SET CNT_INC 1
1658 MOVED_TASK_TO_READY_STATE CNT_INC
1658 TASK_PRIORITY_SET CNT_INC 0
1658 MOVED_TASK_TO_READY_STATE CNT_INC
1658 TASK_SWITCHED_OUT CNT_INC
1658 TASK_SWITCHED_IN SUSP_RX
1658 QUEUE_RECEIVE_FAILED q1
1658 QUEUE_RECEIVE_FAILED q1
1658 TASK_INCREMENT_TICK 1658
1658 QUEUE_RECEIVE_FAILED q1
1658 TASK_INCREMENT_TICK 1658
1659 TASK_SWITCHED_OUT SUSP_RX
1659 TASK_SWITCHED_IN IDLE
1659 TASK_SWITCHED_OUT IDLE
1659 TASK_SWITCHED_IN CNT_INC
1659 TASK_PRIORITY_SET CNT_INC 1
1659 MOVED_TASK_TO_READY_STATE CNT_INC
1659 TASK_PRIORITY_SET CNT_INC 0
1659 MOVED_TASK_TO_READY_STATE CNT_INC
1659 TASK_SWITCHED_OUT CNT_INC
1659 TASK_SWITCHED_IN SUSP_RX
1659 QUEUE_RECEIVE_FAILED q1
1659 QUEUE_RECEIVE_FAILED q1
1659 QUEUE_RECEIVE_FAILED q1
1659 TASK_INCREMENT_TICK 1659
1660 TASK_SWITCHED_OUT SUSP_RX
1660 TASK_SWITCHED_IN CNT_INC
1660 TASK_PRIORITY_SET CNT_INC 1
1660 MOVED_TASK_TO_READY_STATE CNT_INC
1660 TASK_PRIORITY_SET CNT_INC 0
1660 MOVED_TASK_TO_READY_STATE CNT_INC
1660 TASK_SWITCHED_OUT CNT_INC
1660 TASK_SWITCHED_IN IDLE
1660 TASK_INCREMENT_TICK 1660
1661 TASK_SWITCHED_OUT IDLE
1661 TASK_SWITCHED_IN CNT_INC
1661 TASK_PRIORITY_SET CNT_INC 1
1661 MOVED_TASK_TO_READY_STATE CNT_INC
1661 TASK_PRIORITY_SET CNT_INC 0
1661 MOVED_TASK_TO_READY_STATE CNT_INC
1661 TASK_SWITCHED_OUT CNT_INC
1661 TASK_SWITCHED_IN SUSP_RX
1661 QUEUE_RECEIVE_FAILED q1
1661 QUEUE_RECEIVE_FAILED q1
1661 TASK_INCREMENT_TICK 1661
1661 QUEUE_RECEIVE_FAILED q1
1661 TASK_INCREMENT_TICK 1661
1662 TASK_SWITCHED_OUT SUSP_RX
1662 TASK_SWITCHED_IN IDLE
1662 TASK_SWITCHED_OUT IDLE
1662 TASK_SWITCHED_IN CNT_INC
1662 TASK_PRIORITY_SET CNT_INC 1
1662 MOVED_TASK_TO_READY_STATE CNT_INC
1662 TASK_PRIORITY_SET CNT_INC 0
1662 MOVED_TASK_TO_READY_STATE CNT_INC
1662 TASK_SWITCHED_OUT CNT_INC
1662 TASK_SWITCHED_IN SUSP_RX
1662 QUEUE_RECEIVE_FAILED q1
1662 QUEUE_RECEIVE_FAILED q1
1662 QUEUE_RECEIVE_FAILED q1
1662 TASK_INCREMENT_TICK 1662
1663 TASK_SWITCHED_OUT SUSP_RX
1663 TASK_SWITCHED_IN CNT_INC
1663 TASK_PRIORITY_SET CNT_INC 1
1663 MOVED_TASK_TO_READY_STATE CNT_INC
1663 TASK_PRIORITY_SET CNT_INC 0
1663 MOVED_TASK_TO_READY_STATE CNT_INC
1663 TASK_SWITCHED_OUT CNT_INC
1663 TASK_SWITCHED_IN IDLE
1663 TASK_INCREMENT_TICK 1663
1664 TASK_SWITCHED_OUT IDLE
1664 TASK_SWITCHED_IN CNT_INC
1664 TASK_PRIORITY_SET CNT_INC 1
1664 MOVED_TASK_TO_READY_STATE CNT_INC
1664 TASK_PRIORITY_SET CNT_INC 0
1664 MOVED_TASK_TO_READY_STATE CNT_INC
1664 TASK_SWITCHED_OUT CNT_INC
1664 TASK_SWITCHED_IN SUSP_RX
1664 QUEUE_RECEIVE_FAILED q1
1664 QUEUE_RECEIVE_FAILED q1
1664 TASK_INCREMENT_TICK 1664
1664 QUEUE_RECEIVE_FAILED q1
1664 TASK_INCREMENT_TICK 1664
1665 TASK_SWITCHED_OUT SUSP_RX
1665 TASK_SWITCHED_IN IDLE
1665 TASK_SWITCHED_OUT IDLE
1665 TASK_SWITCHED_IN CNT_INC
1665 TASK_PRIORITY_SET CNT_INC 1
1665 MOVED_TASK_TO_READY_STATE CNT_INC
1665 TASK_PRIORITY_SET CNT_INC 0
1665 MOVED_TASK_TO_READY_STATE CNT_INC
1665 TASK_SWITCHED_OUT CNT_INC
1665 TASK_SWITCHED_IN SUSP_RX
1665 QUEUE_RECEIVE_FAILED q1
1665 QUEUE_RECEIVE_FAILED q1
1665 QUEUE_RECEIVE_FAILED q1
1665 TASK_INCREMENT_TICK 1665
1666 TASK_SWITCHED_OUT SUSP_RX
1666 TASK_SWITCHED_IN CNT_INC
1666 TASK_PRIORITY_SET CNT_INC 1
1666 MOVED_TASK_TO_READY_STATE CNT_INC
1666 TASK_PRIORITY_SET CNT_INC 0
1666 MOVED_TASK_TO_READY_STATE CNT_INC
1666 TASK_SWITCHED_OUT CNT_INC
1666 TASK_SWITCHED_IN IDLE
1666 TASK_INCREMENT_TICK 1666
1667 TASK_SWITCHED_OUT IDLE
1667 TASK_SWITCHED_IN CNT_INC
1667 TASK_PRIORITY_SET CNT_INC 1
1667 MOVED_TASK_TO_READY_STATE CNT_INC
1667 TASK_PRIORITY_SET CNT_INC 0
1667 MOVED_TASK_TO_READY_STATE CNT_INC
1667 TASK_SWITCHED_OUT CNT_INC
1667 TASK_SWITCHED_IN SUSP_RX
1667 QUEUE_RECEIVE_FAILED q1
1667 QUEUE_RECEIVE_FAILED q1
1667 TASK_INCREMENT_TICK 1667
1667 QUEUE_RECEIVE_FAILED q1
1667 TASK_INCREMENT_TICK 1667
1668 TASK_SWITCHED_OUT SUSP_RX
1668 TASK_SWITCHED_IN IDLE
1668 TASK_SWITCHED_OUT IDLE
1668 TASK_SWITCHED_IN CNT_INC
1668 TASK_PRIORITY_SET CNT_INC 1
1668 MOVED_TASK_TO_READY_STATE CNT_INC
1668 TASK_PRIORITY_SET CNT_INC 0
1668 MOVED_TASK_TO_READY_STATE CNT_INC
1668 TASK_SWITCHED_OUT CNT_INC
1668 TASK_SWITCHED_IN SUSP_RX
1668 QUEUE_RECEIVE_FAILED q1
1668 QUEUE_RECEIVE_FAILED q1
1668 QUEUE_RECEIVE_FAILED q1
1668 TASK_INCREMENT_TICK 1668
1669 TASK_SWITCHED_OUT SUSP_RX
1669 TASK_SWITCHED_IN CNT_INC
1669 TASK_PRIORITY_SET CNT_INC 1
1669 MOVED_TASK_TO_READY_STATE CNT_INC
1669 TASK_PRIORITY_SET CNT_INC 0
1669 MOVED_TASK_TO_READY_STATE CNT_INC
1669 TASK_SWITCHED_OUT CNT_INC
1669 TASK_SWITCHED_IN IDLE
1669 TASK_INCREMENT_TICK 1669
1670 TASK_SWITCHED_OUT IDLE
1670 TASK_SWITCHED_IN CNT_INC
1670 TASK_PRIORITY_SET CNT_INC 1
1670 MOVED_TASK_TO_READY_STATE CNT_INC
1670 TASK_PRIORITY_SET CNT_INC 0
1670 MOVED_TASK_TO_READY_STATE CNT_INC
1670 TASK_SWITCHED_OUT CNT_INC
1670 TASK_SWITCHED_IN SUSP_RX
1670 QUEUE_RECEIVE_FAILED q1
1670 QUEUE_RECEIVE_FAILED q1
1670 TASK_INCREMENT_TICK 1670
1670 QUEUE_RECEIVE_FAILED q1
1670 TASK_INCREMENT_TICK 1670
1671 TASK_SWITCHED_OUT SUSP_RX
1671 TASK_SWITCHED_IN IDLE
1671 TASK_SWITCHED_OUT IDLE
1671 TASK_SWITCHED_IN CNT_INC
1671 TASK_PRIORITY_SET CNT_INC 1
1671 MOVED_TASK_TO_READY_STATE CNT_INC
1671 TASK_PRIORITY_SET CNT_INC 0
1671 MOVED_TASK_TO_READY_STATE CNT_INC
1671 TASK_SWITCHED_OUT CNT_INC
1671 TASK_SWITCHED_IN SUSP_RX
1671 QUEUE_RECEIVE_FAILED q1
1671 QUEUE_RECEIVE_FAILED q1
1671 QUEUE_RECEIVE_FAILED q1
1671 TASK_INCREMENT_TICK 1671
1672 TASK_SWITCHED_OUT SUSP_RX
1672 TASK_SWITCHED_IN CNT_INC
1672 TASK_PRIORITY_SET CNT_INC 1
1672 MOVED_TASK_TO_READY_STATE CNT_INC
1672 TASK_PRIORITY_SET CNT_INC 0
1672 MOVED_TASK_TO_READY_STATE CNT_INC
1672 TASK_SWITCHED_OUT CNT_INC
1672 TASK_SWITCHED_IN IDLE
1672 TASK_INCREMENT_TICK 1672
1673 TASK_SWITCHED_OUT IDLE
1673 TASK_SWITCHED_IN CNT_INC
1673 TASK_PRIORITY_SET CNT_INC 1
1673 MOVED_TASK_TO_READY_STATE CNT_INC
1673 TASK_PRIORITY_SET CNT_INC 0
1673 MOVED_TASK_TO_READY_STATE CNT_INC
1673 TASK_SWITCHED_OUT CNT_INC
1673 TASK_SWITCHED_IN SUSP_RX
1673 QUEUE_RECEIVE_FAILED q1
1673 QUEUE_RECEIVE_FAILED q1
1673 TASK_INCREMENT_TICK 1673
1673 QUEUE_RECEIVE_FAILED q1
1673 TASK_INCREMENT_TICK 1673
1674 TASK_SWITCHED_OUT SUSP_RX
1674 TASK_SWITCHED_IN IDLE
1674 TASK_SWITCHED_OUT IDLE
1674 TASK_SWITCHED_IN CNT_INC
1674 TASK_PRIORITY_SET CNT_INC 1
1674 MOVED_TASK_TO_READY_STATE CNT_INC
1674 TASK_PRIORITY_SET CNT_INC 0
1674 MOVED_TASK_TO_READY_STATE CNT_INC
1674 TASK_SWITCHED_OUT CNT_INC
1674 TASK_SWITCHED_IN SUSP_RX
1674 QUEUE_RECEIVE_FAILED q1
1674 QUEUE_RECEIVE_FAILED q1
1674 QUEUE_RECEIVE_FAILED q1
1674 TASK_INCREMENT_TICK 1674
1675 TASK_SWITCHED_OUT SUSP_RX
1675 TASK_SWITCHED_IN CNT_INC
1675 TASK_PRIORITY_SET CNT_INC 1
1675 MOVED_TASK_TO_READY_STATE CNT_INC
1675 TASK_PRIORITY_SET CNT_INC 0
1675 MOVED_TASK_TO_READY_STATE CNT_INC
1675 TASK_SWITCHED_OUT CNT_INC
1675 TASK_SWITCHED_IN IDLE
1675 TASK_INCREMENT_TICK 1675
1676 MOVED_TASK_TO_READY_STATE C_CTRL
1676 TASK_SWITCHED_OUT IDLE
1676 TASK_SWITCHED_IN CNT_INC
1676 TASK_PRIORITY_SET CNT_INC 1
1676 MOVED_TASK_TO_READY_STATE CNT_INC
1676 TASK_PRIORITY_SET CNT_INC 0
1676 MOVED_TASK_TO_READY_STATE CNT_INC
1676 TASK_SWITCHED_OUT CNT_INC
1676 TASK_SWITCHED_IN SUSP_RX
1676 QUEUE_RECEIVE_FAILED q1
1676 QUEUE_RECEIVE_FAILED q1
1676 TASK_INCREMENT_TICK 1676
1676 QUEUE_RECEIVE_FAILED q1
1676 TASK_INCREMENT_TICK 1676
1677 TASK_SWITCHED_OUT SUSP_RX
1677 TASK_SWITCHED_IN C_CTRL
1677 TASK_SUSPEND CNT_INC
1677 TASK_RESUME CNT_INC
1677 MOVED_TASK_TO_READY_STATE CNT_INC
1677 TASK_DELAY C_CTRL 128
1677 MOVED_TASK_TO_DELAYED_LIST C_CTRL
1677 TASK_SWITCHED_OUT C_CTRL
1677 TASK_SWITCHED_IN IDLE
1677 TASK_SWITCHED_OUT IDLE
1677 TASK_SWITCHED_IN SUSP_RX
1677 QUEUE_RECEIVE_FAILED q1
1677 QUEUE_RECEIVE_FAILED q1
1677 TASK_INCREMENT_TICK 1677
1677 TASK_INCREMENT_TICK 1677
1678 TASK_SWITCHED_OUT SUSP_RX
1678 TASK_SWITCHED_IN CNT_INC
1678 TASK_PRIORITY_SET CNT_INC 1
1678 MOVED_TASK_TO_READY_STATE CNT_INC
1678 TASK_PRIORITY_SET CNT_INC 0
1678 MOVED_TASK_TO_READY_STATE CNT_INC
1678 TASK_SWITCHED_OUT CNT_INC
1678 TASK_SWITCHED_IN IDLE
1678 TASK_INCREMENT_TICK 1678
1679 MOVED_TASK_TO_READY_STATE SUSP_TX
1679 TASK_SWITCHED_OUT IDLE
1679 TASK_SWITCHED_IN CNT_INC
1679 TASK_PRIORITY_SET CNT_INC 1
1679 MOVED_TASK_TO_READY_STATE CNT_INC
1679 TASK_PRIORITY_SET CNT_INC 0
1679 MOVED_TASK_TO_READY_STATE CNT_INC
1679 TASK_SWITCHED_OUT CNT_INC
1679 TASK_SWITCHED_IN SUSP_RX
1679 QUEUE_RECEIVE_FAILED q1
1679 QUEUE_RECEIVE_FAILED q1
1679 TASK_INCREMENT_TICK 1679
1680 TASK_SWITCHED_OUT SUSP_RX
1680 TASK_SWITCHED_IN SUSP_TX
1680 QUEUE_SEND q1
1680 TASK_DELAY SUSP_TX 128
1680 MOVED_TASK_TO_DELAYED_LIST SUSP_TX
1680 TASK_SWITCHED_OUT SUSP_TX
1680 TASK_SWITCHED_IN IDLE
1680 TASK_SWITCHED_OUT IDLE
1680 TASK_SWITCHED_IN CNT_INC
1680 TASK_PRIORITY_SET CNT_INC 1
1680 MOVED_TASK_TO_READY_STATE CNT_INC
1680 TASK_PRIORITY_SET CNT_INC 0
1680 MOVED_TASK_TO_READY_STATE CNT_INC
1680 TASK_SWITCHED_OUT CNT_INC
1680 TASK_SWITCHED_IN SUSP_RX
1680 QUEUE_RECEIVE q1
1680 QUEUE_RECEIVE_FAILED q1
1680 TASK_INCREMENT_TICK 1680
1680 QUEUE_RECEIVE_FAILED q1
1680 TASK_INCREMENT_TICK 1680
1681 TASK_SWITCHED_OUT SUSP_RX
1681 TASK_SWITCHED_IN CNT_INC
1681 TASK_PRIORITY_SET CNT_INC 1
1681 MOVED_TASK_TO_READY_STATE CNT_INC
1681 TASK_PRIORITY_SET CNT_INC 0
1681 MOVED_TASK_TO_READY_STATE CNT_INC
1681 TASK_SWITCHED_OUT CNT_INC
1681 TASK_SWITCHED_IN IDLE
1681 TASK_INCREMENT_TICK 1681
1682 TASK_SWITCHED_OUT IDLE
1682 TASK_SWITCHED_IN CNT_INC
1682 TASK_PRIORITY_SET CNT_INC 1
1682 MOVED_TASK_TO_READY_STATE CNT_INC
1682 TASK_PRIORITY_SET CNT_INC 0
1682 MOVED_TASK_TO_READY_STATE CNT_INC
1682 TASK_SWITCHED_OUT CNT_INC
1682 TASK_SWITCHED_IN SUSP_RX
1682 QUEUE_RECEIVE_FAILED q1
1682 QUEUE_RECEIVE_FAILED q1
1682 TASK_INCREMENT_TICK 1682
1682 TASK_INCREMENT_TICK 1682
1683 TASK_SWITCHED_OUT SUSP_RX
1683 TASK_SWITCHED_IN IDLE
1683 TASK_SWITCHED_OUT IDLE
1683 TASK_SWITCHED_IN CNT_INC
1683 TASK_PRIORITY_SET CNT_INC 1
1683 MOVED_TASK_TO_READY_STATE CNT_INC
1683 TASK_PRIORITY_SET CNT_INC 0
1683 MOVED_TASK_TO_READY_STATE CNT_INC
1683 TASK_SWITCHED_OUT CNT_INC
1683 TASK_SWITCHED_IN SUSP_RX
1683 QUEUE_RECEIVE_FAILED q1
1683 QUEUE_RECEIVE_FAILED q1
1683 QUEUE_RECEIVE_FAILED q1
1683 TASK_INCREMENT_TICK 1683
1683 QUEUE_RECEIVE_FAILED q1
1683 TASK_INCREMENT_TICK 1683
1684 TASK_SWITCHED_OUT SUSP_RX
1684 TASK_SWITCHED_IN CNT_INC
1684 TASK_PRIORITY_SET CNT_INC 1
1684 MOVED_TASK_TO_READY_STATE CNT_INC
1684 TASK_PRIORITY_SET CNT_INC 0
1684 MOVED_TASK_TO_READY_STATE CNT_INC
1684 TASK_SWITCHED_OUT CNT_INC
1684 TASK_SWITCHED_IN IDLE
1684 TASK_INCREMENT_TICK 1684
1685 TASK_SWITCHED_OUT IDLE
1685 TASK_SWITCHED_IN CNT_INC
1685 TASK_PRIORITY_SET CNT_INC 1
1685 MOVED_TASK_TO_READY_STATE CNT_INC
1685 TASK_PRIORITY_SET CNT_INC 0
1685 MOVED_TASK_TO_READY_STATE CNT_INC
1685 TASK_SWITCHED_OUT CNT_INC
1685 TASK_SWITCHED_IN SUSP_RX
1685 QUEUE_RECEIVE_FAILED q1
1685 QUEUE_RECEIVE_FAILED q1
1685 TASK_INCREMENT_TICK 1685
1685 TASK_INCREMENT_TICK 1685
1686 TASK_SWITCHED_OUT SUSP_RX
1686 TASK_SWITCHED_IN IDLE
1686 TASK_SWITCHED_OUT IDLE
1686 TASK_SWITCHED_IN CNT_INC
1686 TASK_PRIORITY_SET CNT_INC 1
1686 MOVED_TASK_TO_READY_STATE CNT_INC
1686 TASK_PRIORITY_SET CNT_INC 0
1686 MOVED_TASK_TO_READY_STATE CNT_INC
1686 TASK_SWITCHED_OUT CNT_INC
1686 TASK_SWITCHED_IN SUSP_RX
1686 QUEUE_RECEIVE_FAILED q1
1686 QUEUE_RECEIVE_FAILED q1
1686 QUEUE_RECEIVE_FAILED q1
1686 TASK_INCREMENT_TICK 1686
1686 QUEUE_RECEIVE_FAILED q1
1686 TASK_INCREMENT_TICK 1686
1687 TASK_SWITCHED_OUT SUSP_RX
1687 TASK_SWITCHED_IN CNT_INC
1687 TASK_PRIORITY_SET CNT_INC 1
1687 MOVED_TASK_TO_READY_STATE CNT_INC
1687 TASK_PRIORITY_SET CNT_INC 0
1687 MOVED_TASK_TO_READY_STATE CNT_INC
1687 TASK_SWITCHED_OUT CNT_INC
1687 TASK_SWITCHED_IN IDLE
1687 TASK_INCREMENT_TICK 1687
1688 TASK_SWITCHED_OUT IDLE
1688 TASK_SWITCHED_IN CNT_INC
1688 TASK_PRIORITY_SET CNT_INC 1
1688 MOVED_TASK_TO_READY_STATE CNT_INC
1688 TASK_PRIORITY_SET CNT_INC 0
1688 MOVED_TASK_TO_READY_STATE CNT_INC
1688 TASK_SWITCHED_OUT CNT_INC
1688 TASK_SWITCHED_IN SUSP_RX
1688 QUEUE_RECEIVE_FAILED q1
1688 QUEUE_RECEIVE_FAILED q1
1688 TASK_INCREMENT_TICK 1688
1688 TASK_INCREMENT_TICK 1688
1689 TASK_SWITCHED_OUT SUSP_RX
1689 TASK_SWITCHED_IN IDLE
1689 TASK_SWITCHED_OUT IDLE
1689 TASK_SWITCHED_IN CNT_INC
1689 TASK_PRIORITY_SET CNT_INC 1
1689 MOVED_TASK_TO_READY_STATE CNT_INC
1689 TASK_PRIORITY_SET CNT_INC 0
1689 MOVED_TASK_TO_READY_STATE CNT_INC
1689 TASK_SWITCHED_OUT CNT_INC
1689 TASK_SWITCHED_IN SUSP_RX
1689 QUEUE_RECEIVE_FAILED q1
1689 QUEUE_RECEIVE_FAILED q1
1689 QUEUE_RECEIVE_FAILED q1
1689 TASK_INCREMENT_TICK 1689
1689 QUEUE_RECEIVE_FAILED q1
1689 TASK_INCREMENT_TICK 1689
1690 TASK_SWITCHED_OUT SUSP_RX
1690 TASK_SWITCHED_IN CNT_INC
1690 TASK_PRIORITY_SET CNT_INC 1
1690 MOVED_TASK_TO_READY_STATE CNT_INC
1690 TASK_PRIORITY_SET CNT_INC 0
1690 MOVED_TASK_TO_READY_STATE CNT_INC
1690 TASK_SWITCHED_OUT CNT_INC
1690 TASK_SWITCHED_IN IDLE
1690 TASK_INCREMENT_TICK 1690
1691 TASK_SWITCHED_OUT IDLE
1691 TASK_SWITCHED_IN CNT_INC
1691 TASK_PRIORITY_SET CNT_INC 1
1691 MOVED_TASK_TO_READY_STATE CNT_INC
1691 TASK_PRIORITY_SET CNT_INC 0
1691 MOVED_TASK_TO_READY_STATE CNT_INC
1691 TASK_SWITCHED_OUT CNT_INC
1691 TASK_SWITCHED_IN SUSP_RX
1691 QUEUE_RECEIVE_FAILED q1
1691 QUEUE_RECEIVE_FAILED q1
1691 TASK_INCREMENT_TICK 1691
1691 TASK_INCREMENT_TICK 1691
1692 TASK_SWITCHED_OUT SUSP_RX
1692 TASK_SWITCHED_IN IDLE
1692 TASK_SWITCHED_OUT IDLE
1692 TASK_SWITCHED_IN CNT_INC
1692 TASK_PRIORITY_SET CNT_INC 1
1692 MOVED_TASK_TO_READY_STATE CNT_INC
1692 TASK_PRIORITY_SET CNT_INC 0
1692 MOVED_TASK_TO_READY_STATE CNT_INC
1692 TASK_SWITCHED_OUT CNT_INC
1692 TASK_SWITCHED_IN SUSP_RX
1692 QUEUE_RECEIVE_FAILED q1
1692 QUEUE_RECEIVE_FAILED q1
1692 QUEUE_RECEIVE_FAILED q1
1692 TASK_INCREMENT_TICK 1692
1692 QUEUE_RECEIVE_FAILED q1
1692 TASK_INCREMENT_TICK 1692
1693 TASK_SWITCHED_OUT SUSP_RX
1693 TASK_SWITCHED_IN CNT_INC
1693 TASK_PRIORITY_SET CNT_INC 1
1693 MOVED_TASK_TO_READY_STATE CNT_INC
1693 TASK_PRIORITY_SET CNT_INC 0
1693 MOVED_TASK_TO_READY_STATE CNT_INC
1693 TASK_SWITCHED_OUT CNT_INC
1693 TASK_SWITCHED_IN IDLE
1693 TASK_INCREMENT_TICK 1693
1694 TASK_SWITCHED_OUT IDLE
1694 TASK_SWITCHED_IN CNT_INC
1694 TASK_PRIORITY_SET CNT_INC 1
1694 MOVED_TASK_TO_READY_STATE CNT_INC
1694 TASK_PRIORITY_SET CNT_INC 0
1694 MOVED_TASK_TO_READY_STATE CNT_INC
1694 TASK_SWITCHED_OUT CNT_INC
1694 TASK_SWITCHED_IN SUSP_RX
1694 QUEUE_RECEIVE_FAILED q1
1694 QUEUE_RECEIVE_FAILED q1
1694 TASK_INCREMENT_TICK 1694
1694 TASK_INCREMENT_TICK 1694
1695 TASK_SWITCHED_OUT SUSP_RX
1695 TASK_SWITCHED_IN IDLE
1695 TASK_SWITCHED_OUT IDLE
1695 TASK_SWITCHED_IN CNT_INC
1695 TASK_PRIORITY_SET CNT_INC 1
1695 MOVED_TASK_TO_READY_STATE CNT_INC
1695 TASK_PRIORITY_SET CNT_INC 0
1695 MOVED_TASK_TO_READY_STATE CNT_INC
1695 TASK_SWITCHED_OUT CNT_INC
1695 TASK_SWITCHED_IN SUSP_RX
1695 QUEUE_RECEIVE_FAILED q1
1695 QUEUE_RECEIVE_FAILED q1
1695 QUEUE_RECEIVE_FAILED q1
1695 TASK_INCREMENT_TICK 1695
1695 QUEUE_RECEIVE_FAILED q1
1695 TASK_INCREMENT_TICK 1695
1696 TASK_SWITCHED_OUT SUSP_RX
1696 TASK_SWITCHED_IN CNT_INC
1696 TASK_PRIORITY_SET CNT_INC 1
1696 MOVED_TASK_TO_READY_STATE CNT_INC
1696 TASK_PRIORITY_SET CNT_INC 0
1696 MOVED_TASK_TO_READY_STATE CNT_INC
1696 TASK_SWITCHED_OUT CNT_INC
1696 TASK_SWITCHED_IN IDLE
1696 TASK_INCREMENT_TICK 1696
1697 TASK_SWITCHED_OUT IDLE
1697 TASK_SWITCHED_IN CNT_INC
1697 TASK_PRIORITY_SET CNT_INC 1
1697 MOVED_TASK_TO_READY_STATE CNT_INC
1697 TASK_PRIORITY_SET CNT_INC 0
1697 MOVED_TASK_TO_READY_STATE CNT_INC
1697 TASK_SWITCHED_OUT CNT_INC
1697 TASK_SWITCHED_IN SUSP_RX
1697 QUEUE_RECEIVE_FAILED q1
1697 QUEUE_RECEIVE_FAILED q1
1697 TASK_INCREMENT_TICK 1697
1697 TASK_INCREMENT_TICK 1697
1698 TASK_SWITCHED_OUT SUSP_RX
1698 TASK_SWITCHED_IN IDLE
1698 TASK_SWITCHED_OUT IDLE
1698 TASK_SWITCHED_IN CNT_INC
1698 TASK_PRIORITY_SET CNT_INC 1
1698 MOVED_TASK_TO_READY_STATE CNT_INC
1698 TASK_PRIORITY_SET CNT_INC 0
1698 MOVED_TASK_TO_READY_STATE CNT_INC
1698 TASK_SWITCHED_OUT CNT_INC
1698 TASK_SWITCHED_IN SUSP_RX
1698 QUEUE_RECEIVE_FAILED q1
1698 QUEUE_RECEIVE_FAILED q1
1698 QUEUE_RECEIVE_FAILED q1
1698 TASK_INCREMENT_TICK 1698
1698 QUEUE_RECEIVE_FAILED q1
1698 TASK_INCREMENT_TICK 1698
1699 TASK_SWITCHED_OUT SUSP_RX
1699 TASK_SWITCHED_IN CNT_INC
1699 TASK_PRIORITY_SET CNT_INC 1
1699 MOVED_TASK_TO_READY_STATE CNT_INC
1699 TASK_PRIORITY_SET CNT_INC 0
1699 MOVED_TASK_TO_READY_STATE CNT_INC
1699 TASK_SWITCHED_OUT CNT_INC
1699 TASK_SWITCHED_IN IDLE
1699 TASK_INCREMENT_TICK 1699
1700 MOVED_TASK_TO_READY_STATE CHECK
1700 TASK_SWITCHED_OUT IDLE
1700 TASK_SWITCHED_IN CHECK
1700 TASK_DELAY CHECK 100
1700 MOVED_TASK_TO_DELAYED_LIST CHECK
1700 TASK_SWITCHED_OUT CHECK
1700 TASK_SWITCHED_IN CNT_INC
1700 TASK_PRIORITY_SET CNT_INC 1
1700 MOVED_TASK_TO_READY_STATE CNT_INC
1700 TASK_PRIORITY_SET CNT_INC 0
1700 MOVED_TASK_TO_READY_STATE CNT_INC
1700 TASK_SWITCHED_OUT CNT_INC
1700 TASK_SWITCHED_IN SUSP_RX
1700 QUEUE_RECEIVE_FAILED q1
1700 TASK_INCREMENT_TICK 1700
1701 TASK_SWITCHED_OUT SUSP_RX
1701 TASK_SWITCHED_IN IDLE
1701 TASK_SWITCHED_OUT IDLE
1701 TASK_SWITCHED_IN CNT_INC
1701 TASK_PRIORITY_SET CNT_INC 1
1701 MOVED_TASK_TO_READY_STATE CNT_INC
1701 TASK_PRIORITY_SET CNT_INC 0
1701 MOVED_TASK_TO_READY_STATE CNT_INC
1701 TASK_SWITCHED_OUT CNT_INC
1701 TASK_SWITCHED_IN SUSP_RX
1701 QUEUE_RECEIVE_FAILED q1
1701 QUEUE_RECEIVE_FAILED q1
1701 QUEUE_RECEIVE_FAILED q1
1701 QUEUE_RECEIVE_FAILED q1
1701 TASK_INCREMENT_TICK 1701
1701 TASK_INCREMENT_TICK 1701
1702 TASK_SWITCHED_OUT SUSP_RX
1702 TASK_SWITCHED_IN CNT_INC
1702 TASK_PRIORITY_SET CNT_INC 1
1702 MOVED_TASK_TO_READY_STATE CNT_INC
1702 TASK_PRIORITY_SET CNT_INC 0
1702 MOVED_TASK_TO_READY_STATE CNT_INC
1702 TASK_SWITCHED_OUT CNT_INC
1702 TASK_SWITCHED_IN IDLE
1702 TASK_INCREMENT_TICK 1702
1703 TASK_SWITCHED_OUT IDLE
1703 TASK_SWITCHED_IN CNT_INC
1703 TASK_PRIORITY_SET CNT_INC 1
1703 MOVED_TASK_TO_READY_STATE CNT_INC
1703 TASK_PRIORITY_SET CNT_INC 0
1703 MOVED_TASK_TO_READY_STATE CNT_INC
1703 TASK_SWITCHED_OUT CNT_INC
1703 TASK_SWITCHED_IN SUSP_RX
1703 QUEUE_RECEIVE_FAILED q1
1703 QUEUE_RECEIVE_FAILED q1
1703 TASK_INCREMENT_TICK 1703
1704 TASK_SWITCHED_OUT SUSP_RX
1704 TASK_SWITCHED_IN IDLE
1704 TASK_SWITCHED_OUT IDLE
1704 TASK_SWITCHED_IN CNT_INC
1704 TASK_PRIORITY_SET CNT_INC 1
1704 MOVED_TASK_TO_READY_STATE CNT_INC
1704 TASK_PRIORITY_SET CNT_INC 0
1704 MOVED_TASK_TO_READY_STATE CNT_INC
1704 TASK_SWITCHED_OUT CNT_INC
1704 TASK_SWITCHED_IN SUSP_RX
1704 QUEUE_RECEIVE_FAILED q1
1704 QUEUE_RECEIVE_FAILED q1
1704 QUEUE_RECEIVE_FAILED q1
1704 QUEUE_RECEIVE_FAILED q1
1704 TASK_INCREMENT_TICK 1704
1704 TASK_INCREMENT_TICK 1704
1705 TASK_SWITCHED_OUT SUSP_RX
1705 TASK_SWITCHED_IN CNT_INC
1705 TASK_PRIORITY_SET CNT_INC 1
1705 MOVED_TASK_TO_READY_STATE CNT_INC
1705 TASK_PRIORITY_SET CNT_INC 0
1705 MOVED_TASK_TO_READY_STATE CNT_INC
1705 TASK_SWITCHED_OUT CNT_INC
1705 TASK_SWITCHED_IN IDLE
1705 TASK_INCREMENT_TICK 1705
1706 TASK_SWITCHED_OUT IDLE
1706 TASK_SWITCHED_IN CNT_INC
1706 TASK_PRIORITY_SET CNT_INC 1
1706 MOVED_TASK_TO_READY_STATE CNT_INC
1706 TASK_PRIORITY_SET CNT_INC 0
1706 MOVED_TASK_TO_READY_STATE CNT_INC
1706 TASK_SWITCHED_OUT CNT_INC
1706 TASK_SWITCHED_IN SUSP_RX
1706 QUEUE_RECEIVE_FAILED q1
1706 QUEUE_RECEIVE_FAILED q1
1706 TASK_INCREMENT_TICK 1706
1707 TASK_SWITCHED_OUT SUSP_RX
1707 TASK_SWITCHED_IN IDLE
1707 TASK_SWITCHED_OUT IDLE
1707 TASK_SWITCHED_IN CNT_INC
1707 TASK_PRIORITY_SET CNT_INC 1
1707 MOVED_TASK_TO_READY_STATE CNT_INC
1707 TASK_PRIORITY_SET CNT_INC 0
1707 MOVED_TASK_TO_READY_STATE CNT_INC
1707 TASK_SWITCHED_OUT CNT_INC
1707 TASK_SWITCHED_IN SUSP_RX
1707 QUEUE_RECEIVE_FAILED q1
1707 QUEUE_RECEIVE_FAILED q1
1707 QUEUE_RECEIVE_FAILED q1
1707 QUEUE_RECEIVE_FAILED q1
1707 TASK_INCREMENT_TICK 1707
1707 TASK_INCREMENT_TICK 1707
1708 TASK_SWITCHED_OUT SUSP_RX
1708 TASK_SWITCHED_IN CNT_INC
1708 TASK_PRIORITY_SET CNT_INC 1
1708 MOVED_TASK_TO_READY_STATE CNT_INC
1708 TASK_PRIORITY_SET CNT_INC 0
1708 MOVED_TASK_TO_READY_STATE CNT_INC
1708 TASK_SWITCHED_OUT CNT_INC
1708 TASK_SWITCHED_IN IDLE
1708 TASK_INCREMENT_TICK 1708
1709 TASK_SWITCHED_OUT IDLE
1709 TASK_SWITCHED_IN CNT_INC
1709 TASK_PRIORITY_SET CNT_INC 1
1709 MOVED_TASK_TO_READY_STATE CNT_INC
1709 TASK_PRIORITY_SET CNT_INC 0
1709 MOVED_TASK_TO_READY_STATE CNT_INC
1709 TASK_SWITCHED_OUT CNT_INC
1709 TASK_SWITCHED_IN SUSP_RX
1709 QUEUE_RECEIVE_FAILED q1
1709 QUEUE_RECEIVE_FAILED q1
1709 TASK_INCREMENT_TICK 1709
1710 TASK_SWITCHED_OUT SUSP_RX
1710 TASK_SWITCHED_IN IDLE
1710 TASK_SWITCHED_OUT IDLE
1710 TASK_SWITCHED_IN CNT_INC
1710 TASK_PRIORITY_SET CNT_INC 1
1710 MOVED_TASK_TO_READY_STATE CNT_INC
1710 TASK_PRIORITY_SET CNT_INC 0
1710 MOVED_TASK_TO_READY_STATE CNT_INC
1710 TASK_SWITCHED_OUT CNT_INC
1710 TASK_SWITCHED_IN SUSP_RX
1710 QUEUE_RECEIVE_FAILED q1
1710 QUEUE_RECEIVE_FAILED q1
1710 QUEUE_RECEIVE_FAILED q1
1710 QUEUE_RECEIVE_FAILED q1
1710 TASK_INCREMENT_TICK 1710
1710 TASK_INCREMENT_TICK 1710
1711 TASK_SWITCHED_OUT SUSP_RX
1711 TASK_SWITCHED_IN CNT_INC
1711 TASK_PRIORITY_SET CNT_INC 1
1711 MOVED_TASK_TO_READY_STATE CNT_INC
1711 TASK_PRIORITY_SET CNT_INC 0
1711 MOVED_TASK_TO_READY_STATE CNT_INC
1711 TASK_SWITCHED_OUT CNT_INC
1711 TASK_SWITCHED_IN IDLE
1711 TASK_INCREMENT_TICK 1711
1712 TASK_SWITCHED_OUT IDLE
1712 TASK_SWITCHED_IN CNT_INC
1712 TASK_PRIORITY_SET CNT_INC 1
1712 MOVED_TASK_TO_READY_STATE CNT_INC
1712 TASK_PRIORITY_SET CNT_INC 0
1712 MOVED_TASK_TO_READY_STATE CNT_INC
1712 TASK_SWITCHED_OUT CNT_INC
1712 TASK_SWITCHED_IN SUSP_RX
1712 QUEUE_RECEIVE_FAILED q1
1712 QUEUE_RECEIVE_FAILED q1
1712 TASK_INCREMENT_TICK 1712
1713 TASK_SWITCHED_OUT SUSP_RX
1713 TASK_SWITCHED_IN IDLE
1713 TASK_SWITCHED_OUT IDLE
1713 TASK_SWITCHED_IN CNT_INC
1713 TASK_PRIORITY_SET CNT_INC 1
1713 MOVED_TASK_TO_READY_STATE CNT_INC
1713 TASK_PRIORITY_SET CNT_INC 0
1713 MOVED_TASK_TO_READY_STATE CNT_INC
1713 TASK_SWITCHED_OUT CNT_INC
1713 TASK_SWITCHED_IN SUSP_RX
1713 QUEUE_RECEIVE_FAILED q1
1713 QUEUE_RECEIVE_FAILED q1
1713 QUEUE_RECEIVE_FAILED q1
1713 QUEUE_RECEIVE_FAILED q1
1713 TASK_INCREMENT_TICK 1713
1713 TASK_INCREMENT_TICK 1713
1714 TASK_SWITCHED_OUT SUSP_RX
1714 TASK_SWITCHED_IN CNT_INC
1714 TASK_PRIORITY_SET CNT_INC 1
1714 MOVED_TASK_TO_READY_STATE CNT_INC
1714 TASK_PRIORITY_SET CNT_INC 0
1714 MOVED_TASK_TO_READY_STATE CNT_INC
1714 TASK_SWITCHED_OUT CNT_INC
1714 TASK_SWITCHED_IN IDLE
1714 TASK_INCREMENT_TICK 1714
1715 TASK_SWITCHED_OUT IDLE
1715 TASK_SWITCHED_IN CNT_INC
1715 TASK_PRIORITY_SET CNT_INC 1
1715 MOVED_TASK_TO_READY_STATE CNT_INC
1715 TASK_PRIORITY_SET CNT_INC 0
1715 MOVED_TASK_TO_READY_STATE CNT_INC
1715 TASK_SWITCHED_OUT CNT_INC
1715 TASK_SWITCHED_IN SUSP_RX
1715 QUEUE_RECEIVE_FAILED q1
1715 QUEUE_RECEIVE_FAILED q1
1715 TASK_INCREMENT_TICK 1715
1716 TASK_SWITCHED_OUT SUSP_RX
1716 TASK_SWITCHED_IN IDLE
1716 TASK_SWITCHED_OUT IDLE
1716 TASK_SWITCHED_IN CNT_INC
1716 TASK_PRIORITY_SET CNT_INC 1
1716 MOVED_TASK_TO_READY_STATE CNT_INC
1716 TASK_PRIORITY_SET CNT_INC 0
1716 MOVED_TASK_TO_READY_STATE CNT_INC
1716 TASK_SWITCHED_OUT CNT_INC
1716 TASK_SWITCHED_IN SUSP_RX
1716 QUEUE_RECEIVE_FAILED q1
1716 QUEUE_RECEIVE_FAILED q1
1716 QUEUE_RECEIVE_FAILED q1
1716 QUEUE_RECEIVE_FAILED q1
1716 TASK_INCREMENT_TICK 1716
1716 TASK_INCREMENT_TICK 1716
1717 TASK_SWITCHED_OUT SUSP_RX
1717 TASK_SWITCHED_IN CNT_INC
1717 TASK_PRIORITY_SET CNT_INC 1
1717 MOVED_TASK_TO_READY_STATE CNT_INC
1717 TASK_PRIORITY_SET CNT_INC 0
1717 MOVED_TASK_TO_READY_STATE CNT_INC
1717 TASK_SWITCHED_OUT CNT_INC
1717 TASK_SWITCHED_IN IDLE
1717 TASK_INCREMENT_TICK 1717
1718 TASK_SWITCHED_OUT IDLE
1718 TASK_SWITCHED_IN CNT_INC
1718 TASK_PRIORITY_SET CNT_INC 1
1718 MOVED_TASK_TO_READY_STATE CNT_INC
1718 TASK_PRIORITY_SET CNT_INC 0
1718 MOVED_TASK_TO_READY_STATE CNT_INC
1718 TASK_SWITCHED_OUT CNT_INC
1718 TASK_SWITCHED_IN SUSP_RX
1718 QUEUE_RECEIVE_FAILED q1
1718 QUEUE_RECEIVE_FAILED q1
1718 TASK_INCREMENT_TICK 1718
1719 TASK_SWITCHED_OUT SUSP_RX
1719 TASK_SWITCHED_IN IDLE
1719 TASK_SWITCHED_OUT IDLE
1719 TASK_SWITCHED_IN CNT_INC
1719 TASK_PRIORITY_SET CNT_INC 1
1719 MOVED_TASK_TO_READY_STATE CNT_INC
1719 TASK_PRIORITY_SET CNT_INC 0
1719 MOVED_TASK_TO_READY_STATE CNT_INC
1719 TASK_SWITCHED_OUT CNT_INC
1719 TASK_SWITCHED_IN SUSP_RX
1719 QUEUE_RECEIVE_FAILED q1
1719 QUEUE_RECEIVE_FAILED q1
1719 QUEUE_RECEIVE_FAILED q1
1719 QUEUE_RECEIVE_FAILED q1
1719 TASK_INCREMENT_TICK 1719
1719 TASK_INCREMENT_TICK 1719
1720 TASK_SWITCHED_OUT SUSP_RX
1720 TASK_SWITCHED_IN CNT_INC
1720 TASK_PRIORITY_SET CNT_INC 1
1720 MOVED_TASK_TO_READY_STATE CNT_INC
1720 TASK_PRIORITY_SET CNT_INC 0
1720 MOVED_TASK_TO_READY_STATE CNT_INC
1720 TASK_SWITCHED_OUT CNT_INC
1720 TASK_SWITCHED_IN IDLE
1720 TASK_INCREMENT_TICK 1720
1721 TASK_SWITCHED_OUT IDLE
1721 TASK_SWITCHED_IN CNT_INC
1721 TASK_PRIORITY_SET CNT_INC 1
1721 MOVED_TASK_TO_READY_STATE CNT_INC
1721 TASK_PRIORITY_SET CNT_INC 0
1721 MOVED_TASK_TO_READY_STATE CNT_INC
1721 TASK_SWITCHED_OUT CNT_INC
1721 TASK_SWITCHED_IN SUSP_RX
1721 QUEUE_RECEIVE_FAILED q1
1721 QUEUE_RECEIVE_FAILED q1
1721 TASK_INCREMENT_TICK 1721
1722 TASK_SWITCHED_OUT SUSP_RX
1722 TASK_SWITCHED_IN IDLE
1722 TASK_SWITCHED_OUT IDLE
1722 TASK_SWITCHED_IN CNT_INC
1722 TASK_PRIORITY_SET CNT_INC 1
1722 MOVED_TASK_TO_READY_STATE CNT_INC
1722 TASK_PRIORITY_SET CNT_INC 0
1722 MOVED_TASK_TO_READY_STATE CNT_INC
1722 TASK_SWITCHED_OUT CNT_INC
1722 TASK_SWITCHED_IN SUSP_RX
1722 QUEUE_RECEIVE_FAILED q1
1722 QUEUE_RECEIVE_FAILED q1
1722 QUEUE_RECEIVE_FAILED q1
1722 QUEUE_RECEIVE_FAILED q1
1722 TASK_INCREMENT_TICK 1722
1722 TASK_INCREMENT_TICK 1722
1723 TASK_SWITCHED_OUT SUSP_RX
1723 TASK_SWITCHED_IN CNT_INC
1723 TASK_PRIORITY_SET CNT_INC 1
1723 MOVED_TASK_TO_READY_STATE CNT_INC
1723 TASK_PRIORITY_SET CNT_INC 0
1723 MOVED_TASK_TO_READY_STATE CNT_INC
1723 TASK_SWITCHED_OUT CNT_INC
1723 TASK_SWITCHED_IN IDLE
1723 TASK_INCREMENT_TICK 1723
1724 TASK_SWITCHED_OUT IDLE
1724 TASK_SWITCHED_IN CNT_INC
1724 TASK_PRIORITY_SET CNT_INC 1
1724 MOVED_TASK_TO_READY_STATE CNT_INC
1724 TASK_PRIORITY_SET CNT_INC 0
1724 MOVED_TASK_TO_READY_STATE CNT_INC
1724 TASK_SWITCHED_OUT CNT_INC
1724 TASK_SWITCHED_IN SUSP_RX
1724 QUEUE_RECEIVE_FAILED q1
1724 QUEUE_RECEIVE_FAILED q1
1724 TASK_INCREMENT_TICK 1724
1725 TASK_SWITCHED_OUT SUSP_RX
1725 TASK_SWITCHED_IN IDLE
1725 TASK_SWITCHED_OUT IDLE
1725 TASK_SWITCHED_IN CNT_INC
1725 TASK_PRIORITY_SET CNT_INC 1
1725 MOVED_TASK_TO_READY_STATE CNT_INC
1725 TASK_PRIORITY_SET CNT_INC 0
1725 MOVED_TASK_TO_READY_STATE CNT_INC
1725 TASK_SWITCHED_OUT CNT_INC
1725 TASK_SWITCHED_IN SUSP_RX
1725 QUEUE_RECEIVE_FAILED q1
1725 QUEUE_RECEIVE_FAILED q1
1725 QUEUE_RECEIVE_FAILED q1
1725 QUEUE_RECEIVE_FAILED q1
1725 TASK_INCREMENT_TICK 1725
1725 TASK_INCREMENT_TICK 1725
1726 TASK_SWITCHED_OUT SUSP_RX
1726 TASK_SWITCHED_IN CNT_INC
1726 TASK_PRIORITY_SET CNT_INC 1
1726 MOVED_TASK_TO_READY_STATE CNT_INC
1726 TASK_PRIORITY_SET CNT_INC 0
1726 MOVED_TASK_TO_READY_STATE CNT_INC
1726 TASK_SWITCHED_OUT CNT_INC
1726 TASK_SWITCHED_IN IDLE
1726 TASK_INCREMENT_TICK 1726
1727 TASK_SWITCHED_OUT IDLE
1727 TASK_SWITCHED_IN CNT_INC
1727 TASK_PRIORITY_SET CNT_INC 1
1727 MOVED_TASK_TO_READY_STATE CNT_INC
1727 TASK_PRIORITY_SET CNT_INC 0
1727 MOVED_TASK_TO_READY_STATE CNT_INC
1727 TASK_SWITCHED_OUT CNT_INC
1727 TASK_SWITCHED_IN SUSP_RX
1727 QUEUE_RECEIVE_FAILED q1
1727 QUEUE_RECEIVE_FAILED q1
1727 TASK_INCREMENT_TICK 1727
1728 TASK_SWITCHED_OUT SUSP_RX
1728 TASK_SWITCHED_IN IDLE
1728 TASK_SWITCHED_OUT IDLE
1728 TASK_SWITCHED_IN CNT_INC
1728 TASK_PRIORITY_SET CNT_INC 1
1728 MOVED_TASK_TO_READY_STATE CNT_INC
1728 TASK_PRIORITY_SET CNT_INC 0
1728 MOVED_TASK_TO_READY_STATE CNT_INC
1728 TASK_SWITCHED_OUT CNT_INC
1728 TASK_SWITCHED_IN SUSP_RX
1728 QUEUE_RECEIVE_FAILED q1
1728 QUEUE_RECEIVE_FAILED q1
1728 QUEUE_RECEIVE_FAILED q1
1728 QUEUE_RECEIVE_FAILED q1
1728 TASK_INCREMENT_TICK 1728
1728 TASK_INCREMENT_TICK 1728
1729 TASK_SWITCHED_OUT SUSP_RX
1729 TASK_SWITCHED_IN CNT_INC
1729 TASK_PRIORITY_SET CNT_INC 1
1729 MOVED_TASK_TO_READY_STATE CNT_INC
1729 TASK_PRIORITY_SET CNT_INC 0
1729 MOVED_TASK_TO_READY_STATE CNT_INC
1729 TASK_SWITCHED_OUT CNT_INC
1729 TASK_SWITCHED_IN IDLE
1729 TASK_INCREMENT_TICK 1729
1730 TASK_SWITCHED_OUT IDLE
1730 TASK_SWITCHED_IN CNT_INC
1730 TASK_PRIORITY_SET CNT_INC 1
1730 MOVED_TASK_TO_READY_STATE CNT_INC
1730 TASK_PRIORITY_SET CNT_INC 0
1730 MOVED_TASK_TO_READY_STATE CNT_INC
1730 TASK_SWITCHED_OUT CNT_INC
1730 TASK_SWITCHED_IN SUSP_RX
1730 QUEUE_RECEIVE_FAILED q1
1730 QUEUE_RECEIVE_FAILED q1
1730 TASK_INCREMENT_TICK 1730
1731 TASK_SWITCHED_OUT SUSP_RX
1731 TASK_SWITCHED_IN IDLE
1731 TASK_SWITCHED_OUT IDLE
1731 TASK_SWITCHED_IN CNT_INC
1731 TASK_PRIORITY_SET CNT_INC 1
1731 MOVED_TASK_TO_READY_STATE CNT_INC
1731 TASK_PRIORITY_SET CNT_INC 0
1731 MOVED_TASK_TO_READY_STATE CNT_INC
1731 TASK_SWITCHED_OUT CNT_INC
1731 TASK_SWITCHED_IN SUSP_RX
1731 QUEUE_RECEIVE_FAILED q1
1731 QUEUE_RECEIVE_FAILED q1
1731 QUEUE_RECEIVE_FAILED q1
1731 QUEUE_RECEIVE_FAILED q1
1731 TASK_INCREMENT_TICK 1731
1731 TASK_INCREMENT_TICK 1731
1732 TASK_SWITCHED_OUT SUSP_RX
1732 TASK_SWITCHED_IN CNT_INC
1732 TASK_PRIORITY_SET CNT_INC 1
1732 MOVED_TASK_TO_READY_STATE CNT_INC
1732 TASK_PRIORITY_SET CNT_INC 0
1732 MOVED_TASK_TO_READY_STATE CNT_INC
1732 TASK_SWITCHED_OUT CNT_INC
1732 TASK_SWITCHED_IN IDLE
1732 TASK_INCREMENT_TICK 1732
1733 TASK_SWITCHED_OUT IDLE
1733 TASK_SWITCHED_IN CNT_INC
1733 TASK_PRIORITY_SET CNT_INC 1
1733 MOVED_TASK_TO_READY_STATE CNT_INC
1733 TASK_PRIORITY_SET CNT_INC 0
1733 MOVED_TASK_TO_READY_STATE CNT_INC
1733 TASK_SWITCHED_OUT CNT_INC
1733 TASK_SWITCHED_IN SUSP_RX
1733 QUEUE_RECEIVE_FAILED q1
1733 QUEUE_RECEIVE_FAILED q1
1733 TASK_INCREMENT_TICK 1733
1734 TASK_SWITCHED_OUT SUSP_RX
1734 TASK_SWITCHED_IN IDLE
1734 TASK_SWITCHED_OUT IDLE
1734 TASK_SWITCHED_IN CNT_INC
1734 TASK_PRIORITY_SET CNT_INC 1
1734 MOVED_TASK_TO_READY_STATE CNT_INC
1734 TASK_PRIORITY_SET CNT_INC 0
1734 MOVED_TASK_TO_READY_STATE CNT_INC
1734 TASK_SWITCHED_OUT CNT_INC
1734 TASK_SWITCHED_IN SUSP_RX
1734 QUEUE_RECEIVE_FAILED q1
1734 QUEUE_RECEIVE_FAILED q1
1734 QUEUE_RECEIVE_FAILED q1
1734 QUEUE_RECEIVE_FAILED q1
1734 TASK_INCREMENT_TICK 1734
1734 TASK_INCREMENT_TICK 1734
1735 TASK_SWITCHED_OUT SUSP_RX
1735 TASK_SWITCHED_IN CNT_INC
1735 TASK_PRIORITY_SET CNT_INC 1
1735 MOVED_TASK_TO_READY_STATE CNT_INC
1735 TASK_PRIORITY_SET CNT_INC 0
1735 MOVED_TASK_TO_READY_STATE CNT_INC
1735 TASK_SWITCHED_OUT CNT_INC
1735 TASK_SWITCHED_IN IDLE
1735 TASK_INCREMENT_TICK 1735
1736 TASK_SWITCHED_OUT IDLE
1736 TASK_SWITCHED_IN CNT_INC
1736 TASK_PRIORITY_SET CNT_INC 1
1736 MOVED_TASK_TO_READY_STATE CNT_INC
1736 TASK_PRIORITY_SET CNT_INC 0
1736 MOVED_TASK_TO_READY_STATE CNT_INC
1736 TASK_SWITCHED_OUT CNT_INC
1736 TASK_SWITCHED_IN SUSP_RX
1736 QUEUE_RECEIVE_FAILED q1
1736 QUEUE_RECEIVE_FAILED q1
1736 TASK_INCREMENT_TICK 1736
1737 TASK_SWITCHED_OUT SUSP_RX
1737 TASK_SWITCHED_IN IDLE
1737 TASK_SWITCHED_OUT IDLE
1737 TASK_SWITCHED_IN CNT_INC
1737 TASK_PRIORITY_SET CNT_INC 1
1737 MOVED_TASK_TO_READY_STATE CNT_INC
1737 TASK_PRIORITY_SET CNT_INC 0
1737 MOVED_TASK_TO_READY_STATE CNT_INC
1737 TASK_SWITCHED_OUT CNT_INC
1737 TASK_SWITCHED_IN SUSP_RX
1737 QUEUE_RECEIVE_FAILED q1
1737 QUEUE_RECEIVE_FAILED q1
1737 QUEUE_RECEIVE_FAILED q1
1737 QUEUE_RECEIVE_FAILED q1
1737 TASK_INCREMENT_TICK 1737
1737 TASK_INCREMENT_TICK 1737
1738 TASK_SWITCHED_OUT SUSP_RX
1738 TASK_SWITCHED_IN CNT_INC
1738 TASK_PRIORITY_SET CNT_INC 1
1738 MOVED_TASK_TO_READY_STATE CNT_INC
1738 TASK_PRIORITY_SET CNT_INC 0
1738 MOVED_TASK_TO_READY_STATE CNT_INC
1738 TASK_SWITCHED_OUT CNT_INC
1738 TASK_SWITCHED_IN IDLE
1738 TASK_INCREMENT_TICK 1738
1739 TASK_SWITCHED_OUT IDLE
1739 TASK_SWITCHED_IN CNT_INC
1739 TASK_PRIORITY_SET CNT_INC 1
1739 MOVED_TASK_TO_READY_STATE CNT_INC
1739 TASK_PRIORITY_SET CNT_INC 0
1739 MOVED_TASK_TO_READY_STATE CNT_INC
1739 TASK_SWITCHED_OUT CNT_INC
1739 TASK_SWITCHED_IN SUSP_RX
1739 QUEUE_RECEIVE_FAILED q1
1739 QUEUE_RECEIVE_FAILED q1
1739 TASK_INCREMENT_TICK 1739
1740 TASK_SWITCHED_OUT SUSP_RX
1740 TASK_SWITCHED_IN IDLE
1740 TASK_SWITCHED_OUT IDLE
1740 TASK_SWITCHED_IN CNT_INC
1740 TASK_PRIORITY_SET CNT_INC 1
1740 MOVED_TASK_TO_READY_STATE CNT_INC
1740 TASK_PRIORITY_SET CNT_INC 0
1740 MOVED_TASK_TO_READY_STATE CNT_INC
1740 TASK_SWITCHED_OUT CNT_INC
1740 TASK_SWITCHED_IN SUSP_RX
1740 QUEUE_RECEIVE_FAILED q1
1740 QUEUE_RECEIVE_FAILED q1
1740 QUEUE_RECEIVE_FAILED q1
1740 QUEUE_RECEIVE_FAILED q1
1740 TASK_INCREMENT_TICK 1740
1740 TASK_INCREMENT_TICK 1740
1741 TASK_SWITCHED_OUT SUSP_RX
1741 TASK_SWITCHED_IN CNT_INC
1741 TASK_PRIORITY_SET CNT_INC 1
1741 MOVED_TASK_TO_READY_STATE CNT_INC
1741 TASK_PRIORITY_SET CNT_INC 0
1741 MOVED_TASK_TO_READY_STATE CNT_INC
1741 TASK_SWITCHED_OUT CNT_INC
1741 TASK_SWITCHED_IN IDLE
1741 TASK_INCREMENT_TICK 1741
1742 TASK_SWITCHED_OUT IDLE
1742 TASK_SWITCHED_IN CNT_INC
1742 TASK_PRIORITY_SET CNT_INC 1
1742 MOVED_TASK_TO_READY_STATE CNT_INC
1742 TASK_PRIORITY_SET CNT_INC 0
1742 MOVED_TASK_TO_READY_STATE CNT_INC
1742 TASK_SWITCHED_OUT CNT_INC
1742 TASK_SWITCHED_IN SUSP_RX
1742 QUEUE_RECEIVE_FAILED q1
1742 QUEUE_RECEIVE_FAILED q1
1742 TASK_INCREMENT_TICK 1742
1743 TASK_SWITCHED_OUT SUSP_RX
1743 TASK_SWITCHED_IN IDLE
1743 TASK_SWITCHED_OUT IDLE
1743 TASK_SWITCHED_IN CNT_INC
1743 TASK_PRIORITY_SET CNT_INC 1
1743 MOVED_TASK_TO_READY_STATE CNT_INC
1743 TASK_PRIORITY_SET CNT_INC 0
1743 MOVED_TASK_TO_READY_STATE CNT_INC
1743 TASK_SWITCHED_OUT CNT_INC
1743 TASK_SWITCHED_IN SUSP_RX
1743 QUEUE_RECEIVE_FAILED q1
1743 QUEUE_RECEIVE_FAILED q1
1743 QUEUE_RECEIVE_FAILED q1
1743 QUEUE_RECEIVE_FAILED q1
1743 TASK_INCREMENT_TICK 1743
1743 TASK_INCREMENT_TICK 1743
1744 TASK_SWITCHED_OUT SUSP_RX
1744 TASK_SWITCHED_IN CNT_INC
1744 TASK_PRIORITY_SET CNT_INC 1
1744 MOVED_TASK_TO_READY_STATE CNT_INC
1744 TASK_PRIORITY_SET CNT_INC 0
1744 MOVED_TASK_TO_READY_STATE CNT_INC
1744 TASK_SWITCHED_OUT CNT_INC
1744 TASK_SWITCHED_IN IDLE
1744 TASK_INCREMENT_TICK 1744
1745 TASK_SWITCHED_OUT IDLE
1745 TASK_SWITCHED_IN CNT_INC
1745 TASK_PRIORITY_SET CNT_INC 1
1745 MOVED_TASK_TO_READY_STATE CNT_INC
1745 TASK_PRIORITY_SET CNT_INC 0
1745 MOVED_TASK_TO_READY_STATE CNT_INC
1745 TASK_SWITCHED_OUT CNT_INC
1745 TASK_SWITCHED_IN SUSP_RX
1745 QUEUE_RECEIVE_FAILED q1
1745 QUEUE_RECEIVE_FAILED q1
1745 TASK_INCREMENT_TICK 1745
1746 TASK_SWITCHED_OUT SUSP_RX
1746 TASK_SWITCHED_IN IDLE
1746 TASK_SWITCHED_OUT IDLE
1746 TASK_SWITCHED_IN CNT_INC
1746 TASK_PRIORITY_SET CNT_INC 1
1746 MOVED_TASK_TO_READY_STATE CNT_INC
1746 TASK_PRIORITY_SET CNT_INC 0
1746 MOVED_TASK_TO_READY_STATE CNT_INC
1746 TASK_SWITCHED_OUT CNT_INC
1746 TASK_SWITCHED_IN SUSP_RX
1746 QUEUE_RECEIVE_FAILED q1
1746 QUEUE_RECEIVE_FAILED q1
1746 QUEUE_RECEIVE_FAILED q1
1746 QUEUE_RECEIVE_FAILED q1
1746 TASK_INCREMENT_TICK 1746
1746 TASK_INCREMENT_TICK 1746
1747 TASK_SWITCHED_OUT SUSP_RX
1747 TASK_SWITCHED_IN CNT_INC
1747 TASK_PRIORITY_SET CNT_INC 1
1747 MOVED_TASK_TO_READY_STATE CNT_INC
1747 TASK_PRIORITY_SET CNT_INC 0
1747 MOVED_TASK_TO_READY_STATE CNT_INC
1747 TASK_SWITCHED_OUT CNT_INC
1747 TASK_SWITCHED_IN IDLE
1747 TASK_INCREMENT_TICK 1747
1748 TASK_SWITCHED_OUT IDLE
1748 TASK_SWITCHED_IN CNT_INC
1748 TASK_PRIORITY_SET CNT_INC 1
1748 MOVED_TASK_TO_READY_STATE CNT_INC
1748 TASK_PRIORITY_SET CNT_INC 0
1748 MOVED_TASK_TO_READY_STATE CNT_INC
1748 TASK_SWITCHED_OUT CNT_INC
1748 TASK_SWITCHED_IN SUSP_RX
1748 QUEUE_RECEIVE_FAILED q1
1748 QUEUE_RECEIVE_FAILED q1
1748 TASK_INCREMENT_TICK 1748
1749 TASK_SWITCHED_OUT SUSP_RX
1749 TASK_SWITCHED_IN IDLE
1749 TASK_SWITCHED_OUT IDLE
1749 TASK_SWITCHED_IN CNT_INC
1749 TASK_PRIORITY_SET CNT_INC 1
1749 MOVED_TASK_TO_READY_STATE CNT_INC
1749 TASK_PRIORITY_SET CNT_INC 0
1749 MOVED_TASK_TO_READY_STATE CNT_INC
1749 TASK_SWITCHED_OUT CNT_INC
1749 TASK_SWITCHED_IN SUSP_RX
1749 QUEUE_RECEIVE_FAILED q1
1749 QUEUE_RECEIVE_FAILED q1
1749 QUEUE_RECEIVE_FAILED q1
1749 QUEUE_RECEIVE_FAILED q1
1749 TASK_INCREMENT_TICK 1749
1749 TASK_INCREMENT_TICK 1749
1750 TASK_SWITCHED_OUT SUSP_RX
1750 TASK_SWITCHED_IN CNT_INC
1750 TASK_PRIORITY_SET CNT_INC 1
1750 MOVED_TASK_TO_READY_STATE CNT_INC
1750 TASK_PRIORITY_SET CNT_INC 0
1750 MOVED_TASK_TO_READY_STATE CNT_INC
1750 TASK_SWITCHED_OUT CNT_INC
1750 TASK_SWITCHED_IN IDLE
1750 TASK_INCREMENT_TICK 1750
1751 TASK_SWITCHED_OUT IDLE
1751 TASK_SWITCHED_IN CNT_INC
1751 TASK_PRIORITY_SET CNT_INC 1
1751 MOVED_TASK_TO_READY_STATE CNT_INC
1751 TASK_PRIORITY_SET CNT_INC 0
1751 MOVED_TASK_TO_READY_STATE CNT_INC
1751 TASK_SWITCHED_OUT CNT_INC
1751 TASK_SWITCHED_IN SUSP_RX
1751 QUEUE_RECEIVE_FAILED q1
1751 QUEUE_RECEIVE_FAILED q1
1751 TASK_INCREMENT_TICK 1751
1752 TASK_SWITCHED_OUT SUSP_RX
1752 TASK_SWITCHED_IN IDLE
1752 TASK_SWITCHED_OUT IDLE
1752 TASK_SWITCHED_IN CNT_INC
1752 TASK_PRIORITY_SET CNT_INC 1
1752 MOVED_TASK_TO_READY_STATE CNT_INC
1752 TASK_PRIORITY_SET CNT_INC 0
1752 MOVED_TASK_TO_READY_STATE CNT_INC
1752 TASK_SWITCHED_OUT CNT_INC
1752 TASK_SWITCHED_IN SUSP_RX
1752 QUEUE_RECEIVE_FAILED q1
1752 QUEUE_RECEIVE_FAILED q1
1752 QUEUE_RECEIVE_FAILED q1
1752 QUEUE_RECEIVE_FAILED q1
1752 TASK_INCREMENT_TICK 1752
1752 TASK_INCREMENT_TICK 1752
1753 TASK_SWITCHED_OUT SUSP_RX
1753 TASK_SWITCHED_IN CNT_INC
1753 TASK_PRIORITY_SET CNT_INC 1
1753 MOVED_TASK_TO_READY_STATE CNT_INC
1753 TASK_PRIORITY_SET CNT_INC 0
1753 MOVED_TASK_TO_READY_STATE CNT_INC
1753 TASK_SWITCHED_OUT CNT_INC
1753 TASK_SWITCHED_IN IDLE
1753 TASK_INCREMENT_TICK 1753
1754 TASK_SWITCHED_OUT IDLE
1754 TASK_SWITCHED_IN CNT_INC
1754 TASK_PRIORITY_SET CNT_INC 1
1754 MOVED_TASK_TO_READY_STATE CNT_INC
1754 TASK_PRIORITY_SET CNT_INC 0
1754 MOVED_TASK_TO_READY_STATE CNT_INC
1754 TASK_SWITCHED_OUT CNT_INC
1754 TASK_SWITCHED_IN SUSP_RX
1754 QUEUE_RECEIVE_FAILED q1
1754 QUEUE_RECEIVE_FAILED q1
1754 TASK_INCREMENT_TICK 1754
1755 TASK_SWITCHED_OUT SUSP_RX
1755 TASK_SWITCHED_IN IDLE
1755 TASK_SWITCHED_OUT IDLE
1755 TASK_SWITCHED_IN CNT_INC
1755 TASK_PRIORITY_SET CNT_INC 1
1755 MOVED_TASK_TO_READY_STATE CNT_INC
1755 TASK_PRIORITY_SET CNT_INC 0
1755 MOVED_TASK_TO_READY_STATE CNT_INC
1755 TASK_SWITCHED_OUT CNT_INC
1755 TASK_SWITCHED_IN SUSP_RX
1755 QUEUE_RECEIVE_FAILED q1
1755 QUEUE_RECEIVE_FAILED q1
1755 QUEUE_RECEIVE_FAILED q1
1755 QUEUE_RECEIVE_FAILED q1
1755 TASK_INCREMENT_TICK 1755
1755 TASK_INCREMENT_TICK 1755
1756 TASK_SWITCHED_OUT SUSP_RX
1756 TASK_SWITCHED_IN CNT_INC
1756 TASK_PRIORITY_SET CNT_INC 1
1756 MOVED_TASK_TO_READY_STATE CNT_INC
1756 TASK_PRIORITY_SET CNT_INC 0
1756 MOVED_TASK_TO_READY_STATE CNT_INC
1756 TASK_SWITCHED_OUT CNT_INC
1756 TASK_SWITCHED_IN IDLE
1756 TASK_INCREMENT_TICK 1756
1757 TASK_SWITCHED_OUT IDLE
1757 TASK_SWITCHED_IN CNT_INC
1757 TASK_PRIORITY_SET CNT_INC 1
1757 MOVED_TASK_TO_READY_STATE CNT_INC
1757 TASK_PRIORITY_SET CNT_INC 0
1757 MOVED_TASK_TO_READY_STATE CNT_INC
1757 TASK_SWITCHED_OUT CNT_INC
1757 TASK_SWITCHED_IN SUSP_RX
1757 QUEUE_RECEIVE_FAILED q1
1757 QUEUE_RECEIVE_FAILED q1
1757 TASK_INCREMENT_TICK 1757
1758 TASK_SWITCHED_OUT SUSP_RX
1758 TASK_SWITCHED_IN IDLE
1758 TASK_SWITCHED_OUT IDLE
1758 TASK_SWITCHED_IN CNT_INC
1758 TASK_PRIORITY_SET CNT_INC 1
1758 MOVED_TASK_TO_READY_STATE CNT_INC
1758 TASK_PRIORITY_SET CNT_INC 0
1758 MOVED_TASK_TO_READY_STATE CNT_INC
1758 TASK_SWITCHED_OUT CNT_INC
1758 TASK_SWITCHED_IN SUSP_RX
1758 QUEUE_RECEIVE_FAILED q1
1758 QUEUE_RECEIVE_FAILED q1
1758 QUEUE_RECEIVE_FAILED q1
1758 QUEUE_RECEIVE_FAILED q1
1758 TASK_INCREMENT_TICK 1758
1758 TASK_INCREMENT_TICK 1758
1759 TASK_SWITCHED_OUT SUSP_RX
1759 TASK_SWITCHED_IN CNT_INC
1759 TASK_PRIORITY_SET CNT_INC 1
1759 MOVED_TASK_TO_READY_STATE CNT_INC
1759 TASK_PRIORITY_SET CNT_INC 0
1759 MOVED_TASK_TO_READY_STATE CNT_INC
1759 TASK_SWITCHED_OUT CNT_INC
1759 TASK_SWITCHED_IN IDLE
1759 TASK_INCREMENT_TICK 1759
1760 TASK_SWITCHED_OUT IDLE
1760 TASK_SWITCHED_IN CNT_INC
1760 TASK_PRIORITY_SET CNT_INC 1
1760 MOVED_TASK_TO_READY_STATE CNT_INC
1760 TASK_PRIORITY_SET CNT_INC 0
1760 MOVED_TASK_TO_READY_STATE CNT_INC
1760 TASK_SWITCHED_OUT CNT_INC
1760 TASK_SWITCHED_IN SUSP_RX
1760 QUEUE_RECEIVE_FAILED q1
1760 QUEUE_RECEIVE_FAILED q1
1760 TASK_INCREMENT_TICK 1760
1761 TASK_SWITCHED_OUT SUSP_RX
1761 TASK_SWITCHED_IN IDLE
1761 TASK_SWITCHED_OUT IDLE
1761 TASK_SWITCHED_IN CNT_INC
1761 TASK_PRIORITY_SET CNT_INC 1
1761 MOVED_TASK_TO_READY_STATE CNT_INC
1761 TASK_PRIORITY_SET CNT_INC 0
1761 MOVED_TASK_TO_READY_STATE CNT_INC
1761 TASK_SWITCHED_OUT CNT_INC
1761 TASK_SWITCHED_IN SUSP_RX
1761 QUEUE_RECEIVE_FAILED q1
1761 QUEUE_RECEIVE_FAILED q1
1761 QUEUE_RECEIVE_FAILED q1
1761 QUEUE_RECEIVE_FAILED q1
1761 TASK_INCREMENT_TICK 1761
1761 TASK_INCREMENT_TICK 1761
1762 TASK_SWITCHED_OUT SUSP_RX
1762 TASK_SWITCHED_IN CNT_INC
1762 TASK_PRIORITY_SET CNT_INC 1
1762 MOVED_TASK_TO_READY_STATE CNT_INC
1762 TASK_PRIORITY_SET CNT_INC 0
1762 MOVED_TASK_TO_READY_STATE CNT_INC
1762 TASK_SWITCHED_OUT CNT_INC
1762 TASK_SWITCHED_IN IDLE
1762 TASK_INCREMENT_TICK 1762
1763 TASK_SWITCHED_OUT IDLE
1763 TASK_SWITCHED_IN CNT_INC
1763 TASK_PRIORITY_SET CNT_INC 1
1763 MOVED_TASK_TO_READY_STATE CNT_INC
1763 TASK_PRIORITY_SET CNT_INC 0
1763 MOVED_TASK_TO_READY_STATE CNT_INC
1763 TASK_SWITCHED_OUT CNT_INC
1763 TASK_SWITCHED_IN SUSP_RX
1763 QUEUE_RECEIVE_FAILED q1
1763 QUEUE_RECEIVE_FAILED q1
1763 TASK_INCREMENT_TICK 1763
1764 TASK_SWITCHED_OUT SUSP_RX
1764 TASK_SWITCHED_IN IDLE
1764 TASK_SWITCHED_OUT IDLE
1764 TASK_SWITCHED_IN CNT_INC
1764 TASK_PRIORITY_SET CNT_INC 1
1764 MOVED_TASK_TO_READY_STATE CNT_INC
1764 TASK_PRIORITY_SET CNT_INC 0
1764 MOVED_TASK_TO_READY_STATE CNT_INC
1764 TASK_SWITCHED_OUT CNT_INC
1764 TASK_SWITCHED_IN SUSP_RX
1764 QUEUE_RECEIVE_FAILED q1
1764 QUEUE_RECEIVE_FAILED q1
1764 QUEUE_RECEIVE_FAILED q1
1764 QUEUE_RECEIVE_FAILED q1
1764 TASK_INCREMENT_TICK 1764
1764 TASK_INCREMENT_TICK 1764
1765 TASK_SWITCHED_OUT SUSP_RX
1765 TASK_SWITCHED_IN CNT_INC
1765 TASK_PRIORITY_SET CNT_INC 1
1765 MOVED_TASK_TO_READY_STATE CNT_INC
1765 TASK_PRIORITY_SET CNT_INC 0
1765 MOVED_TASK_TO_READY_STATE CNT_INC
1765 TASK_SWITCHED_OUT CNT_INC
1765 TASK_SWITCHED_IN IDLE
1765 TASK_INCREMENT_TICK 1765
1766 TASK_SWITCHED_OUT IDLE
1766 TASK_SWITCHED_IN CNT_INC
1766 TASK_PRIORITY_SET CNT_INC 1
1766 MOVED_TASK_TO_READY_STATE CNT_INC
1766 TASK_PRIORITY_SET CNT_INC 0
1766 MOVED_TASK_TO_READY_STATE CNT_INC
1766 TASK_SWITCHED_OUT CNT_INC
1766 TASK_SWITCHED_IN SUSP_RX
1766 QUEUE_RECEIVE_FAILED q1
1766 QUEUE_RECEIVE_FAILED q1
1766 TASK_INCREMENT_TICK 1766
1767 TASK_SWITCHED_OUT SUSP_RX
1767 TASK_SWITCHED_IN IDLE
1767 TASK_SWITCHED_OUT IDLE
1767 TASK_SWITCHED_IN CNT_INC
1767 TASK_PRIORITY_SET CNT_INC 1
1767 MOVED_TASK_TO_READY_STATE CNT_INC
1767 TASK_PRIORITY_SET CNT_INC 0
1767 MOVED_TASK_TO_READY_STATE CNT_INC
1767 TASK_SWITCHED_OUT CNT_INC
1767 TASK_SWITCHED_IN SUSP_RX
1767 QUEUE_RECEIVE_FAILED q1
1767 QUEUE_RECEIVE_FAILED q1
1767 QUEUE_RECEIVE_FAILED q1
1767 QUEUE_RECEIVE_FAILED q1
1767 TASK_INCREMENT_TICK 1767
1767 TASK_INCREMENT_TICK 1767
1768 TASK_SWITCHED_OUT SUSP_RX
1768 TASK_SWITCHED_IN CNT_INC
1768 TASK_PRIORITY_SET CNT_INC 1
1768 MOVED_TASK_TO_READY_STATE CNT_INC
1768 TASK_PRIORITY_SET CNT_INC 0
1768 MOVED_TASK_TO_READY_STATE CNT_INC
1768 TASK_SWITCHED_OUT CNT_INC
1768 TASK_SWITCHED_IN IDLE
1768 TASK_INCREMENT_TICK 1768
1769 TASK_SWITCHED_OUT IDLE
1769 TASK_SWITCHED_IN CNT_INC
1769 TASK_PRIORITY_SET CNT_INC 1
1769 MOVED_TASK_TO_READY_STATE CNT_INC
1769 TASK_PRIORITY_SET CNT_INC 0
1769 MOVED_TASK_TO_READY_STATE CNT_INC
1769 TASK_SWITCHED_OUT CNT_INC
1769 TASK_SWITCHED_IN SUSP_RX
1769 QUEUE_RECEIVE_FAILED q1
1769 QUEUE_RECEIVE_FAILED q1
1769 TASK_INCREMENT_TICK 1769
1770 TASK_SWITCHED_OUT SUSP_RX
1770 TASK_SWITCHED_IN IDLE
1770 TASK_SWITCHED_OUT IDLE
1770 TASK_SWITCHED_IN CNT_INC
1770 TASK_PRIORITY_SET CNT_INC 1
1770 MOVED_TASK_TO_READY_STATE CNT_INC
1770 TASK_PRIORITY_SET CNT_INC 0
1770 MOVED_TASK_TO_READY_STATE CNT_INC
1770 TASK_SWITCHED_OUT CNT_INC
1770 TASK_SWITCHED_IN SUSP_RX
1770 QUEUE_RECEIVE_FAILED q1
1770 QUEUE_RECEIVE_FAILED q1
1770 QUEUE_RECEIVE_FAILED q1
1770 QUEUE_RECEIVE_FAILED q1
1770 TASK_INCREMENT_TICK 1770
1770 TASK_INCREMENT_TICK 1770
1771 TASK_SWITCHED_OUT SUSP_RX
1771 TASK_SWITCHED_IN CNT_INC
1771 TASK_PRIORITY_SET CNT_INC 1
1771 MOVED_TASK_TO_READY_STATE CNT_INC
1771 TASK_PRIORITY_SET CNT_INC 0
1771 MOVED_TASK_TO_READY_STATE CNT_INC
1771 TASK_SWITCHED_OUT CNT_INC
1771 TASK_SWITCHED_IN IDLE
1771 TASK_INCREMENT_TICK 1771
1772 TASK_SWITCHED_OUT IDLE
1772 TASK_SWITCHED_IN CNT_INC
1772 TASK_PRIORITY_SET CNT_INC 1
1772 MOVED_TASK_TO_READY_STATE CNT_INC
1772 TASK_PRIORITY_SET CNT_INC 0
1772 MOVED_TASK_TO_READY_STATE CNT_INC
1772 TASK_SWITCHED_OUT CNT_INC
1772 TASK_SWITCHED_IN SUSP_RX
1772 QUEUE_RECEIVE_FAILED q1
1772 QUEUE_RECEIVE_FAILED q1
1772 TASK_INCREMENT_TICK 1772
1773 TASK_SWITCHED_OUT SUSP_RX
1773 TASK_SWITCHED_IN IDLE
1773 TASK_SWITCHED_OUT IDLE
1773 TASK_SWITCHED_IN CNT_INC
1773 TASK_PRIORITY_SET CNT_INC 1
1773 MOVED_TASK_TO_READY_STATE CNT_INC
1773 TASK_PRIORITY_SET CNT_INC 0
1773 MOVED_TASK_TO_READY_STATE CNT_INC
1773 TASK_SWITCHED_OUT CNT_INC
1773 TASK_SWITCHED_IN SUSP_RX
1773 QUEUE_RECEIVE_FAILED q1
1773 QUEUE_RECEIVE_FAILED q1
1773 QUEUE_RECEIVE_FAILED q1
1773 QUEUE_RECEIVE_FAILED q1
1773 TASK_INCREMENT_TICK 1773
1773 TASK_INCREMENT_TICK 1773
1774 TASK_SWITCHED_OUT SUSP_RX
1774 TASK_SWITCHED_IN CNT_INC
1774 TASK_PRIORITY_SET CNT_INC 1
1774 MOVED_TASK_TO_READY_STATE CNT_INC
1774 TASK_PRIORITY_SET CNT_INC 0
1774 MOVED_TASK_TO_READY_STATE CNT_INC
1774 TASK_SWITCHED_OUT CNT_INC
1774 TASK_SWITCHED_IN IDLE
1774 TASK_INCREMENT_TICK 1774
1775 TASK_SWITCHED_OUT IDLE
1775 TASK_SWITCHED_IN CNT_INC
1775 TASK_PRIORITY_SET CNT_INC 1
1775 MOVED_TASK_TO_READY_STATE CNT_INC
1775 TASK_PRIORITY_SET CNT_INC 0
1775 MOVED_TASK_TO_READY_STATE CNT_INC
1775 TASK_SWITCHED_OUT CNT_INC
1775 TASK_SWITCHED_IN SUSP_RX
1775 QUEUE_RECEIVE_FAILED q1
1775 QUEUE_RECEIVE_FAILED q1
1775 TASK_INCREMENT_TICK 1775
1776 TASK_SWITCHED_OUT SUSP_RX
1776 TASK_SWITCHED_IN IDLE
1776 TASK_SWITCHED_OUT IDLE
1776 TASK_SWITCHED_IN CNT_INC
1776 TASK_PRIORITY_SET CNT_INC 1
1776 MOVED_TASK_TO_READY_STATE CNT_INC
1776 TASK_PRIORITY_SET CNT_INC 0
1776 MOVED_TASK_TO_READY_STATE CNT_INC
1776 TASK_SWITCHED_OUT CNT_INC
1776 TASK_SWITCHED_IN SUSP_RX
1776 QUEUE_RECEIVE_FAILED q1
1776 QUEUE_RECEIVE_FAILED q1
1776 QUEUE_RECEIVE_FAILED q1
1776 QUEUE_RECEIVE_FAILED q1
1776 TASK_INCREMENT_TICK 1776
1776 TASK_INCREMENT_TICK 1776
1777 TASK_SWITCHED_OUT SUSP_RX
1777 TASK_SWITCHED_IN CNT_INC
1777 TASK_PRIORITY_SET CNT_INC 1
1777 MOVED_TASK_TO_READY_STATE CNT_INC
1777 TASK_PRIORITY_SET CNT_INC 0
1777 MOVED_TASK_TO_READY_STATE CNT_INC
1777 TASK_SWITCHED_OUT CNT_INC
1777 TASK_SWITCHED_IN IDLE
1777 TASK_INCREMENT_TICK 1777
1778 TASK_SWITCHED_OUT IDLE
1778 TASK_SWITCHED_IN CNT_INC
1778 TASK_PRIORITY_SET CNT_INC 1
1778 MOVED_TASK_TO_READY_STATE CNT_INC
1778 TASK_PRIORITY_SET CNT_INC 0
1778 MOVED_TASK_TO_READY_STATE CNT_INC
1778 TASK_SWITCHED_OUT CNT_INC
1778 TASK_SWITCHED_IN SUSP_RX
1778 QUEUE_RECEIVE_FAILED q1
1778 QUEUE_RECEIVE_FAILED q1
1778 TASK_INCREMENT_TICK 1778
1779 TASK_SWITCHED_OUT SUSP_RX
1779 TASK_SWITCHED_IN IDLE
1779 TASK_SWITCHED_OUT IDLE
1779 TASK_SWITCHED_IN CNT_INC
1779 TASK_PRIORITY_SET CNT_INC 1
1779 MOVED_TASK_TO_READY_STATE CNT_INC
1779 TASK_PRIORITY_SET CNT_INC 0
1779 MOVED_TASK_TO_READY_STATE CNT_INC
1779 TASK_SWITCHED_OUT CNT_INC
1779 TASK_SWITCHED_IN SUSP_RX
1779 QUEUE_RECEIVE_FAILED q1
1779 QUEUE_RECEIVE_FAILED q1
1779 QUEUE_RECEIVE_FAILED q1
1779 QUEUE_RECEIVE_FAILED q1
1779 TASK_INCREMENT_TICK 1779
1779 TASK_INCREMENT_TICK 1779
1780 TASK_SWITCHED_OUT SUSP_RX
1780 TASK_SWITCHED_IN CNT_INC
1780 TASK_PRIORITY_SET CNT_INC 1
1780 MOVED_TASK_TO_READY_STATE CNT_INC
1780 TASK_PRIORITY_SET CNT_INC 0
1780 MOVED_TASK_TO_READY_STATE CNT_INC
1780 TASK_SWITCHED_OUT CNT_INC
1780 TASK_SWITCHED_IN IDLE
1780 TASK_INCREMENT_TICK 1780
1781 TASK_SWITCHED_OUT IDLE
1781 TASK_SWITCHED_IN CNT_INC
1781 TASK_PRIORITY_SET CNT_INC 1
1781 MOVED_TASK_TO_READY_STATE CNT_INC
1781 TASK_PRIORITY_SET CNT_INC 0
1781 MOVED_TASK_TO_READY_STATE CNT_INC
1781 TASK_SWITCHED_OUT CNT_INC
1781 TASK_SWITCHED_IN SUSP_RX
1781 QUEUE_RECEIVE_FAILED q1
1781 QUEUE_RECEIVE_FAILED q1
1781 TASK_INCREMENT_TICK 1781
1782 TASK_SWITCHED_OUT SUSP_RX
1782 TASK_SWITCHED_IN IDLE
1782 TASK_SWITCHED_OUT IDLE
1782 TASK_SWITCHED_IN CNT_INC
1782 TASK_PRIORITY_SET CNT_INC 1
1782 MOVED_TASK_TO_READY_STATE CNT_INC
1782 TASK_PRIORITY_SET CNT_INC 0
1782 MOVED_TASK_TO_READY_STATE CNT_INC
1782 TASK_SWITCHED_OUT CNT_INC
1782 TASK_SWITCHED_IN SUSP_RX
1782 QUEUE_RECEIVE_FAILED q1
1782 QUEUE_RECEIVE_FAILED q1
1782 QUEUE_RECEIVE_FAILED q1
1782 QUEUE_RECEIVE_FAILED q1
1782 TASK_INCREMENT_TICK 1782
1782 TASK_INCREMENT_TICK 1782
1783 TASK_SWITCHED_OUT SUSP_RX
1783 TASK_SWITCHED_IN CNT_INC
1783 TASK_PRIORITY_SET CNT_INC 1
1783 MOVED_TASK_TO_READY_STATE CNT_INC
1783 TASK_PRIORITY_SET CNT_INC 0
1783 MOVED_TASK_TO_READY_STATE CNT_INC
1783 TASK_SWITCHED_OUT CNT_INC
1783 TASK_SWITCHED_IN IDLE
1783 TASK_INCREMENT_TICK 1783
1784 TASK_SWITCHED_OUT IDLE
1784 TASK_SWITCHED_IN CNT_INC
1784 TASK_PRIORITY_SET CNT_INC 1
1784 MOVED_TASK_TO_READY_STATE CNT_INC
1784 TASK_PRIORITY_SET CNT_INC 0
1784 MOVED_TASK_TO_READY_STATE CNT_INC
1784 TASK_SWITCHED_OUT CNT_INC
1784 TASK_SWITCHED_IN SUSP_RX
1784 QUEUE_RECEIVE_FAILED q1
1784 QUEUE_RECEIVE_FAILED q1
1784 TASK_INCREMENT_TICK 1784
1785 TASK_SWITCHED_OUT SUSP_RX
1785 TASK_SWITCHED_IN IDLE
1785 TASK_SWITCHED_OUT IDLE
1785 TASK_SWITCHED_IN CNT_INC
1785 TASK_PRIORITY_SET CNT_INC 1
1785 MOVED_TASK_TO_READY_STATE CNT_INC
1785 TASK_PRIORITY_SET CNT_INC 0
1785 MOVED_TASK_TO_READY_STATE CNT_INC
1785 TASK_SWITCHED_OUT CNT_INC
1785 TASK_SWITCHED_IN SUSP_RX
1785 QUEUE_RECEIVE_FAILED q1
1785 QUEUE_RECEIVE_FAILED q1
1785 QUEUE_RECEIVE_FAILED q1
1785 QUEUE_RECEIVE_FAILED q1
1785 TASK_INCREMENT_TICK 1785
1785 TASK_INCREMENT_TICK 1785
1786 TASK_SWITCHED_OUT SUSP_RX
1786 TASK_SWITCHED_IN CNT_INC
1786 TASK_PRIORITY_SET CNT_INC 1
1786 MOVED_TASK_TO_READY_STATE CNT_INC
1786 TASK_PRIORITY_SET CNT_INC 0
1786 MOVED_TASK_TO_READY_STATE CNT_INC
1786 TASK_SWITCHED_OUT CNT_INC
1786 TASK_SWITCHED_IN IDLE
1786 TASK_INCREMENT_TICK 1786
1787 TASK_SWITCHED_OUT IDLE
1787 TASK_SWITCHED_IN CNT_INC
1787 TASK_PRIORITY_SET CNT_INC 1
1787 MOVED_TASK_TO_READY_STATE CNT_INC
1787 TASK_PRIORITY_SET CNT_INC 0
1787 MOVED_TASK_TO_READY_STATE CNT_INC
1787 TASK_SWITCHED_OUT CNT_INC
1787 TASK_SWITCHED_IN SUSP_RX
1787 QUEUE_RECEIVE_FAILED q1
1787 QUEUE_RECEIVE_FAILED q1
1787 TASK_INCREMENT_TICK 1787
1788 TASK_SWITCHED_OUT SUSP_RX
1788 TASK_SWITCHED_IN IDLE
1788 TASK_SWITCHED_OUT IDLE
1788 TASK_SWITCHED_IN CNT_INC
1788 TASK_PRIORITY_SET CNT_INC 1
1788 MOVED_TASK_TO_READY_STATE CNT_INC
1788 TASK_PRIORITY_SET CNT_INC 0
1788 MOVED_TASK_TO_READY_STATE CNT_INC
1788 TASK_SWITCHED_OUT CNT_INC
1788 TASK_SWITCHED_IN SUSP_RX
1788 QUEUE_RECEIVE_FAILED q1
1788 QUEUE_RECEIVE_FAILED q1
1788 QUEUE_RECEIVE_FAILED q1
1788 QUEUE_RECEIVE_FAILED q1
1788 TASK_INCREMENT_TICK 1788
1788 TASK_INCREMENT_TICK 1788
1789 TASK_SWITCHED_OUT SUSP_RX
1789 TASK_SWITCHED_IN CNT_INC
1789 TASK_PRIORITY_SET CNT_INC 1
1789 MOVED_TASK_TO_READY_STATE CNT_INC
1789 TASK_PRIORITY_SET CNT_INC 0
1789 MOVED_TASK_TO_READY_STATE CNT_INC
1789 TASK_SWITCHED_OUT CNT_INC
1789 TASK_SWITCHED_IN IDLE
1789 TASK_INCREMENT_TICK 1789
1790 TASK_SWITCHED_OUT IDLE
1790 TASK_SWITCHED_IN CNT_INC
1790 TASK_PRIORITY_SET CNT_INC 1
1790 MOVED_TASK_TO_READY_STATE CNT_INC
1790 TASK_PRIORITY_SET CNT_INC 0
1790 MOVED_TASK_TO_READY_STATE CNT_INC
1790 TASK_SWITCHED_OUT CNT_INC
1790 TASK_SWITCHED_IN SUSP_RX
1790 QUEUE_RECEIVE_FAILED q1
1790 QUEUE_RECEIVE_FAILED q1
1790 TASK_INCREMENT_TICK 1790
1791 TASK_SWITCHED_OUT SUSP_RX
1791 TASK_SWITCHED_IN IDLE
1791 TASK_SWITCHED_OUT IDLE
1791 TASK_SWITCHED_IN CNT_INC
1791 TASK_PRIORITY_SET CNT_INC 1
1791 MOVED_TASK_TO_READY_STATE CNT_INC
1791 TASK_PRIORITY_SET CNT_INC 0
1791 MOVED_TASK_TO_READY_STATE CNT_INC
1791 TASK_SWITCHED_OUT CNT_INC
1791 TASK_SWITCHED_IN SUSP_RX
1791 QUEUE_RECEIVE_FAILED q1
1791 QUEUE_RECEIVE_FAILED q1
1791 QUEUE_RECEIVE_FAILED q1
1791 QUEUE_RECEIVE_FAILED q1
1791 TASK_INCREMENT_TICK 1791
1791 TASK_INCREMENT_TICK 1791
1792 TASK_SWITCHED_OUT SUSP_RX
1792 TASK_SWITCHED_IN CNT_INC
1792 TASK_PRIORITY_SET CNT_INC 1
1792 MOVED_TASK_TO_READY_STATE CNT_INC
1792 TASK_PRIORITY_SET CNT_INC 0
1792 MOVED_TASK_TO_READY_STATE CNT_INC
1792 TASK_SWITCHED_OUT CNT_INC
1792 TASK_SWITCHED_IN IDLE
1792 TASK_INCREMENT_TICK 1792
1793 TASK_SWITCHED_OUT IDLE
1793 TASK_SWITCHED_IN CNT_INC
1793 TASK_PRIORITY_SET CNT_INC 1
1793 MOVED_TASK_TO_READY_STATE CNT_INC
1793 TASK_PRIORITY_SET CNT_INC 0
1793 MOVED_TASK_TO_READY_STATE CNT_INC
1793 TASK_SWITCHED_OUT CNT_INC
1793 TASK_SWITCHED_IN SUSP_RX
1793 QUEUE_RECEIVE_FAILED q1
1793 QUEUE_RECEIVE_FAILED q1
1793 TASK_INCREMENT_TICK 1793
1794 TASK_SWITCHED_OUT SUSP_RX
1794 TASK_SWITCHED_IN IDLE
1794 TASK_SWITCHED_OUT IDLE
1794 TASK_SWITCHED_IN CNT_INC
1794 TASK_PRIORITY_SET CNT_INC 1
1794 MOVED_TASK_TO_READY_STATE CNT_INC
1794 TASK_PRIORITY_SET CNT_INC 0
1794 MOVED_TASK_TO_READY_STATE CNT_INC
1794 TASK_SWITCHED_OUT CNT_INC
1794 TASK_SWITCHED_IN SUSP_RX
1794 QUEUE_RECEIVE_FAILED q1
1794 QUEUE_RECEIVE_FAILED q1
1794 QUEUE_RECEIVE_FAILED q1
1794 QUEUE_RECEIVE_FAILED q1
1794 TASK_INCREMENT_TICK 1794
1794 TASK_INCREMENT_TICK 1794
1795 TASK_SWITCHED_OUT SUSP_RX
1795 TASK_SWITCHED_IN CNT_INC
1795 TASK_PRIORITY_SET CNT_INC 1
1795 MOVED_TASK_TO_READY_STATE CNT_INC
1795 TASK_PRIORITY_SET CNT_INC 0
1795 MOVED_TASK_TO_READY_STATE CNT_INC
1795 TASK_SWITCHED_OUT CNT_INC
1795 TASK_SWITCHED_IN IDLE
1795 TASK_INCREMENT_TICK 1795
1796 TASK_SWITCHED_OUT IDLE
1796 TASK_SWITCHED_IN CNT_INC
1796 TASK_PRIORITY_SET CNT_INC 1
1796 MOVED_TASK_TO_READY_STATE CNT_INC
1796 TASK_PRIORITY_SET CNT_INC 0
1796 MOVED_TASK_TO_READY_STATE CNT_INC
1796 TASK_SWITCHED_OUT CNT_INC
1796 TASK_SWITCHED_IN SUSP_RX
1796 QUEUE_RECEIVE_FAILED q1
1796 QUEUE_RECEIVE_FAILED q1
1796 TASK_INCREMENT_TICK 1796
1797 TASK_SWITCHED_OUT SUSP_RX
1797 TASK_SWITCHED_IN IDLE
1797 TASK_SWITCHED_OUT IDLE
1797 TASK_SWITCHED_IN CNT_INC
1797 TASK_PRIORITY_SET CNT_INC 1
1797 MOVED_TASK_TO_READY_STATE CNT_INC
1797 TASK_PRIORITY_SET CNT_INC 0
1797 MOVED_TASK_TO_READY_STATE CNT_INC
1797 TASK_SWITCHED_OUT CNT_INC
1797 TASK_SWITCHED_IN SUSP_RX
1797 QUEUE_RECEIVE_FAILED q1
1797 QUEUE_RECEIVE_FAILED q1
1797 QUEUE_RECEIVE_FAILED q1
1797 QUEUE_RECEIVE_FAILED q1
1797 TASK_INCREMENT_TICK 1797
1797 TASK_INCREMENT_TICK 1797
1798 TASK_SWITCHED_OUT SUSP_RX
1798 TASK_SWITCHED_IN CNT_INC
1798 TASK_PRIORITY_SET CNT_INC 1
1798 MOVED_TASK_TO_READY_STATE CNT_INC
1798 TASK_PRIORITY_SET CNT_INC 0
1798 MOVED_TASK_TO_READY_STATE CNT_INC
1798 TASK_SWITCHED_OUT CNT_INC
1798 TASK_SWITCHED_IN IDLE
1798 TASK_INCREMENT_TICK 1798
1799 TASK_SWITCHED_OUT IDLE
1799 TASK_SWITCHED_IN CNT_INC
1799 TASK_PRIORITY_SET CNT_INC 1
1799 MOVED_TASK_TO_READY_STATE CNT_INC
1799 TASK_PRIORITY_SET CNT_INC 0
1799 MOVED_TASK_TO_READY_STATE CNT_INC
1799 TASK_SWITCHED_OUT CNT_INC
1799 TASK_SWITCHED_IN SUSP_RX
1799 QUEUE_RECEIVE_FAILED q1
1799 QUEUE_RECEIVE_FAILED q1
1799 TASK_INCREMENT_TICK 1799
1800 MOVED_TASK_TO_READY_STATE CHECK
1800 TASK_SWITCHED_OUT SUSP_RX
1800 TASK_SWITCHED_IN CHECK
1800 TASK_DELAY CHECK 100
1800 MOVED_TASK_TO_DELAYED_LIST CHECK
1800 TASK_SWITCHED_OUT CHECK
1800 TASK_SWITCHED_IN IDLE
1800 TASK_SWITCHED_OUT IDLE
1800 TASK_SWITCHED_IN CNT_INC
1800 TASK_PRIORITY_SET CNT_INC 1
1800 MOVED_TASK_TO_READY_STATE CNT_INC
1800 TASK_PRIORITY_SET CNT_INC 0
1800 MOVED_TASK_TO_READY_STATE CNT_INC
1800 TASK_SWITCHED_OUT CNT_INC
1800 TASK_SWITCHED_IN SUSP_RX
1800 QUEUE_RECEIVE_FAILED q1
1800 QUEUE_RECEIVE_FAILED q1
1800 QUEUE_RECEIVE_FAILED q1
1800 TASK_INCREMENT_TICK 1800
1801 TASK_SWITCHED_OUT SUSP_RX
1801 TASK_SWITCHED_IN CNT_INC
1801 TASK_PRIORITY_SET CNT_INC 1
1801 MOVED_TASK_TO_READY_STATE CNT_INC
1801 TASK_PRIORITY_SET CNT_INC 0
1801 MOVED_TASK_TO_READY_STATE CNT_INC
1801 TASK_SWITCHED_OUT CNT_INC
1801 TASK_SWITCHED_IN IDLE
1801 TASK_INCREMENT_TICK 1801
1802 TASK_SWITCHED_OUT IDLE
1802 TASK_SWITCHED_IN CNT_INC
1802 TASK_PRIORITY_SET CNT_INC 1
1802 MOVED_TASK_TO_READY_STATE CNT_INC
1802 TASK_PRIORITY_SET CNT_INC 0
1802 MOVED_TASK_TO_READY_STATE CNT_INC
1802 TASK_SWITCHED_OUT CNT_INC
1802 TASK_SWITCHED_IN SUSP_RX
1802 QUEUE_RECEIVE_FAILED q1
1802 QUEUE_RECEIVE_FAILED q1
1802 TASK_INCREMENT_TICK 1802
1802 QUEUE_RECEIVE_FAILED q1
1802 TASK_INCREMENT_TICK 1802
1803 TASK_SWITCHED_OUT SUSP_RX
1803 TASK_SWITCHED_IN IDLE
1803 TASK_SWITCHED_OUT IDLE
1803 TASK_SWITCHED_IN CNT_INC
1803 TASK_PRIORITY_SET CNT_INC 1
1803 MOVED_TASK_TO_READY_STATE CNT_INC
1803 TASK_PRIORITY_SET CNT_INC 0
1803 MOVED_TASK_TO_READY_STATE CNT_INC
1803 TASK_SWITCHED_OUT CNT_INC
1803 TASK_SWITCHED_IN SUSP_RX
1803 QUEUE_RECEIVE_FAILED q1
1803 QUEUE_RECEIVE_FAILED q1
1803 QUEUE_RECEIVE_FAILED q1
1803 TASK_INCREMENT_TICK 1803
1804 TASK_SWITCHED_OUT SUSP_RX
1804 TASK_SWITCHED_IN CNT_INC
1804 TASK_PRIORITY_SET CNT_INC 1
1804 MOVED_TASK_TO_READY_STATE CNT_INC
1804 TASK_PRIORITY_SET CNT_INC 0
1804 MOVED_TASK_TO_READY_STATE CNT_INC
1804 TASK_SWITCHED_OUT CNT_INC
1804 TASK_SWITCHED_IN IDLE
1804 TASK_INCREMENT_TICK 1804
1805 MOVED_TASK_TO_READY_STATE C_CTRL
1805 TASK_SWITCHED_OUT IDLE
1805 TASK_SWITCHED_IN CNT_INC
1805 TASK_PRIORITY_SET CNT_INC 1
1805 MOVED_TASK_TO_READY_STATE CNT_INC
1805 TASK_PRIORITY_SET CNT_INC 0
1805 MOVED_TASK_TO_READY_STATE CNT_INC
1805 TASK_SWITCHED_OUT CNT_INC
1805 TASK_SWITCHED_IN SUSP_RX
1805 QUEUE_RECEIVE_FAILED q1
1805 QUEUE_RECEIVE_FAILED q1
1805 TASK_INCREMENT_TICK 1805
1805 QUEUE_RECEIVE_FAILED q1
1805 TASK_INCREMENT_TICK 1805
1806 TASK_SWITCHED_OUT SUSP_RX
1806 TASK_SWITCHED_IN C_CTRL
1806 TASK_SUSPEND CNT_INC
1806 TASK_RESUME CNT_INC
1806 MOVED_TASK_TO_READY_STATE CNT_INC
1806 TASK_DELAY C_CTRL 128
1806 MOVED_TASK_TO_DELAYED_LIST C_CTRL
1806 TASK_SWITCHED_OUT C_CTRL
1806 TASK_SWITCHED_IN IDLE
1806 TASK_SWITCHED_OUT IDLE
1806 TASK_SWITCHED_IN SUSP_RX
1806 QUEUE_RECEIVE_FAILED q1
1806 QUEUE_RECEIVE_FAILED q1
1806 TASK_INCREMENT_TICK 1806
1806 TASK_INCREMENT_TICK 1806
1807 TASK_SWITCHED_OUT SUSP_RX
1807 TASK_SWITCHED_IN CNT_INC
1807 TASK_PRIORITY_SET CNT_INC 1
1807 MOVED_TASK_TO_READY_STATE CNT_INC
1807 TASK_PRIORITY_SET CNT_INC 0
1807 MOVED_TASK_TO_READY_STATE CNT_INC
1807 TASK_SWITCHED_OUT CNT_INC
1807 TASK_SWITCHED_IN IDLE
1807 TASK_INCREMENT_TICK 1807
1808 MOVED_TASK_TO_READY_STATE SUSP_TX
1808 TASK_SWITCHED_OUT IDLE
1808 TASK_SWITCHED_IN CNT_INC
1808 TASK_PRIORITY_SET CNT_INC 1
1808 MOVED_TASK_TO_READY_STATE CNT_INC
1808 TASK_PRIORITY_SET CNT_INC 0
1808 MOVED_TASK_TO_READY_STATE CNT_INC
1808 TASK_SWITCHED_OUT CNT_INC
1808 TASK_SWITCHED_IN SUSP_RX
1808 QUEUE_RECEIVE_FAILED q1
1808 QUEUE_RECEIVE_FAILED q1
1808 TASK_INCREMENT_TICK 1808
1809 TASK_SWITCHED_OUT SUSP_RX
1809 TASK_SWITCHED_IN SUSP_TX
1809 QUEUE_SEND q1
1809 TASK_DELAY SUSP_TX 128
1809 MOVED_TASK_TO_DELAYED_LIST SUSP_TX
1809 TASK_SWITCHED_OUT SUSP_TX
1809 TASK_SWITCHED_IN IDLE
1809 TASK_SWITCHED_OUT IDLE
1809 TASK_SWITCHED_IN CNT_INC
1809 TASK_PRIORITY_SET CNT_INC 1
1809 MOVED_TASK_TO_READY_STATE CNT_INC
1809 TASK_PRIORITY_SET CNT_INC 0
1809 MOVED_TASK_TO_READY_STATE CNT_INC
1809 TASK_SWITCHED_OUT CNT_INC
1809 TASK_SWITCHED_IN SUSP_RX
1809 QUEUE_RECEIVE q1
1809 QUEUE_RECEIVE_FAILED q1
1809 TASK_INCREMENT_TICK 1809
1809 QUEUE_RECEIVE_FAILED q1
1809 TASK_INCREMENT_TICK 1809
1810 TASK_SWITCHED_OUT SUSP_RX
1810 TASK_SWITCHED_IN CNT_INC
1810 TASK_PRIORITY_SET CNT_INC 1
1810 MOVED_TASK_TO_READY_STATE CNT_INC
1810 TASK_PRIORITY_SET CNT_INC 0
1810 MOVED_TASK_TO_READY_STATE CNT_INC
1810 TASK_SWITCHED_OUT CNT_INC
1810 TASK_SWITCHED_IN IDLE
1810 TASK_INCREMENT_TICK 1810
1811 TASK_SWITCHED_OUT IDLE
1811 TASK_SWITCHED_IN CNT_INC
1811 TASK_PRIORITY_SET CNT_INC 1
1811 MOVED_TASK_TO_READY_STATE CNT_INC
1811 TASK_PRIORITY_SET CNT_INC 0
1811 MOVED_TASK_TO_READY_STATE CNT_INC
1811 TASK_SWITCHED_OUT CNT_INC
1811 TASK_SWITCHED_IN SUSP_RX
1811 QUEUE_RECEIVE_FAILED q1
1811 QUEUE_RECEIVE_FAILED q1
1811 TASK_INCREMENT_TICK 1811
1811 TASK_INCREMENT_TICK 1811
1812 TASK_SWITCHED_OUT SUSP_RX
1812 TASK_SWITCHED_IN IDLE
1812 TASK_SWITCHED_OUT IDLE
1812 TASK_SWITCHED_IN CNT_INC
1812 TASK_PRIORITY_SET CNT_INC 1
1812 MOVED_TASK_TO_READY_STATE CNT_INC
1812 TASK_PRIORITY_SET CNT_INC 0
1812 MOVED_TASK_TO_READY_STATE CNT_INC
1812 TASK_SWITCHED_OUT CNT_INC
1812 TASK_SWITCHED_IN SUSP_RX
1812 QUEUE_RECEIVE_FAILED q1
1812 QUEUE_RECEIVE_FAILED q1
1812 QUEUE_RECEIVE_FAILED q1
1812 TASK_INCREMENT_TICK 1812
1812 QUEUE_RECEIVE_FAILED q1
1812 TASK_INCREMENT_TICK 1812
1813 TASK_SWITCHED_OUT SUSP_RX
1813 TASK_SWITCHED_IN CNT_INC
1813 TASK_PRIORITY_SET CNT_INC 1
1813 MOVED_TASK_TO_READY_STATE CNT_INC
1813 TASK_PRIORITY_SET CNT_INC 0
1813 MOVED_TASK_TO_READY_STATE CNT_INC
1813 TASK_SWITCHED_OUT CNT_INC
1813 TASK_SWITCHED_IN IDLE
1813 TASK_INCREMENT_TICK 1813
1814 TASK_SWITCHED_OUT IDLE
1814 TASK_SWITCHED_IN CNT_INC
1814 TASK_PRIORITY_SET CNT_INC 1
1814 MOVED_TASK_TO_READY_STATE CNT_INC
1814 TASK_PRIORITY_SET CNT_INC 0
1814 MOVED_TASK_TO_READY_STATE CNT_INC
1814 TASK_SWITCHED_OUT CNT_INC
1814 TASK_SWITCHED_IN SUSP_RX
1814 QUEUE_RECEIVE_FAILED q1
1814 QUEUE_RECEIVE_FAILED q1
1814 TASK_INCREMENT_TICK 1814
1814 TASK_INCREMENT_TICK 1814
1815 TASK_SWITCHED_OUT SUSP_RX
1815 TASK_SWITCHED_IN IDLE
1815 TASK_SWITCHED_OUT IDLE
1815 TASK_SWITCHED_IN CNT_INC
1815 TASK_PRIORITY_SET CNT_INC 1
1815 MOVED_TASK_TO_READY_STATE CNT_INC
1815 TASK_PRIORITY_SET CNT_INC 0
1815 MOVED_TASK_TO_READY_STATE CNT_INC
1815 TASK_SWITCHED_OUT CNT_INC
1815 TASK_SWITCHED_IN SUSP_RX
1815 QUEUE_RECEIVE_FAILED q1
1815 QUEUE_RECEIVE_FAILED q1
1815 QUEUE_RECEIVE_FAILED q1
1815 TASK_INCREMENT_TICK 1815
1815 QUEUE_RECEIVE_FAILED q1
1815 TASK_INCREMENT_TICK 1815
1816 TASK_SWITCHED_OUT SUSP_RX
1816 TASK_SWITCHED_IN CNT_INC
1816 TASK_PRIORITY_SET CNT_INC 1
1816 MOVED_TASK_TO_READY_STATE CNT_INC
1816 TASK_PRIORITY_SET CNT_INC 0
1816 MOVED_TASK_TO_READY_STATE CNT_INC
1816 TASK_SWITCHED_OUT CNT_INC
1816 TASK_SWITCHED_IN IDLE
1816 TASK_INCREMENT_TICK 1816
1817 TASK_SWITCHED_OUT IDLE
1817 TASK_SWITCHED_IN CNT_INC
1817 TASK_PRIORITY_SET CNT_INC 1
1817 MOVED_TASK_TO_READY_STATE CNT_INC
1817 TASK_PRIORITY_SET CNT_INC 0
1817 MOVED_TASK_TO_READY_STATE CNT_INC
1817 TASK_SWITCHED_OUT CNT_INC
1817 TASK_SWITCHED_IN SUSP_RX
1817 QUEUE_RECEIVE_FAILED q1
1817 QUEUE_RECEIVE_FAILED q1
1817 TASK_INCREMENT_TICK 1817
1817 TASK_INCREMENT_TICK 1817
1818 TASK_SWITCHED_OUT SUSP_RX
1818 TASK_SWITCHED_IN IDLE
1818 TASK_SWITCHED_OUT IDLE
1818 TASK_SWITCHED_IN CNT_INC
1818 TASK_PRIORITY_SET CNT_INC 1
1818 MOVED_TASK_TO_READY_STATE CNT_INC
1818 TASK_PRIORITY_SET CNT_INC 0
1818 MOVED_TASK_TO_READY_STATE CNT_INC
1818 TASK_SWITCHED_OUT CNT_INC
1818 TASK_SWITCHED_IN SUSP_RX
1818 QUEUE_RECEIVE_FAILED q1
1818 QUEUE_RECEIVE_FAILED q1
1818 QUEUE_RECEIVE_FAILED q1
1818 TASK_INCREMENT_TICK 1818
1818 QUEUE_RECEIVE_FAILED q1
1818 TASK_INCREMENT_TICK 1818
1819 TASK_SWITCHED_OUT SUSP_RX
1819 TASK_SWITCHED_IN CNT_INC
1819 TASK_PRIORITY_SET CNT_INC 1
1819 MOVED_TASK_TO_READY_STATE CNT_INC
1819 TASK_PRIORITY_SET CNT_INC 0
1819 MOVED_TASK_TO_READY_STATE CNT_INC
1819 TASK_SWITCHED_OUT CNT_INC
1819 TASK_SWITCHED_IN IDLE
1819 TASK_INCREMENT_TICK 1819
1820 TASK_SWITCHED_OUT IDLE
1820 TASK_SWITCHED_IN CNT_INC
1820 TASK_PRIORITY_SET CNT_INC 1
1820 MOVED_TASK_TO_READY_STATE CNT_INC
1820 TASK_PRIORITY_SET CNT_INC 0
1820 MOVED_TASK_TO_READY_STATE CNT_INC
1820 TASK_SWITCHED_OUT CNT_INC
1820 TASK_SWITCHED_IN SUSP_RX
1820 QUEUE_RECEIVE_FAILED q1
1820 QUEUE_RECEIVE_FAILED q1
1820 TASK_INCREMENT_TICK 1820
1820 TASK_INCREMENT_TICK 1820
1821 TASK_SWITCHED_OUT SUSP_RX
1821 TASK_SWITCHED_IN IDLE
1821 TASK_SWITCHED_OUT IDLE
1821 TASK_SWITCHED_IN CNT_INC
1821 TASK_PRIORITY_SET CNT_INC 1
1821 MOVED_TASK_TO_READY_STATE CNT_INC
1821 TASK_PRIORITY_SET CNT_INC 0
1821 MOVED_TASK_TO_READY_STATE CNT_INC
1821 TASK_SWITCHED_OUT CNT_INC
1821 TASK_SWITCHED_IN SUSP_RX
1821 QUEUE_RECEIVE_FAILED q1
1821 QUEUE_RECEIVE_FAILED q1
1821 QUEUE_RECEIVE_FAILED q1
1821 TASK_INCREMENT_TICK 1821
1821 QUEUE_RECEIVE_FAILED q1
1821 TASK_INCREMENT_TICK 1821
1822 TASK_SWITCHED_OUT SUSP_RX
1822 TASK_SWITCHED_IN CNT_INC
1822 TASK_PRIORITY_SET CNT_INC 1
1822 MOVED_TASK_TO_READY_STATE CNT_INC
1822 TASK_PRIORITY_SET CNT_INC 0
1822 MOVED_TASK_TO_READY_STATE CNT_INC
1822 TASK_SWITCHED_OUT CNT_INC
1822 TASK_SWITCHED_IN IDLE
1822 TASK_INCREMENT_TICK 1822
1823 TASK_SWITCHED_OUT IDLE
1823 TASK_SWITCHED_IN CNT_INC
1823 TASK_PRIORITY_SET CNT_INC 1
1823 MOVED_TASK_TO_READY_STATE CNT_INC
1823 TASK_PRIORITY_SET CNT_INC 0
1823 MOVED_TASK_TO_READY_STATE CNT_INC
1823 TASK_SWITCHED_OUT CNT_INC
1823 TASK_SWITCHED_IN SUSP_RX
1823 QUEUE_RECEIVE_FAILED q1
1823 QUEUE_RECEIVE_FAILED q1
1823 TASK_INCREMENT_TICK 1823
1823 TASK_INCREMENT_TICK 1823
1824 TASK_SWITCHED_OUT SUSP_RX
1824 TASK_SWITCHED_IN IDLE
1824 TASK_SWITCHED_OUT IDLE
1824 TASK_SWITCHED_IN CNT_INC
1824 TASK_PRIORITY_SET CNT_INC 1
1824 MOVED_TASK_TO_READY_STATE CNT_INC
1824 TASK_PRIORITY_SET CNT_INC 0
1824 MOVED_TASK_TO_READY_STATE CNT_INC
1824 TASK_SWITCHED_OUT CNT_INC
1824 TASK_SWITCHED_IN SUSP_RX
1824 QUEUE_RECEIVE_FAILED q1
1824 QUEUE_RECEIVE_FAILED q1
1824 QUEUE_RECEIVE_FAILED q1
1824 TASK_INCREMENT_TICK 1824
1824 QUEUE_RECEIVE_FAILED q1
1824 TASK_INCREMENT_TICK 1824
1825 TASK_SWITCHED_OUT SUSP_RX
1825 TASK_SWITCHED_IN CNT_INC
1825 TASK_PRIORITY_SET CNT_INC 1
1825 MOVED_TASK_TO_READY_STATE CNT_INC
1825 TASK_PRIORITY_SET CNT_INC 0
1825 MOVED_TASK_TO_READY_STATE CNT_INC
1825 TASK_SWITCHED_OUT CNT_INC
1825 TASK_SWITCHED_IN IDLE
1825 TASK_INCREMENT_TICK 1825
1826 TASK_SWITCHED_OUT IDLE
1826 TASK_SWITCHED_IN CNT_INC
1826 TASK_PRIORITY_SET CNT_INC 1
1826 MOVED_TASK_TO_READY_STATE CNT_INC
1826 TASK_PRIORITY_SET CNT_INC 0
1826 MOVED_TASK_TO_READY_STATE CNT_INC
1826 TASK_SWITCHED_OUT CNT_INC
1826 TASK_SWITCHED_IN SUSP_RX
1826 QUEUE_RECEIVE_FAILED q1
1826 QUEUE_RECEIVE_FAILED q1
1826 TASK_INCREMENT_TICK 1826
1826 TASK_INCREMENT_TICK 1826
1827 TASK_SWITCHED_OUT SUSP_RX
1827 TASK_SWITCHED_IN IDLE
1827 TASK_SWITCHED_OUT IDLE
1827 TASK_SWITCHED_IN CNT_INC
1827 TASK_PRIORITY_SET CNT_INC 1
1827 MOVED_TASK_TO_READY_STATE CNT_INC
1827 TASK_PRIORITY_SET CNT_INC 0
1827 MOVED_TASK_TO_READY_STATE CNT_INC
1827 TASK_SWITCHED_OUT CNT_INC
1827 TASK_SWITCHED_IN SUSP_RX
1827 QUEUE_RECEIVE_FAILED q1
1827 QUEUE_RECEIVE_FAILED q1
1827 QUEUE_RECEIVE_FAILED q1
1827 TASK_INCREMENT_TICK 1827
1827 QUEUE_RECEIVE_FAILED q1
1827 TASK_INCREMENT_TICK 1827
1828 TASK_SWITCHED_OUT SUSP_RX
1828 TASK_SWITCHED_IN CNT_INC
1828 TASK_PRIORITY_SET CNT_INC 1
1828 MOVED_TASK_TO_READY_STATE CNT_INC
1828 TASK_PRIORITY_SET CNT_INC 0
1828 MOVED_TASK_TO_READY_STATE CNT_INC
1828 TASK_SWITCHED_OUT CNT_INC
1828 TASK_SWITCHED_IN IDLE
1828 TASK_INCREMENT_TICK 1828
1829 TASK_SWITCHED_OUT IDLE
1829 TASK_SWITCHED_IN CNT_INC
1829 TASK_PRIORITY_SET CNT_INC 1
1829 MOVED_TASK_TO_READY_STATE CNT_INC
1829 TASK_PRIORITY_SET CNT_INC 0
1829 MOVED_TASK_TO_READY_STATE CNT_INC
1829 TASK_SWITCHED_OUT CNT_INC
1829 TASK_SWITCHED_IN SUSP_RX
1829 QUEUE_RECEIVE_FAILED q1
1829 QUEUE_RECEIVE_FAILED q1
1829 TASK_INCREMENT_TICK 1829
1829 TASK_INCREMENT_TICK 1829
1830 TASK_SWITCHED_OUT SUSP_RX
1830 TASK_SWITCHED_IN IDLE
1830 TASK_SWITCHED_OUT IDLE
1830 TASK_SWITCHED_IN CNT_INC
1830 TASK_PRIORITY_SET CNT_INC 1
1830 MOVED_TASK_TO_READY_STATE CNT_INC
1830 TASK_PRIORITY_SET CNT_INC 0
1830 MOVED_TASK_TO_READY_STATE CNT_INC
1830 TASK_SWITCHED_OUT CNT_INC
1830 TASK_SWITCHED_IN SUSP_RX
1830 QUEUE_RECEIVE_FAILED q1
1830 QUEUE_RECEIVE_FAILED q1
1830 QUEUE_RECEIVE_FAILED q1
1830 TASK_INCREMENT_TICK 1830
1830 QUEUE_RECEIVE_FAILED q1
1830 TASK_INCREMENT_TICK 1830
1831 TASK_SWITCHED_OUT SUSP_RX
1831 TASK_SWITCHED_IN CNT_INC
1831 TASK_PRIORITY_SET CNT_INC 1
1831 MOVED_TASK_TO_READY_STATE CNT_INC
1831 TASK_PRIORITY_SET CNT_INC 0
1831 MOVED_TASK_TO_READY_STATE CNT_INC
1831 TASK_SWITCHED_OUT CNT_INC
1831 TASK_SWITCHED_IN IDLE
1831 TASK_INCREMENT_TICK 1831
1832 TASK_SWITCHED_OUT IDLE
1832 TASK_SWITCHED_IN CNT_INC
1832 TASK_PRIORITY_SET CNT_INC 1
1832 MOVED_TASK_TO_READY_STATE CNT_INC
1832 TASK_PRIORITY_SET CNT_INC 0
1832 MOVED_TASK_TO_READY_STATE CNT_INC
1832 TASK_SWITCHED_OUT CNT_INC
1832 TASK_SWITCHED_IN SUSP_RX
1832 QUEUE_RECEIVE_FAILED q1
1832 QUEUE_RECEIVE_FAILED q1
1832 TASK_INCREMENT_TICK 1832
1832 TASK_INCREMENT_TICK 1832
1833 TASK_SWITCHED_OUT SUSP_RX
1833 TASK_SWITCHED_IN IDLE
1833 TASK_SWITCHED_OUT IDLE
1833 TASK_SWITCHED_IN CNT_INC
1833 TASK_PRIORITY_SET CNT_INC 1
1833 MOVED_TASK_TO_READY_STATE CNT_INC
1833 TASK_PRIORITY_SET CNT_INC 0
1833 MOVED_TASK_TO_READY_STATE CNT_INC
1833 TASK_SWITCHED_OUT CNT_INC
1833 TASK_SWITCHED_IN SUSP_RX
1833 QUEUE_RECEIVE_FAILED q1
1833 QUEUE_RECEIVE_FAILED q1
1833 QUEUE_RECEIVE_FAILED q1
1833 TASK_INCREMENT_TICK 1833
1833 QUEUE_RECEIVE_FAILED q1
1833 TASK_INCREMENT_TICK 1833
1834 TASK_SWITCHED_OUT SUSP_RX
1834 TASK_SWITCHED_IN CNT_INC
1834 TASK_PRIORITY_SET CNT_INC 1
1834 MOVED_TASK_TO_READY_STATE CNT_INC
1834 TASK_PRIORITY_SET CNT_INC 0
1834 MOVED_TASK_TO_READY_STATE CNT_INC
1834 TASK_SWITCHED_OUT CNT_INC
1834 TASK_SWITCHED_IN IDLE
1834 TASK_INCREMENT_TICK 1834
1835 TASK_SWITCHED_OUT IDLE
1835 TASK_SWITCHED_IN CNT_INC
1835 TASK_PRIORITY_SET CNT_INC 1
1835 MOVED_TASK_TO_READY_STATE CNT_INC
1835 TASK_PRIORITY_SET CNT_INC 0
1835 MOVED_TASK_TO_READY_STATE CNT_INC
1835 TASK_SWITCHED_OUT CNT_INC
1835 TASK_SWITCHED_IN SUSP_RX
1835 QUEUE_RECEIVE_FAILED q1
1835 QUEUE_RECEIVE_FAILED q1
1835 TASK_INCREMENT_TICK 1835
1835 TASK_INCREMENT_TICK 1835
1836 TASK_SWITCHED_OUT SUSP_RX
1836 TASK_SWITCHED_IN IDLE
1836 TASK_SWITCHED_OUT IDLE
1836 TASK_SWITCHED_IN CNT_INC
1836 TASK_PRIORITY_SET CNT_INC 1
1836 MOVED_TASK_TO_READY_STATE CNT_INC
1836 TASK_PRIORITY_SET CNT_INC 0
1836 MOVED_TASK_TO_READY_STATE CNT_INC
1836 TASK_SWITCHED_OUT CNT_INC
1836 TASK_SWITCHED_IN SUSP_RX
1836 QUEUE_RECEIVE_FAILED q1
1836 QUEUE_RECEIVE_FAILED q1
1836 QUEUE_RECEIVE_FAILED q1
1836 TASK_INCREMENT_TICK 1836
1836 QUEUE_RECEIVE_FAILED q1
1836 TASK_INCREMENT_TICK 1836
1837 TASK_SWITCHED_OUT SUSP_RX
1837 TASK_SWITCHED_IN CNT_INC
1837 TASK_PRIORITY_SET CNT_INC 1
1837 MOVED_TASK_TO_READY_STATE CNT_INC
1837 TASK_PRIORITY_SET CNT_INC 0
1837 MOVED_TASK_TO_READY_STATE CNT_INC
1837 TASK_SWITCHED_OUT CNT_INC
1837 TASK_SWITCHED_IN IDLE
1837 TASK_INCREMENT_TICK 1837
1838 TASK_SWITCHED_OUT IDLE
1838 TASK_SWITCHED_IN CNT_INC
1838 TASK_PRIORITY_SET CNT_INC 1
1838 MOVED_TASK_TO_READY_STATE CNT_INC
1838 TASK_PRIORITY_SET CNT_INC 0
1838 MOVED_TASK_TO_READY_STATE CNT_INC
1838 TASK_SWITCHED_OUT CNT_INC
1838 TASK_SWITCHED_IN SUSP_RX
1838 QUEUE_RECEIVE_FAILED q1
1838 QUEUE_RECEIVE_FAILED q1
1838 TASK_INCREMENT_TICK 1838
1838 TASK_INCREMENT_TICK 1838
1839 TASK_SWITCHED_OUT SUSP_RX
1839 TASK_SWITCHED_IN IDLE
1839 TASK_SWITCHED_OUT IDLE
1839 TASK_SWITCHED_IN CNT_INC
1839 TASK_PRIORITY_SET CNT_INC 1
1839 MOVED_TASK_TO_READY_STATE CNT_INC
1839 TASK_PRIORITY_SET CNT_INC 0
1839 MOVED_TASK_TO_READY_STATE CNT_INC
1839 TASK_SWITCHED_OUT CNT_INC
1839 TASK_SWITCHED_IN SUSP_RX
1839 QUEUE_RECEIVE_FAILED q1
1839 QUEUE_RECEIVE_FAILED q1
1839 QUEUE_RECEIVE_FAILED q1
1839 TASK_INCREMENT_TICK 1839
1839 QUEUE_RECEIVE_FAILED q1
1839 TASK_INCREMENT_TICK 1839
1840 TASK_SWITCHED_OUT SUSP_RX
1840 TASK_SWITCHED_IN CNT_INC
1840 TASK_PRIORITY_SET CNT_INC 1
1840 MOVED_TASK_TO_READY_STATE CNT_INC
1840 TASK_PRIORITY_SET CNT_INC 0
1840 MOVED_TASK_TO_READY_STATE CNT_INC
1840 TASK_SWITCHED_OUT CNT_INC
1840 TASK_SWITCHED_IN IDLE
1840 TASK_INCREMENT_TICK 1840
1841 TASK_SWITCHED_OUT IDLE
1841 TASK_SWITCHED_IN CNT_INC
1841 TASK_PRIORITY_SET CNT_INC 1
1841 MOVED_TASK_TO_READY_STATE CNT_INC
1841 TASK_PRIORITY_SET CNT_INC 0
1841 MOVED_TASK_TO_READY_STATE CNT_INC
1841 TASK_SWITCHED_OUT CNT_INC
1841 TASK_SWITCHED_IN SUSP_RX
1841 QUEUE_RECEIVE_FAILED q1
1841 QUEUE_RECEIVE_FAILED q1
1841 TASK_INCREMENT_TICK 1841
1841 TASK_INCREMENT_TICK 1841
1842 TASK_SWITCHED_OUT SUSP_RX
1842 TASK_SWITCHED_IN IDLE
1842 TASK_SWITCHED_OUT IDLE
1842 TASK_SWITCHED_IN CNT_INC
1842 TASK_PRIORITY_SET CNT_INC 1
1842 MOVED_TASK_TO_READY_STATE CNT_INC
1842 TASK_PRIORITY_SET CNT_INC 0
1842 MOVED_TASK_TO_READY_STATE CNT_INC
1842 TASK_SWITCHED_OUT CNT_INC
1842 TASK_SWITCHED_IN SUSP_RX
1842 QUEUE_RECEIVE_FAILED q1
1842 QUEUE_RECEIVE_FAILED q1
1842 QUEUE_RECEIVE_FAILED q1
1842 TASK_INCREMENT_TICK 1842
1842 QUEUE_RECEIVE_FAILED q1
1842 TASK_INCREMENT_TICK 1842
1843 TASK_SWITCHED_OUT SUSP_RX
1843 TASK_SWITCHED_IN CNT_INC
1843 TASK_PRIORITY_SET CNT_INC 1
1843 MOVED_TASK_TO_READY_STATE CNT_INC
1843 TASK_PRIORITY_SET CNT_INC 0
1843 MOVED_TASK_TO_READY_STATE CNT_INC
1843 TASK_SWITCHED_OUT CNT_INC
1843 TASK_SWITCHED_IN IDLE
1843 TASK_INCREMENT_TICK 1843
1844 TASK_SWITCHED_OUT IDLE
1844 TASK_SWITCHED_IN CNT_INC
1844 TASK_PRIORITY_SET CNT_INC 1
1844 MOVED_TASK_TO_READY_STATE CNT_INC
1844 TASK_PRIORITY_SET CNT_INC 0
1844 MOVED_TASK_TO_READY_STATE CNT_INC
1844 TASK_SWITCHED_OUT CNT_INC
1844 TASK_SWITCHED_IN SUSP_RX
1844 QUEUE_RECEIVE_FAILED q1
1844 QUEUE_RECEIVE_FAILED q1
1844 TASK_INCREMENT_TICK 1844
1844 TASK_INCREMENT_TICK 1844
1845 TASK_SWITCHED_OUT SUSP_RX
1845 TASK_SWITCHED_IN IDLE
1845 TASK_SWITCHED_OUT IDLE
1845 TASK_SWITCHED_IN CNT_INC
1845 TASK_PRIORITY_SET CNT_INC 1
1845 MOVED_TASK_TO_READY_STATE CNT_INC
1845 TASK_PRIORITY_SET CNT_INC 0
1845 MOVED_TASK_TO_READY_STATE CNT_INC
1845 TASK_SWITCHED_OUT CNT_INC
1845 TASK_SWITCHED_IN SUSP_RX
1845 QUEUE_RECEIVE_FAILED q1
1845 QUEUE_RECEIVE_FAILED q1
1845 QUEUE_RECEIVE_FAILED q1
1845 TASK_INCREMENT_TICK 1845
1845 QUEUE_RECEIVE_FAILED q1
1845 TASK_INCREMENT_TICK 1845
1846 TASK_SWITCHED_OUT SUSP_RX
1846 TASK_SWITCHED_IN CNT_INC
1846 TASK_PRIORITY_SET CNT_INC 1
1846 MOVED_TASK_TO_READY_STATE CNT_INC
1846 TASK_PRIORITY_SET CNT_INC 0
1846 MOVED_TASK_TO_READY_STATE CNT_INC
1846 TASK_SWITCHED_OUT CNT_INC
1846 TASK_SWITCHED_IN IDLE
1846 TASK_INCREMENT_TICK 1846
1847 TASK_SWITCHED_OUT IDLE
1847 TASK_SWITCHED_IN CNT_INC
1847 TASK_PRIORITY_SET CNT_INC 1
1847 MOVED_TASK_TO_READY_STATE CNT_INC
1847 TASK_PRIORITY_SET CNT_INC 0
1847 MOVED_TASK_TO_READY_STATE CNT_INC
1847 TASK_SWITCHED_OUT CNT_INC
1847 TASK_SWITCHED_IN SUSP_RX
1847 QUEUE_RECEIVE_FAILED q1
1847 QUEUE_RECEIVE_FAILED q1
1847 TASK_INCREMENT_TICK 1847
1847 TASK_INCREMENT_TICK 1847
1848 TASK_SWITCHED_OUT SUSP_RX
1848 TASK_SWITCHED_IN IDLE
1848 TASK_SWITCHED_OUT IDLE
1848 TASK_SWITCHED_IN CNT_INC
1848 TASK_PRIORITY_SET CNT_INC 1
1848 MOVED_TASK_TO_READY_STATE CNT_INC
1848 TASK_PRIORITY_SET CNT_INC 0
1848 MOVED_TASK_TO_READY_STATE CNT_INC
1848 TASK_SWITCHED_OUT CNT_INC
1848 TASK_SWITCHED_IN SUSP_RX
1848 QUEUE_RECEIVE_FAILED q1
1848 QUEUE_RECEIVE_FAILED q1
1848 QUEUE_RECEIVE_FAILED q1
1848 TASK_INCREMENT_TICK 1848
1848 QUEUE_RECEIVE_FAILED q1
1848 TASK_INCREMENT_TICK 1848
1849 TASK_SWITCHED_OUT SUSP_RX
1849 TASK_SWITCHED_IN CNT_INC
1849 TASK_PRIORITY_SET CNT_INC 1
1849 MOVED_TASK_TO_READY_STATE CNT_INC
1849 TASK_PRIORITY_SET CNT_INC 0
1849 MOVED_TASK_TO_READY_STATE CNT_INC
1849 TASK_SWITCHED_OUT CNT_INC
1849 TASK_SWITCHED_IN IDLE
1849 TASK_INCREMENT_TICK 1849
1850 TASK_SWITCHED_OUT IDLE
1850 TASK_SWITCHED_IN CNT_INC
1850 TASK_PRIORITY_SET CNT_INC 1
1850 MOVED_TASK_TO_READY_STATE CNT_INC
1850 TASK_PRIORITY_SET CNT_INC 0
1850 MOVED_TASK_TO_READY_STATE CNT_INC
1850 TASK_SWITCHED_OUT CNT_INC
1850 TASK_SWITCHED_IN SUSP_RX
1850 QUEUE_RECEIVE_FAILED q1
1850 QUEUE_RECEIVE_FAILED q1
1850 TASK_INCREMENT_TICK 1850
1850 TASK_INCREMENT_TICK 1850
1851 TASK_SWITCHED_OUT SUSP_RX
1851 TASK_SWITCHED_IN IDLE
1851 TASK_SWITCHED_OUT IDLE
1851 TASK_SWITCHED_IN CNT_INC
1851 TASK_PRIORITY_SET CNT_INC 1
1851 MOVED_TASK_TO_READY_STATE CNT_INC
1851 TASK_PRIORITY_SET CNT_INC 0
1851 MOVED_TASK_TO_READY_STATE CNT_INC
1851 TASK_SWITCHED_OUT CNT_INC
1851 TASK_SWITCHED_IN SUSP_RX
1851 QUEUE_RECEIVE_FAILED q1
1851 QUEUE_RECEIVE_FAILED q1
1851 QUEUE_RECEIVE_FAILED q1
1851 TASK_INCREMENT_TICK 1851
1851 QUEUE_RECEIVE_FAILED q1
1851 TASK_INCREMENT_TICK 1851
1852 TASK_SWITCHED_OUT SUSP_RX
1852 TASK_SWITCHED_IN CNT_INC
1852 TASK_PRIORITY_SET CNT_INC 1
1852 MOVED_TASK_TO_READY_STATE CNT_INC
1852 TASK_PRIORITY_SET CNT_INC 0
1852 MOVED_TASK_TO_READY_STATE CNT_INC
1852 TASK_SWITCHED_OUT CNT_INC
1852 TASK_SWITCHED_IN IDLE
1852 TASK_INCREMENT_TICK 1852
1853 TASK_SWITCHED_OUT IDLE
1853 TASK_SWITCHED_IN CNT_INC
1853 TASK_PRIORITY_SET CNT_INC 1
1853 MOVED_TASK_TO_READY_STATE CNT_INC
1853 TASK_PRIORITY_SET CNT_INC 0
1853 MOVED_TASK_TO_READY_STATE CNT_INC
1853 TASK_SWITCHED_OUT CNT_INC
1853 TASK_SWITCHED_IN SUSP_RX
1853 QUEUE_RECEIVE_FAILED q1
1853 QUEUE_RECEIVE_FAILED q1
1853 TASK_INCREMENT_TICK 1853
1853 TASK_INCREMENT_TICK 1853
1854 TASK_SWITCHED_OUT SUSP_RX
1854 TASK_SWITCHED_IN IDLE
1854 TASK_SWITCHED_OUT IDLE
1854 TASK_SWITCHED_IN CNT_INC
1854 TASK_PRIORITY_SET CNT_INC 1
1854 MOVED_TASK_TO_READY_STATE CNT_INC
1854 TASK_PRIORITY_SET CNT_INC 0
1854 MOVED_TASK_TO_READY_STATE CNT_INC
1854 TASK_SWITCHED_OUT CNT_INC
1854 TASK_SWITCHED_IN SUSP_RX
1854 QUEUE_RECEIVE_FAILED q1
1854 QUEUE_RECEIVE_FAILED q1
1854 QUEUE_RECEIVE_FAILED q1
1854 TASK_INCREMENT_TICK 1854
1854 QUEUE_RECEIVE_FAILED q1
1854 TASK_INCREMENT_TICK 1854
1855 TASK_SWITCHED_OUT SUSP_RX
1855 TASK_SWITCHED_IN CNT_INC
1855 TASK_PRIORITY_SET CNT_INC 1
1855 MOVED_TASK_TO_READY_STATE CNT_INC
1855 TASK_PRIORITY_SET CNT_INC 0
1855 MOVED_TASK_TO_READY_STATE CNT_INC
1855 TASK_SWITCHED_OUT CNT_INC
1855 TASK_SWITCHED_IN IDLE
1855 TASK_INCREMENT_TICK 1855
1856 TASK_SWITCHED_OUT IDLE
1856 TASK_SWITCHED_IN CNT_INC
1856 TASK_PRIORITY_SET CNT_INC 1
1856 MOVED_TASK_TO_READY_STATE CNT_INC
1856 TASK_PRIORITY_SET CNT_INC 0
1856 MOVED_TASK_TO_READY_STATE CNT_INC
1856 TASK_SWITCHED_OUT CNT_INC
1856 TASK_SWITCHED_IN SUSP_RX
1856 QUEUE_RECEIVE_FAILED q1
1856 QUEUE_RECEIVE_FAILED q1
1856 TASK_INCREMENT_TICK 1856
1856 TASK_INCREMENT_TICK 1856
1857 TASK_SWITCHED_OUT SUSP_RX
1857 TASK_SWITCHED_IN IDLE
1857 TASK_SWITCHED_OUT IDLE
1857 TASK_SWITCHED_IN CNT_INC
1857 TASK_PRIORITY_SET CNT_INC 1
1857 MOVED_TASK_TO_READY_STATE CNT_INC
1857 TASK_PRIORITY_SET CNT_INC 0
1857 MOVED_TASK_TO_READY_STATE CNT_INC
1857 TASK_SWITCHED_OUT CNT_INC
1857 TASK_SWITCHED_IN SUSP_RX
1857 QUEUE_RECEIVE_FAILED q1
1857 QUEUE_RECEIVE_FAILED q1
1857 QUEUE_RECEIVE_FAILED q1
1857 TASK_INCREMENT_TICK 1857
1857 QUEUE_RECEIVE_FAILED q1
1857 TASK_INCREMENT_TICK 1857
1858 TASK_SWITCHED_OUT SUSP_RX
1858 TASK_SWITCHED_IN CNT_INC
1858 TASK_PRIORITY_SET CNT_INC 1
1858 MOVED_TASK_TO_READY_STATE CNT_INC
1858 TASK_PRIORITY_SET CNT_INC 0
1858 MOVED_TASK_TO_READY_STATE CNT_INC
1858 TASK_SWITCHED_OUT CNT_INC
1858 TASK_SWITCHED_IN IDLE
1858 TASK_INCREMENT_TICK 1858
1859 TASK_SWITCHED_OUT IDLE
1859 TASK_SWITCHED_IN CNT_INC
1859 TASK_PRIORITY_SET CNT_INC 1
1859 MOVED_TASK_TO_READY_STATE CNT_INC
1859 TASK_PRIORITY_SET CNT_INC 0
1859 MOVED_TASK_TO_READY_STATE CNT_INC
1859 TASK_SWITCHED_OUT CNT_INC
1859 TASK_SWITCHED_IN SUSP_RX
1859 QUEUE_RECEIVE_FAILED q1
1859 QUEUE_RECEIVE_FAILED q1
1859 TASK_INCREMENT_TICK 1859
1859 TASK_INCREMENT_TICK 1859
1860 TASK_SWITCHED_OUT SUSP_RX
1860 TASK_SWITCHED_IN IDLE
1860 TASK_SWITCHED_OUT IDLE
1860 TASK_SWITCHED_IN CNT_INC
1860 TASK_PRIORITY_SET CNT_INC 1
1860 MOVED_TASK_TO_READY_STATE CNT_INC
1860 TASK_PRIORITY_SET CNT_INC 0
1860 MOVED_TASK_TO_READY_STATE CNT_INC
1860 TASK_SWITCHED_OUT CNT_INC
1860 TASK_SWITCHED_IN SUSP_RX
1860 QUEUE_RECEIVE_FAILED q1
1860 QUEUE_RECEIVE_FAILED q1
1860 QUEUE_RECEIVE_FAILED q1
1860 TASK_INCREMENT_TICK 1860
1860 QUEUE_RECEIVE_FAILED q1
1860 TASK_INCREMENT_TICK 1860
1861 TASK_SWITCHED_OUT SUSP_RX
1861 TASK_SWITCHED_IN CNT_INC
1861 TASK_PRIORITY_SET CNT_INC 1
1861 MOVED_TASK_TO_READY_STATE CNT_INC
1861 TASK_PRIORITY_SET CNT_INC 0
1861 MOVED_TASK_TO_READY_STATE CNT_INC
1861 TASK_SWITCHED_OUT CNT_INC
1861 TASK_SWITCHED_IN IDLE
1861 TASK_INCREMENT_TICK 1861
1862 TASK_SWITCHED_OUT IDLE
1862 TASK_SWITCHED_IN CNT_INC
1862 TASK_PRIORITY_SET CNT_INC 1
1862 MOVED_TASK_TO_READY_STATE CNT_INC
1862 TASK_PRIORITY_SET CNT_INC 0
1862 MOVED_TASK_TO_READY_STATE CNT_INC
1862 TASK_SWITCHED_OUT CNT_INC
1862 TASK_SWITCHED_IN SUSP_RX
1862 QUEUE_RECEIVE_FAILED q1
1862 QUEUE_RECEIVE_FAILED q1
1862 TASK_INCREMENT_TICK 1862
1862 TASK_INCREMENT_TICK 1862
1863 TASK_SWITCHED_OUT SUSP_RX
1863 TASK_SWITCHED_IN IDLE
1863 TASK_SWITCHED_OUT IDLE
1863 TASK_SWITCHED_IN CNT_INC
1863 TASK_PRIORITY_SET CNT_INC 1
1863 MOVED_TASK_TO_READY_STATE CNT_INC
1863 TASK_PRIORITY_SET CNT_INC 0
1863 MOVED_TASK_TO_READY_STATE CNT_INC
1863 TASK_SWITCHED_OUT CNT_INC
1863 TASK_SWITCHED_IN SUSP_RX
1863 QUEUE_RECEIVE_FAILED q1
1863 QUEUE_RECEIVE_FAILED q1
1863 QUEUE_RECEIVE_FAILED q1
1863 TASK_INCREMENT_TICK 1863
1863 QUEUE_RECEIVE_FAILED q1
1863 TASK_INCREMENT_TICK 1863
1864 TASK_SWITCHED_OUT SUSP_RX
1864 TASK_SWITCHED_IN CNT_INC
1864 TASK_PRIORITY_SET CNT_INC 1
1864 MOVED_TASK_TO_READY_STATE CNT_INC
1864 TASK_PRIORITY_SET CNT_INC 0
1864 MOVED_TASK_TO_READY_STATE CNT_INC
1864 TASK_SWITCHED_OUT CNT_INC
1864 TASK_SWITCHED_IN IDLE
1864 TASK_INCREMENT_TICK 1864
1865 TASK_SWITCHED_OUT IDLE
1865 TASK_SWITCHED_IN CNT_INC
1865 TASK_PRIORITY_SET CNT_INC 1
1865 MOVED_TASK_TO_READY_STATE CNT_INC
1865 TASK_PRIORITY_SET CNT_INC 0
1865 MOVED_TASK_TO_READY_STATE CNT_INC
1865 TASK_SWITCHED_OUT CNT_INC
1865 TASK_SWITCHED_IN SUSP_RX
1865 QUEUE_RECEIVE_FAILED q1
1865 QUEUE_RECEIVE_FAILED q1
1865 TASK_INCREMENT_TICK 1865
1865 TASK_INCREMENT_TICK 1865
1866 TASK_SWITCHED_OUT SUSP_RX
1866 TASK_SWITCHED_IN IDLE
1866 TASK_SWITCHED_OUT IDLE
1866 TASK_SWITCHED_IN CNT_INC
1866 TASK_PRIORITY_SET CNT_INC 1
1866 MOVED_TASK_TO_READY_STATE CNT_INC
1866 TASK_PRIORITY_SET CNT_INC 0
1866 MOVED_TASK_TO_READY_STATE CNT_INC
1866 TASK_SWITCHED_OUT CNT_INC
1866 TASK_SWITCHED_IN SUSP_RX
1866 QUEUE_RECEIVE_FAILED q1
1866 QUEUE_RECEIVE_FAILED q1
1866 QUEUE_RECEIVE_FAILED q1
1866 TASK_INCREMENT_TICK 1866
1866 QUEUE_RECEIVE_FAILED q1
1866 TASK_INCREMENT_TICK 1866
1867 TASK_SWITCHED_OUT SUSP_RX
1867 TASK_SWITCHED_IN CNT_INC
1867 TASK_PRIORITY_SET CNT_INC 1
1867 MOVED_TASK_TO_READY_STATE CNT_INC
1867 TASK_PRIORITY_SET CNT_INC 0
1867 MOVED_TASK_TO_READY_STATE CNT_INC
1867 TASK_SWITCHED_OUT CNT_INC
1867 TASK_SWITCHED_IN IDLE
1867 TASK_INCREMENT_TICK 1867
1868 TASK_SWITCHED_OUT IDLE
1868 TASK_SWITCHED_IN CNT_INC
1868 TASK_PRIORITY_SET CNT_INC 1
1868 MOVED_TASK_TO_READY_STATE CNT_INC
1868 TASK_PRIORITY_SET CNT_INC 0
1868 MOVED_TASK_TO_READY_STATE CNT_INC
1868 TASK_SWITCHED_OUT CNT_INC
1868 TASK_SWITCHED_IN SUSP_RX
1868 QUEUE_RECEIVE_FAILED q1
1868 QUEUE_RECEIVE_FAILED q1
1868 TASK_INCREMENT_TICK 1868
1868 TASK_INCREMENT_TICK 1868
1869 TASK_SWITCHED_OUT SUSP_RX
1869 TASK_SWITCHED_IN IDLE
1869 TASK_SWITCHED_OUT IDLE
1869 TASK_SWITCHED_IN CNT_INC
1869 TASK_PRIORITY_SET CNT_INC 1
1869 MOVED_TASK_TO_READY_STATE CNT_INC
1869 TASK_PRIORITY_SET CNT_INC 0
1869 MOVED_TASK_TO_READY_STATE CNT_INC
1869 TASK_SWITCHED_OUT CNT_INC
1869 TASK_SWITCHED_IN SUSP_RX
1869 QUEUE_RECEIVE_FAILED q1
1869 QUEUE_RECEIVE_FAILED q1
1869 QUEUE_RECEIVE_FAILED q1
1869 TASK_INCREMENT_TICK 1869
1869 QUEUE_RECEIVE_FAILED q1
1869 TASK_INCREMENT_TICK 1869
1870 TASK_SWITCHED_OUT SUSP_RX
1870 TASK_SWITCHED_IN CNT_INC
1870 TASK_PRIORITY_SET CNT_INC 1
1870 MOVED_TASK_TO_READY_STATE CNT_INC
1870 TASK_PRIORITY_SET CNT_INC 0
1870 MOVED_TASK_TO_READY_STATE CNT_INC
1870 TASK_SWITCHED_OUT CNT_INC
1870 TASK_SWITCHED_IN IDLE
1870 TASK_INCREMENT_TICK 1870
1871 TASK_SWITCHED_OUT IDLE
1871 TASK_SWITCHED_IN CNT_INC
1871 TASK_PRIORITY_SET CNT_INC 1
1871 MOVED_TASK_TO_READY_STATE CNT_INC
1871 TASK_PRIORITY_SET CNT_INC 0
1871 MOVED_TASK_TO_READY_STATE CNT_INC
1871 TASK_SWITCHED_OUT CNT_INC
1871 TASK_SWITCHED_IN SUSP_RX
1871 QUEUE_RECEIVE_FAILED q1
1871 QUEUE_RECEIVE_FAILED q1
1871 TASK_INCREMENT_TICK 1871
1871 TASK_INCREMENT_TICK 1871
1872 TASK_SWITCHED_OUT SUSP_RX
1872 TASK_SWITCHED_IN IDLE
1872 TASK_SWITCHED_OUT IDLE
1872 TASK_SWITCHED_IN CNT_INC
1872 TASK_PRIORITY_SET CNT_INC 1
1872 MOVED_TASK_TO_READY_STATE CNT_INC
1872 TASK_PRIORITY_SET CNT_INC 0
1872 MOVED_TASK_TO_READY_STATE CNT_INC
1872 TASK_SWITCHED_OUT CNT_INC
1872 TASK_SWITCHED_IN SUSP_RX
1872 QUEUE_RECEIVE_FAILED q1
1872 QUEUE_RECEIVE_FAILED q1
1872 QUEUE_RECEIVE_FAILED q1
1872 TASK_INCREMENT_TICK 1872
1872 QUEUE_RECEIVE_FAILED q1
1872 TASK_INCREMENT_TICK 1872
1873 TASK_SWITCHED_OUT SUSP_RX
1873 TASK_SWITCHED_IN CNT_INC
1873 TASK_PRIORITY_SET CNT_INC 1
1873 MOVED_TASK_TO_READY_STATE CNT_INC
1873 TASK_PRIORITY_SET CNT_INC 0
1873 MOVED_TASK_TO_READY_STATE CNT_INC
1873 TASK_SWITCHED_OUT CNT_INC
1873 TASK_SWITCHED_IN IDLE
1873 TASK_INCREMENT_TICK 1873
1874 TASK_SWITCHED_OUT IDLE
1874 TASK_SWITCHED_IN CNT_INC
1874 TASK_PRIORITY_SET CNT_INC 1
1874 MOVED_TASK_TO_READY_STATE CNT_INC
1874 TASK_PRIORITY_SET CNT_INC 0
1874 MOVED_TASK_TO_READY_STATE CNT_INC
1874 TASK_SWITCHED_OUT CNT_INC
1874 TASK_SWITCHED_IN SUSP_RX
1874 QUEUE_RECEIVE_FAILED q1
1874 QUEUE_RECEIVE_FAILED q1
1874 TASK_INCREMENT_TICK 1874
1874 TASK_INCREMENT_TICK 1874
1875 TASK_SWITCHED_OUT SUSP_RX
1875 TASK_SWITCHED_IN IDLE
1875 TASK_SWITCHED_OUT IDLE
1875 TASK_SWITCHED_IN CNT_INC
1875 TASK_PRIORITY_SET CNT_INC 1
1875 MOVED_TASK_TO_READY_STATE CNT_INC
1875 TASK_PRIORITY_SET CNT_INC 0
1875 MOVED_TASK_TO_READY_STATE CNT_INC
1875 TASK_SWITCHED_OUT CNT_INC
1875 TASK_SWITCHED_IN SUSP_RX
1875 QUEUE_RECEIVE_FAILED q1
1875 QUEUE_RECEIVE_FAILED q1
1875 QUEUE_RECEIVE_FAILED q1
1875 TASK_INCREMENT_TICK 1875
1875 QUEUE_RECEIVE_FAILED q1
1875 TASK_INCREMENT_TICK 1875
1876 TASK_SWITCHED_OUT SUSP_RX
1876 TASK_SWITCHED_IN CNT_INC
1876 TASK_PRIORITY_SET CNT_INC 1
1876 MOVED_TASK_TO_READY_STATE CNT_INC
1876 TASK_PRIORITY_SET CNT_INC 0
1876 MOVED_TASK_TO_READY_STATE CNT_INC
1876 TASK_SWITCHED_OUT CNT_INC
1876 TASK_SWITCHED_IN IDLE
1876 TASK_INCREMENT_TICK 1876
1877 TASK_SWITCHED_OUT IDLE
1877 TASK_SWITCHED_IN CNT_INC
1877 TASK_PRIORITY_SET CNT_INC 1
1877 MOVED_TASK_TO_READY_STATE CNT_INC
1877 TASK_PRIORITY_SET CNT_INC 0
1877 MOVED_TASK_TO_READY_STATE CNT_INC
1877 TASK_SWITCHED_OUT CNT_INC
1877 TASK_SWITCHED_IN SUSP_RX
1877 QUEUE_RECEIVE_FAILED q1
1877 QUEUE_RECEIVE_FAILED q1
1877 TASK_INCREMENT_TICK 1877
1877 TASK_INCREMENT_TICK 1877
1878 TASK_SWITCHED_OUT SUSP_RX
1878 TASK_SWITCHED_IN IDLE
1878 TASK_SWITCHED_OUT IDLE
1878 TASK_SWITCHED_IN CNT_INC
1878 TASK_PRIORITY_SET CNT_INC 1
1878 MOVED_TASK_TO_READY_STATE CNT_INC
1878 TASK_PRIORITY_SET CNT_INC 0
1878 MOVED_TASK_TO_READY_STATE CNT_INC
1878 TASK_SWITCHED_OUT CNT_INC
1878 TASK_SWITCHED_IN SUSP_RX
1878 QUEUE_RECEIVE_FAILED q1
1878 QUEUE_RECEIVE_FAILED q1
1878 QUEUE_RECEIVE_FAILED q1
1878 TASK_INCREMENT_TICK 1878
1878 QUEUE_RECEIVE_FAILED q1
1878 TASK_INCREMENT_TICK 1878
1879 TASK_SWITCHED_OUT SUSP_RX
1879 TASK_SWITCHED_IN CNT_INC
1879 TASK_PRIORITY_SET CNT_INC 1
1879 MOVED_TASK_TO_READY_STATE CNT_INC
1879 TASK_PRIORITY_SET CNT_INC 0
1879 MOVED_TASK_TO_READY_STATE CNT_INC
1879 TASK_SWITCHED_OUT CNT_INC
1879 TASK_SWITCHED_IN IDLE
1879 TASK_INCREMENT_TICK 1879
1880 TASK_SWITCHED_OUT IDLE
1880 TASK_SWITCHED_IN CNT_INC
1880 TASK_PRIORITY_SET CNT_INC 1
1880 MOVED_TASK_TO_READY_STATE CNT_INC
1880 TASK_PRIORITY_SET CNT_INC 0
1880 MOVED_TASK_TO_READY_STATE CNT_INC
1880 TASK_SWITCHED_OUT CNT_INC
1880 TASK_SWITCHED_IN SUSP_RX
1880 QUEUE_RECEIVE_FAILED q1
1880 QUEUE_RECEIVE_FAILED q1
1880 TASK_INCREMENT_TICK 1880
1880 TASK_INCREMENT_TICK 1880
1881 TASK_SWITCHED_OUT SUSP_RX
1881 TASK_SWITCHED_IN IDLE
1881 TASK_SWITCHED_OUT IDLE
1881 TASK_SWITCHED_IN CNT_INC
1881 TASK_PRIORITY_SET CNT_INC 1
1881 MOVED_TASK_TO_READY_STATE CNT_INC
1881 TASK_PRIORITY_SET CNT_INC 0
1881 MOVED_TASK_TO_READY_STATE CNT_INC
1881 TASK_SWITCHED_OUT CNT_INC
1881 TASK_SWITCHED_IN SUSP_RX
1881 QUEUE_RECEIVE_FAILED q1
1881 QUEUE_RECEIVE_FAILED q1
1881 QUEUE_RECEIVE_FAILED q1
1881 TASK_INCREMENT_TICK 1881
1881 QUEUE_RECEIVE_FAILED q1
1881 TASK_INCREMENT_TICK 1881
1882 TASK_SWITCHED_OUT SUSP_RX
1882 TASK_SWITCHED_IN CNT_INC
1882 TASK_PRIORITY_SET CNT_INC 1
1882 MOVED_TASK_TO_READY_STATE CNT_INC
1882 TASK_PRIORITY_SET CNT_INC 0
1882 MOVED_TASK_TO_READY_STATE CNT_INC
1882 TASK_SWITCHED_OUT CNT_INC
1882 TASK_SWITCHED_IN IDLE
1882 TASK_INCREMENT_TICK 1882
1883 TASK_SWITCHED_OUT IDLE
1883 TASK_SWITCHED_IN CNT_INC
1883 TASK_PRIORITY_SET CNT_INC 1
1883 MOVED_TASK_TO_READY_STATE CNT_INC
1883 TASK_PRIORITY_SET CNT_INC 0
1883 MOVED_TASK_TO_READY_STATE CNT_INC
1883 TASK_SWITCHED_OUT CNT_INC
1883 TASK_SWITCHED_IN SUSP_RX
1883 QUEUE_RECEIVE_FAILED q1
1883 QUEUE_RECEIVE_FAILED q1
1883 TASK_INCREMENT_TICK 1883
1883 TASK_INCREMENT_TICK 1883
1884 TASK_SWITCHED_OUT SUSP_RX
1884 TASK_SWITCHED_IN IDLE
1884 TASK_SWITCHED_OUT IDLE
1884 TASK_SWITCHED_IN CNT_INC
1884 TASK_PRIORITY_SET CNT_INC 1
1884 MOVED_TASK_TO_READY_STATE CNT_INC
1884 TASK_PRIORITY_SET CNT_INC 0
1884 MOVED_TASK_TO_READY_STATE CNT_INC
1884 TASK_SWITCHED_OUT CNT_INC
1884 TASK_SWITCHED_IN SUSP_RX
1884 QUEUE_RECEIVE_FAILED q1
1884 QUEUE_RECEIVE_FAILED q1
1884 QUEUE_RECEIVE_FAILED q1
1884 TASK_INCREMENT_TICK 1884
1884 QUEUE_RECEIVE_FAILED q1
1884 TASK_INCREMENT_TICK 1884
1885 TASK_SWITCHED_OUT SUSP_RX
1885 TASK_SWITCHED_IN CNT_INC
1885 TASK_PRIORITY_SET CNT_INC 1
1885 MOVED_TASK_TO_READY_STATE CNT_INC
1885 TASK_PRIORITY_SET CNT_INC 0
1885 MOVED_TASK_TO_READY_STATE CNT_INC
1885 TASK_SWITCHED_OUT CNT_INC
1885 TASK_SWITCHED_IN IDLE
1885 TASK_INCREMENT_TICK 1885
1886 TASK_SWITCHED_OUT IDLE
1886 TASK_SWITCHED_IN CNT_INC
1886 TASK_PRIORITY_SET CNT_INC 1
1886 MOVED_TASK_TO_READY_STATE CNT_INC
1886 TASK_PRIORITY_SET CNT_INC 0
1886 MOVED_TASK_TO_READY_STATE CNT_INC
1886 TASK_SWITCHED_OUT CNT_INC
1886 TASK_SWITCHED_IN SUSP_RX
1886 QUEUE_RECEIVE_FAILED q1
1886 QUEUE_RECEIVE_FAILED q1
1886 TASK_INCREMENT_TICK 1886
1886 TASK_INCREMENT_TICK 1886
1887 TASK_SWITCHED_OUT SUSP_RX
1887 TASK_SWITCHED_IN IDLE
1887 TASK_SWITCHED_OUT IDLE
1887 TASK_SWITCHED_IN CNT_INC
1887 TASK_PRIORITY_SET CNT_INC 1
1887 MOVED_TASK_TO_READY_STATE CNT_INC
1887 TASK_PRIORITY_SET CNT_INC 0
1887 MOVED_TASK_TO_READY_STATE CNT_INC
1887 TASK_SWITCHED_OUT CNT_INC
1887 TASK_SWITCHED_IN SUSP_RX
1887 QUEUE_RECEIVE_FAILED q1
1887 QUEUE_RECEIVE_FAILED q1
1887 QUEUE_RECEIVE_FAILED q1
1887 TASK_INCREMENT_TICK 1887
1887 QUEUE_RECEIVE_FAILED q1
1887 TASK_INCREMENT_TICK 1887
1888 TASK_SWITCHED_OUT SUSP_RX
1888 TASK_SWITCHED_IN CNT_INC
1888 TASK_PRIORITY_SET CNT_INC 1
1888 MOVED_TASK_TO_READY_STATE CNT_INC
1888 TASK_PRIORITY_SET CNT_INC 0
1888 MOVED_TASK_TO_READY_STATE CNT_INC
1888 TASK_SWITCHED_OUT CNT_INC
1888 TASK_SWITCHED_IN IDLE
1888 TASK_INCREMENT_TICK 1888
1889 TASK_SWITCHED_OUT IDLE
1889 TASK_SWITCHED_IN CNT_INC
1889 TASK_PRIORITY_SET CNT_INC 1
1889 MOVED_TASK_TO_READY_STATE CNT_INC
1889 TASK_PRIORITY_SET CNT_INC 0
1889 MOVED_TASK_TO_READY_STATE CNT_INC
1889 TASK_SWITCHED_OUT CNT_INC
1889 TASK_SWITCHED_IN SUSP_RX
1889 QUEUE_RECEIVE_FAILED q1
1889 QUEUE_RECEIVE_FAILED q1
1889 TASK_INCREMENT_TICK 1889
1889 TASK_INCREMENT_TICK 1889
1890 TASK_SWITCHED_OUT SUSP_RX
1890 TASK_SWITCHED_IN IDLE
1890 TASK_SWITCHED_OUT IDLE
1890 TASK_SWITCHED_IN CNT_INC
1890 TASK_PRIORITY_SET CNT_INC 1
1890 MOVED_TASK_TO_READY_STATE CNT_INC
1890 TASK_PRIORITY_SET CNT_INC 0
1890 MOVED_TASK_TO_READY_STATE CNT_INC
1890 TASK_SWITCHED_OUT CNT_INC
1890 TASK_SWITCHED_IN SUSP_RX
1890 QUEUE_RECEIVE_FAILED q1
1890 QUEUE_RECEIVE_FAILED q1
1890 QUEUE_RECEIVE_FAILED q1
1890 TASK_INCREMENT_TICK 1890
1890 QUEUE_RECEIVE_FAILED q1
1890 TASK_INCREMENT_TICK 1890
1891 TASK_SWITCHED_OUT SUSP_RX
1891 TASK_SWITCHED_IN CNT_INC
1891 TASK_PRIORITY_SET CNT_INC 1
1891 MOVED_TASK_TO_READY_STATE CNT_INC
1891 TASK_PRIORITY_SET CNT_INC 0
1891 MOVED_TASK_TO_READY_STATE CNT_INC
1891 TASK_SWITCHED_OUT CNT_INC
1891 TASK_SWITCHED_IN IDLE
1891 TASK_INCREMENT_TICK 1891
1892 TASK_SWITCHED_OUT IDLE
1892 TASK_SWITCHED_IN CNT_INC
1892 TASK_PRIORITY_SET CNT_INC 1
1892 MOVED_TASK_TO_READY_STATE CNT_INC
1892 TASK_PRIORITY_SET CNT_INC 0
1892 MOVED_TASK_TO_READY_STATE CNT_INC
1892 TASK_SWITCHED_OUT CNT_INC
1892 TASK_SWITCHED_IN SUSP_RX
1892 QUEUE_RECEIVE_FAILED q1
1892 QUEUE_RECEIVE_FAILED q1
1892 TASK_INCREMENT_TICK 1892
1892 TASK_INCREMENT_TICK 1892
1893 TASK_SWITCHED_OUT SUSP_RX
1893 TASK_SWITCHED_IN IDLE
1893 TASK_SWITCHED_OUT IDLE
1893 TASK_SWITCHED_IN CNT_INC
1893 TASK_PRIORITY_SET CNT_INC 1
1893 MOVED_TASK_TO_READY_STATE CNT_INC
1893 TASK_PRIORITY_SET CNT_INC 0
1893 MOVED_TASK_TO_READY_STATE CNT_INC
1893 TASK_SWITCHED_OUT CNT_INC
1893 TASK_SWITCHED_IN SUSP_RX
1893 QUEUE_RECEIVE_FAILED q1
1893 QUEUE_RECEIVE_FAILED q1
1893 QUEUE_RECEIVE_FAILED q1
1893 TASK_INCREMENT_TICK 1893
1893 QUEUE_RECEIVE_FAILED q1
1893 TASK_INCREMENT_TICK 1893
1894 TASK_SWITCHED_OUT SUSP_RX
1894 TASK_SWITCHED_IN CNT_INC
1894 TASK_PRIORITY_SET CNT_INC 1
1894 MOVED_TASK_TO_READY_STATE CNT_INC
1894 TASK_PRIORITY_SET CNT_INC 0
1894 MOVED_TASK_TO_READY_STATE CNT_INC
1894 TASK_SWITCHED_OUT CNT_INC
1894 TASK_SWITCHED_IN IDLE
1894 TASK_INCREMENT_TICK 1894
1895 TASK_SWITCHED_OUT IDLE
1895 TASK_SWITCHED_IN CNT_INC
1895 TASK_PRIORITY_SET CNT_INC 1
1895 MOVED_TASK_TO_READY_STATE CNT_INC
1895 TASK_PRIORITY_SET CNT_INC 0
1895 MOVED_TASK_TO_READY_STATE CNT_INC
1895 TASK_SWITCHED_OUT CNT_INC
1895 TASK_SWITCHED_IN SUSP_RX
1895 QUEUE_RECEIVE_FAILED q1
1895 QUEUE_RECEIVE_FAILED q1
1895 TASK_INCREMENT_TICK 1895
1895 TASK_INCREMENT_TICK 1895
1896 TASK_SWITCHED_OUT SUSP_RX
1896 TASK_SWITCHED_IN IDLE
1896 TASK_SWITCHED_OUT IDLE
1896 TASK_SWITCHED_IN CNT_INC
1896 TASK_PRIORITY_SET CNT_INC 1
1896 MOVED_TASK_TO_READY_STATE CNT_INC
1896 TASK_PRIORITY_SET CNT_INC 0
1896 MOVED_TASK_TO_READY_STATE CNT_INC
1896 TASK_SWITCHED_OUT CNT_INC
1896 TASK_SWITCHED_IN SUSP_RX
1896 QUEUE_RECEIVE_FAILED q1
1896 QUEUE_RECEIVE_FAILED q1
1896 QUEUE_RECEIVE_FAILED q1
1896 TASK_INCREMENT_TICK 1896
1896 QUEUE_RECEIVE_FAILED q1
1896 TASK_INCREMENT_TICK 1896
1897 TASK_SWITCHED_OUT SUSP_RX
1897 TASK_SWITCHED_IN CNT_INC
1897 TASK_PRIORITY_SET CNT_INC 1
1897 MOVED_TASK_TO_READY_STATE CNT_INC
1897 TASK_PRIORITY_SET CNT_INC 0
1897 MOVED_TASK_TO_READY_STATE CNT_INC
1897 TASK_SWITCHED_OUT CNT_INC
1897 TASK_SWITCHED_IN IDLE
1897 TASK_INCREMENT_TICK 1897
1898 TASK_SWITCHED_OUT IDLE
1898 TASK_SWITCHED_IN CNT_INC
1898 TASK_PRIORITY_SET CNT_INC 1
1898 MOVED_TASK_TO_READY_STATE CNT_INC
1898 TASK_PRIORITY_SET CNT_INC 0
1898 MOVED_TASK_TO_READY_STATE CNT_INC
1898 TASK_SWITCHED_OUT CNT_INC
1898 TASK_SWITCHED_IN SUSP_RX
1898 QUEUE_RECEIVE_FAILED q1
1898 QUEUE_RECEIVE_FAILED q1
1898 TASK_INCREMENT_TICK 1898
1898 TASK_INCREMENT_TICK 1898
1899 TASK_SWITCHED_OUT SUSP_RX
1899 TASK_SWITCHED_IN IDLE
1899 TASK_SWITCHED_OUT IDLE
1899 TASK_SWITCHED_IN CNT_INC
1899 TASK_PRIORITY_SET CNT_INC 1
1899 MOVED_TASK_TO_READY_STATE CNT_INC
1899 TASK_PRIORITY_SET CNT_INC 0
1899 MOVED_TASK_TO_READY_STATE CNT_INC
1899 TASK_SWITCHED_OUT CNT_INC
1899 TASK_SWITCHED_IN SUSP_RX
1899 QUEUE_RECEIVE_FAILED q1
1899 QUEUE_RECEIVE_FAILED q1
1899 QUEUE_RECEIVE_FAILED q1
1899 TASK_INCREMENT_TICK 1899
1899 QUEUE_RECEIVE_FAILED q1
1899 TASK_INCREMENT_TICK 1899
1900 MOVED_TASK_TO_READY_STATE CHECK
1900 TASK_SWITCHED_OUT SUSP_RX
1900 TASK_SWITCHED_IN CHECK
1900 TASK_DELAY CHECK 100
1900 MOVED_TASK_TO_DELAYED_LIST CHECK
1900 TASK_SWITCHED_OUT CHECK
1900 TASK_SWITCHED_IN CNT_INC
1900 TASK_PRIORITY_SET CNT_INC 1
1900 MOVED_TASK_TO_READY_STATE CNT_INC
1900 TASK_PRIORITY_SET CNT_INC 0
1900 MOVED_TASK_TO_READY_STATE CNT_INC
1900 TASK_SWITCHED_OUT CNT_INC
1900 TASK_SWITCHED_IN IDLE
1900 TASK_INCREMENT_TICK 1900
1901 TASK_SWITCHED_OUT IDLE
1901 TASK_SWITCHED_IN CNT_INC
1901 TASK_PRIORITY_SET CNT_INC 1
1901 MOVED_TASK_TO_READY_STATE CNT_INC
1901 TASK_PRIORITY_SET CNT_INC 0
1901 MOVED_TASK_TO_READY_STATE CNT_INC
1901 TASK_SWITCHED_OUT CNT_INC
1901 TASK_SWITCHED_IN SUSP_RX
1901 QUEUE_RECEIVE_FAILED q1
1901 TASK_INCREMENT_TICK 1901
1902 TASK_SWITCHED_OUT SUSP_RX
1902 TASK_SWITCHED_IN IDLE
1902 TASK_SWITCHED_OUT IDLE
1902 TASK_SWITCHED_IN CNT_INC
1902 TASK_PRIORITY_SET CNT_INC 1
1902 MOVED_TASK_TO_READY_STATE CNT_INC
1902 TASK_PRIORITY_SET CNT_INC 0
1902 MOVED_TASK_TO_READY_STATE CNT_INC
1902 TASK_SWITCHED_OUT CNT_INC
1902 TASK_SWITCHED_IN SUSP_RX
1902 QUEUE_RECEIVE_FAILED q1
1902 QUEUE_RECEIVE_FAILED q1
1902 QUEUE_RECEIVE_FAILED q1
1902 QUEUE_RECEIVE_FAILED q1
1902 TASK_INCREMENT_TICK 1902
1902 TASK_INCREMENT_TICK 1902
1903 TASK_SWITCHED_OUT SUSP_RX
1903 TASK_SWITCHED_IN CNT_INC
1903 TASK_PRIORITY_SET CNT_INC 1
1903 MOVED_TASK_TO_READY_STATE CNT_INC
1903 TASK_PRIORITY_SET CNT_INC 0
1903 MOVED_TASK_TO_READY_STATE CNT_INC
1903 TASK_SWITCHED_OUT CNT_INC
1903 TASK_SWITCHED_IN IDLE
1903 TASK_INCREMENT_TICK 1903
1904 TASK_SWITCHED_OUT IDLE
1904 TASK_SWITCHED_IN CNT_INC
1904 TASK_PRIORITY_SET CNT_INC 1
1904 MOVED_TASK_TO_READY_STATE CNT_INC
1904 TASK_PRIORITY_SET CNT_INC 0
1904 MOVED_TASK_TO_READY_STATE CNT_INC
1904 TASK_SWITCHED_OUT CNT_INC
1904 TASK_SWITCHED_IN SUSP_RX
1904 QUEUE_RECEIVE_FAILED q1
1904 QUEUE_RECEIVE_FAILED q1
1904 TASK_INCREMENT_TICK 1904
1905 TASK_SWITCHED_OUT SUSP_RX
1905 TASK_SWITCHED_IN IDLE
1905 TASK_SWITCHED_OUT IDLE
1905 TASK_SWITCHED_IN CNT_INC
1905 TASK_PRIORITY_SET CNT_INC 1
1905 MOVED_TASK_TO_READY_STATE CNT_INC
1905 TASK_PRIORITY_SET CNT_INC 0
1905 MOVED_TASK_TO_READY_STATE CNT_INC
1905 TASK_SWITCHED_OUT CNT_INC
1905 TASK_SWITCHED_IN SUSP_RX
1905 QUEUE_RECEIVE_FAILED q1
1905 QUEUE_RECEIVE_FAILED q1
1905 QUEUE_RECEIVE_FAILED q1
1905 QUEUE_RECEIVE_FAILED q1
1905 TASK_INCREMENT_TICK 1905
1905 TASK_INCREMENT_TICK 1905
1906 TASK_SWITCHED_OUT SUSP_RX
1906 TASK_SWITCHED_IN CNT_INC
1906 TASK_PRIORITY_SET CNT_INC 1
1906 MOVED_TASK_TO_READY_STATE CNT_INC
1906 TASK_PRIORITY_SET CNT_INC 0
1906 MOVED_TASK_TO_READY_STATE CNT_INC
1906 TASK_SWITCHED_OUT CNT_INC
1906 TASK_SWITCHED_IN IDLE
1906 TASK_INCREMENT_TICK 1906
1907 TASK_SWITCHED_OUT IDLE
1907 TASK_SWITCHED_IN CNT_INC
1907 TASK_PRIORITY_SET CNT_INC 1
1907 MOVED_TASK_TO_READY_STATE CNT_INC
1907 TASK_PRIORITY_SET CNT_INC 0
1907 MOVED_TASK_TO_READY_STATE CNT_INC
1907 TASK_SWITCHED_OUT CNT_INC
1907 TASK_SWITCHED_IN SUSP_RX
1907 QUEUE_RECEIVE_FAILED q1
1907 QUEUE_RECEIVE_FAILED q1
1907 TASK_INCREMENT_TICK 1907
1908 TASK_SWITCHED_OUT SUSP_RX
1908 TASK_SWITCHED_IN IDLE
1908 TASK_SWITCHED_OUT IDLE
1908 TASK_SWITCHED_IN CNT_INC
1908 TASK_PRIORITY_SET CNT_INC 1
1908 MOVED_TASK_TO_READY_STATE CNT_INC
1908 TASK_PRIORITY_SET CNT_INC 0
1908 MOVED_TASK_TO_READY_STATE CNT_INC
1908 TASK_SWITCHED_OUT CNT_INC
1908 TASK_SWITCHED_IN SUSP_RX
1908 QUEUE_RECEIVE_FAILED q1
1908 QUEUE_RECEIVE_FAILED q1
1908 QUEUE_RECEIVE_FAILED q1
1908 QUEUE_RECEIVE_FAILED q1
1908 TASK_INCREMENT_TICK 1908
1908 TASK_INCREMENT_TICK 1908
1909 TASK_SWITCHED_OUT SUSP_RX
1909 TASK_SWITCHED_IN CNT_INC
1909 TASK_PRIORITY_SET CNT_INC 1
1909 MOVED_TASK_TO_READY_STATE CNT_INC
1909 TASK_PRIORITY_SET CNT_INC 0
1909 MOVED_TASK_TO_READY_STATE CNT_INC
1909 TASK_SWITCHED_OUT CNT_INC
1909 TASK_SWITCHED_IN IDLE
1909 TASK_INCREMENT_TICK 1909
1910 TASK_SWITCHED_OUT IDLE
1910 TASK_SWITCHED_IN CNT_INC
1910 TASK_PRIORITY_SET CNT_INC 1
1910 MOVED_TASK_TO_READY_STATE CNT_INC
1910 TASK_PRIORITY_SET CNT_INC 0
1910 MOVED_TASK_TO_READY_STATE CNT_INC
1910 TASK_SWITCHED_OUT CNT_INC
1910 TASK_SWITCHED_IN SUSP_RX
1910 QUEUE_RECEIVE_FAILED q1
1910 QUEUE_RECEIVE_FAILED q1
1910 TASK_INCREMENT_TICK 1910
1911 TASK_SWITCHED_OUT SUSP_RX
1911 TASK_SWITCHED_IN IDLE
1911 TASK_SWITCHED_OUT IDLE
1911 TASK_SWITCHED_IN CNT_INC
1911 TASK_PRIORITY_SET CNT_INC 1
1911 MOVED_TASK_TO_READY_STATE CNT_INC
1911 TASK_PRIORITY_SET CNT_INC 0
1911 MOVED_TASK_TO_READY_STATE CNT_INC
1911 TASK_SWITCHED_OUT CNT_INC
1911 TASK_SWITCHED_IN SUSP_RX
1911 QUEUE_RECEIVE_FAILED q1
1911 QUEUE_RECEIVE_FAILED q1
1911 QUEUE_RECEIVE_FAILED q1
1911 QUEUE_RECEIVE_FAILED q1
1911 TASK_INCREMENT_TICK 1911
1911 TASK_INCREMENT_TICK 1911
1912 TASK_SWITCHED_OUT SUSP_RX
1912 TASK_SWITCHED_IN CNT_INC
1912 TASK_PRIORITY_SET CNT_INC 1
1912 MOVED_TASK_TO_READY_STATE CNT_INC
1912 TASK_PRIORITY_SET CNT_INC 0
1912 MOVED_TASK_TO_READY_STATE CNT_INC
1912 TASK_SWITCHED_OUT CNT_INC
1912 TASK_SWITCHED_IN IDLE
1912 TASK_INCREMENT_TICK 1912
1913 TASK_SWITCHED_OUT IDLE
1913 TASK_SWITCHED_IN CNT_INC
1913 TASK_PRIORITY_SET CNT_INC 1
1913 MOVED_TASK_TO_READY_STATE CNT_INC
1913 TASK_PRIORITY_SET CNT_INC 0
1913 MOVED_TASK_TO_READY_STATE CNT_INC
1913 TASK_SWITCHED_OUT CNT_INC
1913 TASK_SWITCHED_IN SUSP_RX
1913 QUEUE_RECEIVE_FAILED q1
1913 QUEUE_RECEIVE_FAILED q1
1913 TASK_INCREMENT_TICK 1913
1914 TASK_SWITCHED_OUT SUSP_RX
1914 TASK_SWITCHED_IN IDLE
1914 TASK_SWITCHED_OUT IDLE
1914 TASK_SWITCHED_IN CNT_INC
1914 TASK_PRIORITY_SET CNT_INC 1
1914 MOVED_TASK_TO_READY_STATE CNT_INC
1914 TASK_PRIORITY_SET CNT_INC 0
1914 MOVED_TASK_TO_READY_STATE CNT_INC
1914 TASK_SWITCHED_OUT CNT_INC
1914 TASK_SWITCHED_IN SUSP_RX
1914 QUEUE_RECEIVE_FAILED q1
1914 QUEUE_RECEIVE_FAILED q1
1914 QUEUE_RECEIVE_FAILED q1
1914 QUEUE_RECEIVE_FAILED q1
1914 TASK_INCREMENT_TICK 1914
1914 TASK_INCREMENT_TICK 1914
1915 TASK_SWITCHED_OUT SUSP_RX
1915 TASK_SWITCHED_IN CNT_INC
1915 TASK_PRIORITY_SET CNT_INC 1
1915 MOVED_TASK_TO_READY_STATE CNT_INC
1915 TASK_PRIORITY_SET CNT_INC 0
1915 MOVED_TASK_TO_READY_STATE CNT_INC
1915 TASK_SWITCHED_OUT CNT_INC
1915 TASK_SWITCHED_IN IDLE
1915 TASK_INCREMENT_TICK 1915
1916 TASK_SWITCHED_OUT IDLE
1916 TASK_SWITCHED_IN CNT_INC
1916 TASK_PRIORITY_SET CNT_INC 1
1916 MOVED_TASK_TO_READY_STATE CNT_INC
1916 TASK_PRIORITY_SET CNT_INC 0
1916 MOVED_TASK_TO_READY_STATE CNT_INC
1916 TASK_SWITCHED_OUT CNT_INC
1916 TASK_SWITCHED_IN SUSP_RX
1916 QUEUE_RECEIVE_FAILED q1
1916 QUEUE_RECEIVE_FAILED q1
1916 TASK_INCREMENT_TICK 1916
1917 TASK_SWITCHED_OUT SUSP_RX
1917 TASK_SWITCHED_IN IDLE
1917 TASK_SWITCHED_OUT IDLE
1917 TASK_SWITCHED_IN CNT_INC
1917 TASK_PRIORITY_SET CNT_INC 1
1917 MOVED_TASK_TO_READY_STATE CNT_INC
1917 TASK_PRIORITY_SET CNT_INC 0
1917 MOVED_TASK_TO_READY_STATE CNT_INC
1917 TASK_SWITCHED_OUT CNT_INC
1917 TASK_SWITCHED_IN SUSP_RX
1917 QUEUE_RECEIVE_FAILED q1
1917 QUEUE_RECEIVE_FAILED q1
1917 QUEUE_RECEIVE_FAILED q1
1917 QUEUE_RECEIVE_FAILED q1
1917 TASK_INCREMENT_TICK 1917
1917 TASK_INCREMENT_TICK 1917
1918 TASK_SWITCHED_OUT SUSP_RX
1918 TASK_SWITCHED_IN CNT_INC
1918 TASK_PRIORITY_SET CNT_INC 1
1918 MOVED_TASK_TO_READY_STATE CNT_INC
1918 TASK_PRIORITY_SET CNT_INC 0
1918 MOVED_TASK_TO_READY_STATE CNT_INC
1918 TASK_SWITCHED_OUT CNT_INC
1918 TASK_SWITCHED_IN IDLE
1918 TASK_INCREMENT_TICK 1918
1919 TASK_SWITCHED_OUT IDLE
1919 TASK_SWITCHED_IN CNT_INC
1919 TASK_PRIORITY_SET CNT_INC 1
1919 MOVED_TASK_TO_READY_STATE CNT_INC
1919 TASK_PRIORITY_SET CNT_INC 0
1919 MOVED_TASK_TO_READY_STATE CNT_INC
1919 TASK_SWITCHED_OUT CNT_INC
1919 TASK_SWITCHED_IN SUSP_RX
1919 QUEUE_RECEIVE_FAILED q1
1919 QUEUE_RECEIVE_FAILED q1
1919 TASK_INCREMENT_TICK 1919
1920 TASK_SWITCHED_OUT SUSP_RX
1920 TASK_SWITCHED_IN IDLE
1920 TASK_SWITCHED_OUT IDLE
1920 TASK_SWITCHED_IN CNT_INC
1920 TASK_PRIORITY_SET CNT_INC 1
1920 MOVED_TASK_TO_READY_STATE CNT_INC
1920 TASK_PRIORITY_SET CNT_INC 0
1920 MOVED_TASK_TO_READY_STATE CNT_INC
1920 TASK_SWITCHED_OUT CNT_INC
1920 TASK_SWITCHED_IN SUSP_RX
1920 QUEUE_RECEIVE_FAILED q1
1920 QUEUE_RECEIVE_FAILED q1
1920 QUEUE_RECEIVE_FAILED q1
1920 QUEUE_RECEIVE_FAILED q1
1920 TASK_INCREMENT_TICK 1920
1920 TASK_INCREMENT_TICK 1920
1921 TASK_SWITCHED_OUT SUSP_RX
1921 TASK_SWITCHED_IN CNT_INC
1921 TASK_PRIORITY_SET CNT_INC 1
1921 MOVED_TASK_TO_READY_STATE CNT_INC
1921 TASK_PRIORITY_SET CNT_INC 0
1921 MOVED_TASK_TO_READY_STATE CNT_INC
1921 TASK_SWITCHED_OUT CNT_INC
1921 TASK_SWITCHED_IN IDLE
1921 TASK_INCREMENT_TICK 1921
1922 TASK_SWITCHED_OUT IDLE
1922 TASK_SWITCHED_IN CNT_INC
1922 TASK_PRIORITY_SET CNT_INC 1
1922 MOVED_TASK_TO_READY_STATE CNT_INC
1922 TASK_PRIORITY_SET CNT_INC 0
1922 MOVED_TASK_TO_READY_STATE CNT_INC
1922 TASK_SWITCHED_OUT CNT_INC
1922 TASK_SWITCHED_IN SUSP_RX
1922 QUEUE_RECEIVE_FAILED q1
1922 QUEUE_RECEIVE_FAILED q1
1922 TASK_INCREMENT_TICK 1922
1923 TASK_SWITCHED_OUT SUSP_RX
1923 TASK_SWITCHED_IN IDLE
1923 TASK_SWITCHED_OUT IDLE
1923 TASK_SWITCHED_IN CNT_INC
1923 TASK_PRIORITY_SET CNT_INC 1
1923 MOVED_TASK_TO_READY_STATE CNT_INC
1923 TASK_PRIORITY_SET CNT_INC 0
1923 MOVED_TASK_TO_READY_STATE CNT_INC
1923 TASK_SWITCHED_OUT CNT_INC
1923 TASK_SWITCHED_IN SUSP_RX
1923 QUEUE_RECEIVE_FAILED q1
1923 QUEUE_RECEIVE_FAILED q1
1923 QUEUE_RECEIVE_FAILED q1
1923 QUEUE_RECEIVE_FAILED q1
1923 TASK_INCREMENT_TICK 1923
1923 TASK_INCREMENT_TICK 1923
1924 TASK_SWITCHED_OUT SUSP_RX
1924 TASK_SWITCHED_IN CNT_INC
1924 TASK_PRIORITY_SET CNT_INC 1
1924 MOVED_TASK_TO_READY_STATE CNT_INC
1924 TASK_PRIORITY_SET CNT_INC 0
1924 MOVED_TASK_TO_READY_STATE CNT_INC
1924 TASK_SWITCHED_OUT CNT_INC
1924 TASK_SWITCHED_IN IDLE
1924 TASK_INCREMENT_TICK 1924
1925 TASK_SWITCHED_OUT IDLE
1925 TASK_SWITCHED_IN CNT_INC
1925 TASK_PRIORITY_SET CNT_INC 1
1925 MOVED_TASK_TO_READY_STATE CNT_INC
1925 TASK_PRIORITY_SET CNT_INC 0
1925 MOVED_TASK_TO_READY_STATE CNT_INC
1925 TASK_SWITCHED_OUT CNT_INC
1925 TASK_SWITCHED_IN SUSP_RX
1925 QUEUE_RECEIVE_FAILED q1
1925 QUEUE_RECEIVE_FAILED q1
1925 TASK_INCREMENT_TICK 1925
1926 TASK_SWITCHED_OUT SUSP_RX
1926 TASK_SWITCHED_IN IDLE
1926 TASK_SWITCHED_OUT IDLE
1926 TASK_SWITCHED_IN CNT_INC
1926 TASK_PRIORITY_SET CNT_INC 1
1926 MOVED_TASK_TO_READY_STATE CNT_INC
1926 TASK_PRIORITY_SET CNT_INC 0
1926 MOVED_TASK_TO_READY_STATE CNT_INC
1926 TASK_SWITCHED_OUT CNT_INC
1926 TASK_SWITCHED_IN SUSP_RX
1926 QUEUE_RECEIVE_FAILED q1
1926 QUEUE_RECEIVE_FAILED q1
1926 QUEUE_RECEIVE_FAILED q1
1926 QUEUE_RECEIVE_FAILED q1
1926 TASK_INCREMENT_TICK 1926
1926 TASK_INCREMENT_TICK 1926
1927 TASK_SWITCHED_OUT SUSP_RX
1927 TASK_SWITCHED_IN CNT_INC
1927 TASK_PRIORITY_SET CNT_INC 1
1927 MOVED_TASK_TO_READY_STATE CNT_INC
1927 TASK_PRIORITY_SET CNT_INC 0
1927 MOVED_TASK_TO_READY_STATE CNT_INC
1927 TASK_SWITCHED_OUT CNT_INC
1927 TASK_SWITCHED_IN IDLE
1927 TASK_INCREMENT_TICK 1927
1928 TASK_SWITCHED_OUT IDLE
1928 TASK_SWITCHED_IN CNT_INC
1928 TASK_PRIORITY_SET CNT_INC 1
1928 MOVED_TASK_TO_READY_STATE CNT_INC
1928 TASK_PRIORITY_SET CNT_INC 0
1928 MOVED_TASK_TO_READY_STATE CNT_INC
1928 TASK_SWITCHED_OUT CNT_INC
1928 TASK_SWITCHED_IN SUSP_RX
1928 QUEUE_RECEIVE_FAILED q1
1928 QUEUE_RECEIVE_FAILED q1
1928 TASK_INCREMENT_TICK 1928
1929 TASK_SWITCHED_OUT SUSP_RX
1929 TASK_SWITCHED_IN IDLE
1929 TASK_SWITCHED_OUT IDLE
1929 TASK_SWITCHED_IN CNT_INC
1929 TASK_PRIORITY_SET CNT_INC 1
1929 MOVED_TASK_TO_READY_STATE CNT_INC
1929 TASK_PRIORITY_SET CNT_INC 0
1929 MOVED_TASK_TO_READY_STATE CNT_INC
1929 TASK_SWITCHED_OUT CNT_INC
1929 TASK_SWITCHED_IN SUSP_RX
1929 QUEUE_RECEIVE_FAILED q1
1929 QUEUE_RECEIVE_FAILED q1
1929 QUEUE_RECEIVE_FAILED q1
1929 QUEUE_RECEIVE_FAILED q1
1929 TASK_INCREMENT_TICK 1929
1929 TASK_INCREMENT_TICK 1929
1930 TASK_SWITCHED_OUT SUSP_RX
1930 TASK_SWITCHED_IN CNT_INC
1930 TASK_PRIORITY_SET CNT_INC 1
1930 MOVED_TASK_TO_READY_STATE CNT_INC
1930 TASK_PRIORITY_SET CNT_INC 0
1930 MOVED_TASK_TO_READY_STATE CNT_INC
1930 TASK_SWITCHED_OUT CNT_INC
1930 TASK_SWITCHED_IN IDLE
1930 TASK_INCREMENT_TICK 1930
1931 TASK_SWITCHED_OUT IDLE
1931 TASK_SWITCHED_IN CNT_INC
1931 TASK_PRIORITY_SET CNT_INC 1
1931 MOVED_TASK_TO_READY_STATE CNT_INC
1931 TASK_PRIORITY_SET CNT_INC 0
1931 MOVED_TASK_TO_READY_STATE CNT_INC
1931 TASK_SWITCHED_OUT CNT_INC
1931 TASK_SWITCHED_IN SUSP_RX
1931 QUEUE_RECEIVE_FAILED q1
1931 QUEUE_RECEIVE_FAILED q1
1931 TASK_INCREMENT_TICK 1931
1932 TASK_SWITCHED_OUT SUSP_RX
1932 TASK_SWITCHED_IN IDLE
1932 TASK_SWITCHED_OUT IDLE
1932 TASK_SWITCHED_IN CNT_INC
1932 TASK_PRIORITY_SET CNT_INC 1
1932 MOVED_TASK_TO_READY_STATE CNT_INC
1932 TASK_PRIORITY_SET CNT_INC 0
1932 MOVED_TASK_TO_READY_STATE CNT_INC
1932 TASK_SWITCHED_OUT CNT_INC
1932 TASK_SWITCHED_IN SUSP_RX
1932 QUEUE_RECEIVE_FAILED q1
1932 QUEUE_RECEIVE_FAILED q1
1932 QUEUE_RECEIVE_FAILED q1
1932 QUEUE_RECEIVE_FAILED q1
1932 TASK_INCREMENT_TICK 1932
1932 TASK_INCREMENT_TICK 1932
1933 TASK_SWITCHED_OUT SUSP_RX
1933 TASK_SWITCHED_IN CNT_INC
1933 TASK_PRIORITY_SET CNT_INC 1
1933 MOVED_TASK_TO_READY_STATE CNT_INC
1933 TASK_PRIORITY_SET CNT_INC 0
1933 MOVED_TASK_TO_READY_STATE CNT_INC
1933 TASK_SWITCHED_OUT CNT_INC
1933 TASK_SWITCHED_IN IDLE
1933 TASK_INCREMENT_TICK 1933
1934 MOVED_TASK_TO_READY_STATE C_CTRL
1934 TASK_SWITCHED_OUT IDLE
1934 TASK_SWITCHED_IN CNT_INC
1934 TASK_PRIORITY_SET CNT_INC 1
1934 MOVED_TASK_TO_READY_STATE CNT_INC
1934 TASK_PRIORITY_SET CNT_INC 0
1934 MOVED_TASK_TO_READY_STATE CNT_INC
1934 TASK_SWITCHED_OUT CNT_INC
1934 TASK_SWITCHED_IN SUSP_RX
1934 QUEUE_RECEIVE_FAILED q1
1934 QUEUE_RECEIVE_FAILED q1
1934 TASK_INCREMENT_TICK 1934
1935 TASK_SWITCHED_OUT SUSP_RX
1935 TASK_SWITCHED_IN C_CTRL
1935 TASK_SUSPEND CNT_INC
1935 TASK_RESUME LIM_INC
1935 MOVED_TASK_TO_READY_STATE LIM_INC
1935 TASK_SWITCHED_OUT C_CTRL
1935 TASK_SWITCHED_IN LIM_INC
1935 TASK_SUSPEND LIM_INC
1935 TASK_SWITCHED_OUT LIM_INC
1935 TASK_SWITCHED_IN IDLE
1935 TASK_SWITCHED_OUT IDLE
1935 TASK_SWITCHED_IN SUSP_RX
1935 QUEUE_RECEIVE_FAILED q1
1935 QUEUE_RECEIVE_FAILED q1
1935 TASK_INCREMENT_TICK 1935
1935 QUEUE_RECEIVE_FAILED q1
1935 TASK_INCREMENT_TICK 1935
1936 TASK_SWITCHED_OUT SUSP_RX
1936 TASK_SWITCHED_IN C_CTRL
1936 TASK_RESUME CNT_INC
1936 MOVED_TASK_TO_READY_STATE CNT_INC
1936 TASK_SUSPEND CNT_INC
1936 TASK_RESUME CNT_INC
1936 MOVED_TASK_TO_READY_STATE CNT_INC
1936 TASK_DELAY C_CTRL 128
1936 MOVED_TASK_TO_DELAYED_LIST C_CTRL
1936 TASK_SWITCHED_OUT C_CTRL
1936 TASK_SWITCHED_IN IDLE
1936 TASK_INCREMENT_TICK 1936
1937 MOVED_TASK_TO_READY_STATE SUSP_TX
1937 TASK_SWITCHED_OUT IDLE
1937 TASK_SWITCHED_IN SUSP_RX
1937 QUEUE_RECEIVE_FAILED q1
1937 TASK_INCREMENT_TICK 1937
1938 TASK_SWITCHED_OUT SUSP_RX
1938 TASK_SWITCHED_IN CNT_INC
1938 TASK_PRIORITY_SET CNT_INC 1
1938 MOVED_TASK_TO_READY_STATE CNT_INC
1938 TASK_PRIORITY_SET CNT_INC 0
1938 MOVED_TASK_TO_READY_STATE CNT_INC
1938 TASK_SWITCHED_OUT CNT_INC
1938 TASK_SWITCHED_IN SUSP_TX
1938 QUEUE_SEND q1
1938 TASK_DELAY SUSP_TX 128
1938 MOVED_TASK_TO_DELAYED_LIST SUSP_TX
1938 TASK_SWITCHED_OUT SUSP_TX
1938 TASK_SWITCHED_IN IDLE
1938 TASK_SWITCHED_OUT IDLE
1938 TASK_SWITCHED_IN CNT_INC
1938 TASK_PRIORITY_SET CNT_INC 1
1938 MOVED_TASK_TO_READY_STATE CNT_INC
1938 TASK_PRIORITY_SET CNT_INC 0
1938 MOVED_TASK_TO_READY_STATE CNT_INC
1938 TASK_SWITCHED_OUT CNT_INC
1938 TASK_SWITCHED_IN SUSP_RX
1938 QUEUE_RECEIVE q1
1938 TASK_INCREMENT_TICK 1938
1939 TASK_SWITCHED_OUT SUSP_RX
1939 TASK_SWITCHED_IN IDLE
1939 TASK_INCREMENT_TICK 1939
1940 TASK_SWITCHED_OUT IDLE
1940 TASK_SWITCHED_IN CNT_INC
1940 TASK_PRIORITY_SET CNT_INC 1
1940 MOVED_TASK_TO_READY_STATE CNT_INC
1940 TASK_PRIORITY_SET CNT_INC 0
1940 MOVED_TASK_TO_READY_STATE CNT_INC
1940 TASK_SWITCHED_OUT CNT_INC
1940 TASK_SWITCHED_IN SUSP_RX
1940 QUEUE_RECEIVE_FAILED q1
1940 QUEUE_RECEIVE_FAILED q1
1940 QUEUE_RECEIVE_FAILED q1
1940 QUEUE_RECEIVE_FAILED q1
1940 TASK_INCREMENT_TICK 1940
1940 TASK_INCREMENT_TICK 1940
1941 TASK_SWITCHED_OUT SUSP_RX
1941 TASK_SWITCHED_IN CNT_INC
1941 TASK_PRIORITY_SET CNT_INC 1
1941 MOVED_TASK_TO_READY_STATE CNT_INC
1941 TASK_PRIORITY_SET CNT_INC 0
1941 MOVED_TASK_TO_READY_STATE CNT_INC
1941 TASK_SWITCHED_OUT CNT_INC
1941 TASK_SWITCHED_IN IDLE
1941 TASK_SWITCHED_OUT IDLE
1941 TASK_SWITCHED_IN CNT_INC
1941 TASK_PRIORITY_SET CNT_INC 1
1941 MOVED_TASK_TO_READY_STATE CNT_INC
1941 TASK_PRIORITY_SET CNT_INC 0
1941 MOVED_TASK_TO_READY_STATE CNT_INC
1941 TASK_SWITCHED_OUT CNT_INC
1941 TASK_SWITCHED_IN SUSP_RX
1941 QUEUE_RECEIVE_FAILED q1
1941 QUEUE_RECEIVE_FAILED q1
1941 TASK_INCREMENT_TICK 1941
1942 TASK_SWITCHED_OUT SUSP_RX
1942 TASK_SWITCHED_IN IDLE
1942 TASK_INCREMENT_TICK 1942
1943 TASK_SWITCHED_OUT IDLE
1943 TASK_SWITCHED_IN CNT_INC
1943 TASK_PRIORITY_SET CNT_INC 1
1943 MOVED_TASK_TO_READY_STATE CNT_INC
1943 TASK_PRIORITY_SET CNT_INC 0
1943 MOVED_TASK_TO_READY_STATE CNT_INC
1943 TASK_SWITCHED_OUT CNT_INC
1943 TASK_SWITCHED_IN SUSP_RX
1943 QUEUE_RECEIVE_FAILED q1
1943 QUEUE_RECEIVE_FAILED q1
1943 QUEUE_RECEIVE_FAILED q1
1943 QUEUE_RECEIVE_FAILED q1
1943 TASK_INCREMENT_TICK 1943
1943 TASK_INCREMENT_TICK 1943
1944 TASK_SWITCHED_OUT SUSP_RX
1944 TASK_SWITCHED_IN CNT_INC
1944 TASK_PRIORITY_SET CNT_INC 1
1944 MOVED_TASK_TO_READY_STATE CNT_INC
1944 TASK_PRIORITY_SET CNT_INC 0
1944 MOVED_TASK_TO_READY_STATE CNT_INC
1944 TASK_SWITCHED_OUT CNT_INC
1944 TASK_SWITCHED_IN IDLE
1944 TASK_SWITCHED_OUT IDLE
1944 TASK_SWITCHED_IN CNT_INC
1944 TASK_PRIORITY_SET CNT_INC 1
1944 MOVED_TASK_TO_READY_STATE CNT_INC
1944 TASK_PRIORITY_SET CNT_INC 0
1944 MOVED_TASK_TO_READY_STATE CNT_INC
1944 TASK_SWITCHED_OUT CNT_INC
1944 TASK_SWITCHED_IN SUSP_RX
1944 QUEUE_RECEIVE_FAILED q1
1944 QUEUE_RECEIVE_FAILED q1
1944 TASK_INCREMENT_TICK 1944
1945 TASK_SWITCHED_OUT SUSP_RX
1945 TASK_SWITCHED_IN IDLE
1945 TASK_INCREMENT_TICK 1945
1946 TASK_SWITCHED_OUT IDLE
1946 TASK_SWITCHED_IN CNT_INC
1946 TASK_PRIORITY_SET CNT_INC 1
1946 MOVED_TASK_TO_READY_STATE CNT_INC
1946 TASK_PRIORITY_SET CNT_INC 0
1946 MOVED_TASK_TO_READY_STATE CNT_INC
1946 TASK_SWITCHED_OUT CNT_INC
1946 TASK_SWITCHED_IN SUSP_RX
1946 QUEUE_RECEIVE_FAILED q1
1946 QUEUE_RECEIVE_FAILED q1
1946 QUEUE_RECEIVE_FAILED q1
1946 QUEUE_RECEIVE_FAILED q1
1946 TASK_INCREMENT_TICK 1946
1946 TASK_INCREMENT_TICK 1946
1947 TASK_SWITCHED_OUT SUSP_RX
1947 TASK_SWITCHED_IN CNT_INC
1947 TASK_PRIORITY_SET CNT_INC 1
1947 MOVED_TASK_TO_READY_STATE CNT_INC
1947 TASK_PRIORITY_SET CNT_INC 0
1947 MOVED_TASK_TO_READY_STATE CNT_INC
1947 TASK_SWITCHED_OUT CNT_INC
1947 TASK_SWITCHED_IN IDLE
1947 TASK_SWITCHED_OUT IDLE
1947 TASK_SWITCHED_IN CNT_INC
1947 TASK_PRIORITY_SET CNT_INC 1
1947 MOVED_TASK_TO_READY_STATE CNT_INC
1947 TASK_PRIORITY_SET CNT_INC 0
1947 MOVED_TASK_TO_READY_STATE CNT_INC
1947 TASK_SWITCHED_OUT CNT_INC
1947 TASK_SWITCHED_IN SUSP_RX
1947 QUEUE_RECEIVE_FAILED q1
1947 QUEUE_RECEIVE_FAILED q1
1947 TASK_INCREMENT_TICK 1947
1948 TASK_SWITCHED_OUT SUSP_RX
1948 TASK_SWITCHED_IN IDLE
1948 TASK_INCREMENT_TICK 1948
1949 TASK_SWITCHED_OUT IDLE
1949 TASK_SWITCHED_IN CNT_INC
1949 TASK_PRIORITY_SET CNT_INC 1
1949 MOVED_TASK_TO_READY_STATE CNT_INC
1949 TASK_PRIORITY_SET CNT_INC 0
1949 MOVED_TASK_TO_READY_STATE CNT_INC
1949 TASK_SWITCHED_OUT CNT_INC
1949 TASK_SWITCHED_IN SUSP_RX
1949 QUEUE_RECEIVE_FAILED q1
1949 QUEUE_RECEIVE_FAILED q1
1949 QUEUE_RECEIVE_FAILED q1
1949 QUEUE_RECEIVE_FAILED q1
1949 TASK_INCREMENT_TICK 1949
1949 TASK_INCREMENT_TICK 1949
1950 TASK_SWITCHED_OUT SUSP_RX
1950 TASK_SWITCHED_IN CNT_INC
1950 TASK_PRIORITY_SET CNT_INC 1
1950 MOVED_TASK_TO_READY_STATE CNT_INC
1950 TASK_PRIORITY_SET CNT_INC 0
1950 MOVED_TASK_TO_READY_STATE CNT_INC
1950 TASK_SWITCHED_OUT CNT_INC
1950 TASK_SWITCHED_IN IDLE
1950 TASK_SWITCHED_OUT IDLE
1950 TASK_SWITCHED_IN CNT_INC
1950 TASK_PRIORITY_SET CNT_INC 1
1950 MOVED_TASK_TO_READY_STATE CNT_INC
1950 TASK_PRIORITY_SET CNT_INC 0
1950 MOVED_TASK_TO_READY_STATE CNT_INC
1950 TASK_SWITCHED_OUT CNT_INC
1950 TASK_SWITCHED_IN SUSP_RX
1950 QUEUE_RECEIVE_FAILED q1
1950 QUEUE_RECEIVE_FAILED q1
1950 TASK_INCREMENT_TICK 1950
1951 TASK_SWITCHED_OUT SUSP_RX
1951 TASK_SWITCHED_IN IDLE
1951 TASK_INCREMENT_TICK 1951
1952 TASK_SWITCHED_OUT IDLE
1952 TASK_SWITCHED_IN CNT_INC
1952 TASK_PRIORITY_SET CNT_INC 1
1952 MOVED_TASK_TO_READY_STATE CNT_INC
1952 TASK_PRIORITY_SET CNT_INC 0
1952 MOVED_TASK_TO_READY_STATE CNT_INC
1952 TASK_SWITCHED_OUT CNT_INC
1952 TASK_SWITCHED_IN SUSP_RX
1952 QUEUE_RECEIVE_FAILED q1
1952 QUEUE_RECEIVE_FAILED q1
1952 QUEUE_RECEIVE_FAILED q1
1952 QUEUE_RECEIVE_FAILED q1
1952 TASK_INCREMENT_TICK 1952
1952 TASK_INCREMENT_TICK 1952
1953 TASK_SWITCHED_OUT SUSP_RX
1953 TASK_SWITCHED_IN CNT_INC
1953 TASK_PRIORITY_SET CNT_INC 1
1953 MOVED_TASK_TO_READY_STATE CNT_INC
1953 TASK_PRIORITY_SET CNT_INC 0
1953 MOVED_TASK_TO_READY_STATE CNT_INC
1953 TASK_SWITCHED_OUT CNT_INC
1953 TASK_SWITCHED_IN IDLE
1953 TASK_SWITCHED_OUT IDLE
1953 TASK_SWITCHED_IN CNT_INC
1953 TASK_PRIORITY_SET CNT_INC 1
1953 MOVED_TASK_TO_READY_STATE CNT_INC
1953 TASK_PRIORITY_SET CNT_INC 0
1953 MOVED_TASK_TO_READY_STATE CNT_INC
1953 TASK_SWITCHED_OUT CNT_INC
1953 TASK_SWITCHED_IN SUSP_RX
1953 QUEUE_RECEIVE_FAILED q1
1953 QUEUE_RECEIVE_FAILED q1
1953 TASK_INCREMENT_TICK 1953
1954 TASK_SWITCHED_OUT SUSP_RX
1954 TASK_SWITCHED_IN IDLE
1954 TASK_INCREMENT_TICK 1954
1955 TASK_SWITCHED_OUT IDLE
1955 TASK_SWITCHED_IN CNT_INC
1955 TASK_PRIORITY_SET CNT_INC 1
1955 MOVED_TASK_TO_READY_STATE CNT_INC
1955 TASK_PRIORITY_SET CNT_INC 0
1955 MOVED_TASK_TO_READY_STATE CNT_INC
1955 TASK_SWITCHED_OUT CNT_INC
1955 TASK_SWITCHED_IN SUSP_RX
1955 QUEUE_RECEIVE_FAILED q1
1955 QUEUE_RECEIVE_FAILED q1
1955 QUEUE_RECEIVE_FAILED q1
1955 QUEUE_RECEIVE_FAILED q1
1955 TASK_INCREMENT_TICK 1955
1955 TASK_INCREMENT_TICK 1955
1956 TASK_SWITCHED_OUT SUSP_RX
1956 TASK_SWITCHED_IN CNT_INC
1956 TASK_PRIORITY_SET CNT_INC 1
1956 MOVED_TASK_TO_READY_STATE CNT_INC
1956 TASK_PRIORITY_SET CNT_INC 0
1956 MOVED_TASK_TO_READY_STATE CNT_INC
1956 TASK_SWITCHED_OUT CNT_INC
1956 TASK_SWITCHED_IN IDLE
1956 TASK_SWITCHED_OUT IDLE
1956 TASK_SWITCHED_IN CNT_INC
1956 TASK_PRIORITY_SET CNT_INC 1
1956 MOVED_TASK_TO_READY_STATE CNT_INC
1956 TASK_PRIORITY_SET CNT_INC 0
1956 MOVED_TASK_TO_READY_STATE CNT_INC
1956 TASK_SWITCHED_OUT CNT_INC
1956 TASK_SWITCHED_IN SUSP_RX
1956 QUEUE_RECEIVE_FAILED q1
1956 QUEUE_RECEIVE_FAILED q1
1956 TASK_INCREMENT_TICK 1956
1957 TASK_SWITCHED_OUT SUSP_RX
1957 TASK_SWITCHED_IN IDLE
1957 TASK_INCREMENT_TICK 1957
1958 TASK_SWITCHED_OUT IDLE
1958 TASK_SWITCHED_IN CNT_INC
1958 TASK_PRIORITY_SET CNT_INC 1
1958 MOVED_TASK_TO_READY_STATE CNT_INC
1958 TASK_PRIORITY_SET CNT_INC 0
1958 MOVED_TASK_TO_READY_STATE CNT_INC
1958 TASK_SWITCHED_OUT CNT_INC
1958 TASK_SWITCHED_IN SUSP_RX
1958 QUEUE_RECEIVE_FAILED q1
1958 QUEUE_RECEIVE_FAILED q1
1958 QUEUE_RECEIVE_FAILED q1
1958 QUEUE_RECEIVE_FAILED q1
1958 TASK_INCREMENT_TICK 1958
1958 TASK_INCREMENT_TICK 1958
1959 TASK_SWITCHED_OUT SUSP_RX
1959 TASK_SWITCHED_IN CNT_INC
1959 TASK_PRIORITY_SET CNT_INC 1
1959 MOVED_TASK_TO_READY_STATE CNT_INC
1959 TASK_PRIORITY_SET CNT_INC 0
1959 MOVED_TASK_TO_READY_STATE CNT_INC
1959 TASK_SWITCHED_OUT CNT_INC
1959 TASK_SWITCHED_IN IDLE
1959 TASK_SWITCHED_OUT IDLE
1959 TASK_SWITCHED_IN CNT_INC
1959 TASK_PRIORITY_SET CNT_INC 1
1959 MOVED_TASK_TO_READY_STATE CNT_INC
1959 TASK_PRIORITY_SET CNT_INC 0
1959 MOVED_TASK_TO_READY_STATE CNT_INC
1959 TASK_SWITCHED_OUT CNT_INC
1959 TASK_SWITCHED_IN SUSP_RX
1959 QUEUE_RECEIVE_FAILED q1
1959 QUEUE_RECEIVE_FAILED q1
1959 TASK_INCREMENT_TICK 1959
1960 TASK_SWITCHED_OUT SUSP_RX
1960 TASK_SWITCHED_IN IDLE
1960 TASK_INCREMENT_TICK 1960
1961 TASK_SWITCHED_OUT IDLE
1961 TASK_SWITCHED_IN CNT_INC
1961 TASK_PRIORITY_SET CNT_INC 1
1961 MOVED_TASK_TO_READY_STATE CNT_INC
1961 TASK_PRIORITY_SET CNT_INC 0
1961 MOVED_TASK_TO_READY_STATE CNT_INC
1961 TASK_SWITCHED_OUT CNT_INC
1961 TASK_SWITCHED_IN SUSP_RX
1961 QUEUE_RECEIVE_FAILED q1
1961 QUEUE_RECEIVE_FAILED q1
1961 QUEUE_RECEIVE_FAILED q1
1961 QUEUE_RECEIVE_FAILED q1
1961 TASK_INCREMENT_TICK 1961
1961 TASK_INCREMENT_TICK 1961
1962 TASK_SWITCHED_OUT SUSP_RX
1962 TASK_SWITCHED_IN CNT_INC
1962 TASK_PRIORITY_SET CNT_INC 1
1962 MOVED_TASK_TO_READY_STATE CNT_INC
1962 TASK_PRIORITY_SET CNT_INC 0
1962 MOVED_TASK_TO_READY_STATE CNT_INC
1962 TASK_SWITCHED_OUT CNT_INC
1962 TASK_SWITCHED_IN IDLE
1962 TASK_SWITCHED_OUT IDLE
1962 TASK_SWITCHED_IN CNT_INC
1962 TASK_PRIORITY_SET CNT_INC 1
1962 MOVED_TASK_TO_READY_STATE CNT_INC
1962 TASK_PRIORITY_SET CNT_INC 0
1962 MOVED_TASK_TO_READY_STATE CNT_INC
1962 TASK_SWITCHED_OUT CNT_INC
1962 TASK_SWITCHED_IN SUSP_RX
1962 QUEUE_RECEIVE_FAILED q1
1962 QUEUE_RECEIVE_FAILED q1
1962 TASK_INCREMENT_TICK 1962
1963 TASK_SWITCHED_OUT SUSP_RX
1963 TASK_SWITCHED_IN IDLE
1963 TASK_INCREMENT_TICK 1963
1964 TASK_SWITCHED_OUT IDLE
1964 TASK_SWITCHED_IN CNT_INC
1964 TASK_PRIORITY_SET CNT_INC 1
1964 MOVED_TASK_TO_READY_STATE CNT_INC
1964 TASK_PRIORITY_SET CNT_INC 0
1964 MOVED_TASK_TO_READY_STATE CNT_INC
1964 TASK_SWITCHED_OUT CNT_INC
1964 TASK_SWITCHED_IN SUSP_RX
1964 QUEUE_RECEIVE_FAILED q1
1964 QUEUE_RECEIVE_FAILED q1
1964 QUEUE_RECEIVE_FAILED q1
1964 QUEUE_RECEIVE_FAILED q1
1964 TASK_INCREMENT_TICK 1964
1964 TASK_INCREMENT_TICK 1964
1965 TASK_SWITCHED_OUT SUSP_RX
1965 TASK_SWITCHED_IN CNT_INC
1965 TASK_PRIORITY_SET CNT_INC 1
1965 MOVED_TASK_TO_READY_STATE CNT_INC
1965 TASK_PRIORITY_SET CNT_INC 0
1965 MOVED_TASK_TO_READY_STATE CNT_INC
1965 TASK_SWITCHED_OUT CNT_INC
1965 TASK_SWITCHED_IN IDLE
1965 TASK_SWITCHED_OUT IDLE
1965 TASK_SWITCHED_IN CNT_INC
1965 TASK_PRIORITY_SET CNT_INC 1
1965 MOVED_TASK_TO_READY_STATE CNT_INC
1965 TASK_PRIORITY_SET CNT_INC 0
1965 MOVED_TASK_TO_READY_STATE CNT_INC
1965 TASK_SWITCHED_OUT CNT_INC
1965 TASK_SWITCHED_IN SUSP_RX
1965 QUEUE_RECEIVE_FAILED q1
1965 QUEUE_RECEIVE_FAILED q1
1965 TASK_INCREMENT_TICK 1965
1966 TASK_SWITCHED_OUT SUSP_RX
1966 TASK_SWITCHED_IN IDLE
1966 TASK_INCREMENT_TICK 1966
1967 TASK_SWITCHED_OUT IDLE
1967 TASK_SWITCHED_IN CNT_INC
1967 TASK_PRIORITY_SET CNT_INC 1
1967 MOVED_TASK_TO_READY_STATE CNT_INC
1967 TASK_PRIORITY_SET CNT_INC 0
1967 MOVED_TASK_TO_READY_STATE CNT_INC
1967 TASK_SWITCHED_OUT CNT_INC
1967 TASK_SWITCHED_IN SUSP_RX
1967 QUEUE_RECEIVE_FAILED q1
1967 QUEUE_RECEIVE_FAILED q1
1967 QUEUE_RECEIVE_FAILED q1
1967 QUEUE_RECEIVE_FAILED q1
1967 TASK_INCREMENT_TICK 1967
1967 TASK_INCREMENT_TICK 1967
1968 TASK_SWITCHED_OUT SUSP_RX
1968 TASK_SWITCHED_IN CNT_INC
1968 TASK_PRIORITY_SET CNT_INC 1
1968 MOVED_TASK_TO_READY_STATE CNT_INC
1968 TASK_PRIORITY_SET CNT_INC 0
1968 MOVED_TASK_TO_READY_STATE CNT_INC
1968 TASK_SWITCHED_OUT CNT_INC
1968 TASK_SWITCHED_IN IDLE
1968 TASK_SWITCHED_OUT IDLE
1968 TASK_SWITCHED_IN CNT_INC
1968 TASK_PRIORITY_SET CNT_INC 1
1968 MOVED_TASK_TO_READY_STATE CNT_INC
1968 TASK_PRIORITY_SET CNT_INC 0
1968 MOVED_TASK_TO_READY_STATE CNT_INC
1968 TASK_SWITCHED_OUT CNT_INC
1968 TASK_SWITCHED_IN SUSP_RX
1968 QUEUE_RECEIVE_FAILED q1
1968 QUEUE_RECEIVE_FAILED q1
1968 TASK_INCREMENT_TICK 1968
1969 TASK_SWITCHED_OUT SUSP_RX
1969 TASK_SWITCHED_IN IDLE
1969 TASK_INCREMENT_TICK 1969
1970 TASK_SWITCHED_OUT IDLE
1970 TASK_SWITCHED_IN CNT_INC
1970 TASK_PRIORITY_SET CNT_INC 1
1970 MOVED_TASK_TO_READY_STATE CNT_INC
1970 TASK_PRIORITY_SET CNT_INC 0
1970 MOVED_TASK_TO_READY_STATE CNT_INC
1970 TASK_SWITCHED_OUT CNT_INC
1970 TASK_SWITCHED_IN SUSP_RX
1970 QUEUE_RECEIVE_FAILED q1
1970 QUEUE_RECEIVE_FAILED q1
1970 QUEUE_RECEIVE_FAILED q1
1970 QUEUE_RECEIVE_FAILED q1
1970 TASK_INCREMENT_TICK 1970
1970 TASK_INCREMENT_TICK 1970
1971 TASK_SWITCHED_OUT SUSP_RX
1971 TASK_SWITCHED_IN CNT_INC
1971 TASK_PRIORITY_SET CNT_INC 1
1971 MOVED_TASK_TO_READY_STATE CNT_INC
1971 TASK_PRIORITY_SET CNT_INC 0
1971 MOVED_TASK_TO_READY_STATE CNT_INC
1971 TASK_SWITCHED_OUT CNT_INC
1971 TASK_SWITCHED_IN IDLE
1971 TASK_SWITCHED_OUT IDLE
1971 TASK_SWITCHED_IN CNT_INC
1971 TASK_PRIORITY_SET CNT_INC 1
1971 MOVED_TASK_TO_READY_STATE CNT_INC
1971 TASK_PRIORITY_SET CNT_INC 0
1971 MOVED_TASK_TO_READY_STATE CNT_INC
1971 TASK_SWITCHED_OUT CNT_INC
1971 TASK_SWITCHED_IN SUSP_RX
1971 QUEUE_RECEIVE_FAILED q1
1971 QUEUE_RECEIVE_FAILED q1
1971 TASK_INCREMENT_TICK 1971
1972 TASK_SWITCHED_OUT SUSP_RX
1972 TASK_SWITCHED_IN IDLE
1972 TASK_INCREMENT_TICK 1972
1973 TASK_SWITCHED_OUT IDLE
1973 TASK_SWITCHED_IN CNT_INC
1973 TASK_PRIORITY_SET CNT_INC 1
1973 MOVED_TASK_TO_READY_STATE CNT_INC
1973 TASK_PRIORITY_SET CNT_INC 0
1973 MOVED_TASK_TO_READY_STATE CNT_INC
1973 TASK_SWITCHED_OUT CNT_INC
1973 TASK_SWITCHED_IN SUSP_RX
1973 QUEUE_RECEIVE_FAILED q1
1973 QUEUE_RECEIVE_FAILED q1
1973 QUEUE_RECEIVE_FAILED q1
1973 QUEUE_RECEIVE_FAILED q1
1973 TASK_INCREMENT_TICK 1973
1973 TASK_INCREMENT_TICK 1973
1974 TASK_SWITCHED_OUT SUSP_RX
1974 TASK_SWITCHED_IN CNT_INC
1974 TASK_PRIORITY_SET CNT_INC 1
1974 MOVED_TASK_TO_READY_STATE CNT_INC
1974 TASK_PRIORITY_SET CNT_INC 0
1974 MOVED_TASK_TO_READY_STATE CNT_INC
1974 TASK_SWITCHED_OUT CNT_INC
1974 TASK_SWITCHED_IN IDLE
1974 TASK_SWITCHED_OUT IDLE
1974 TASK_SWITCHED_IN CNT_INC
1974 TASK_PRIORITY_SET CNT_INC 1
1974 MOVED_TASK_TO_READY_STATE CNT_INC
1974 TASK_PRIORITY_SET CNT_INC 0
1974 MOVED_TASK_TO_READY_STATE CNT_INC
1974 TASK_SWITCHED_OUT CNT_INC
1974 TASK_SWITCHED_IN SUSP_RX
1974 QUEUE_RECEIVE_FAILED q1
1974 QUEUE_RECEIVE_FAILED q1
1974 TASK_INCREMENT_TICK 1974
1975 TASK_SWITCHED_OUT SUSP_RX
1975 TASK_SWITCHED_IN IDLE
1975 TASK_INCREMENT_TICK 1975
1976 TASK_SWITCHED_OUT IDLE
1976 TASK_SWITCHED_IN CNT_INC
1976 TASK_PRIORITY_SET CNT_INC 1
1976 MOVED_TASK_TO_READY_STATE CNT_INC
1976 TASK_PRIORITY_SET CNT_INC 0
1976 MOVED_TASK_TO_READY_STATE CNT_INC
1976 TASK_SWITCHED_OUT CNT_INC
1976 TASK_SWITCHED_IN SUSP_RX
1976 QUEUE_RECEIVE_FAILED q1
1976 QUEUE_RECEIVE_FAILED q1
1976 QUEUE_RECEIVE_FAILED q1
1976 QUEUE_RECEIVE_FAILED q1
1976 TASK_INCREMENT_TICK 1976
1976 TASK_INCREMENT_TICK 1976
1977 TASK_SWITCHED_OUT SUSP_RX
1977 TASK_SWITCHED_IN CNT_INC
1977 TASK_PRIORITY_SET CNT_INC 1
1977 MOVED_TASK_TO_READY_STATE CNT_INC
1977 TASK_PRIORITY_SET CNT_INC 0
1977 MOVED_TASK_TO_READY_STATE CNT_INC
1977 TASK_SWITCHED_OUT CNT_INC
1977 TASK_SWITCHED_IN IDLE
1977 TASK_SWITCHED_OUT IDLE
1977 TASK_SWITCHED_IN CNT_INC
1977 TASK_PRIORITY_SET CNT_INC 1
1977 MOVED_TASK_TO_READY_STATE CNT_INC
1977 TASK_PRIORITY_SET CNT_INC 0
1977 MOVED_TASK_TO_READY_STATE CNT_INC
1977 TASK_SWITCHED_OUT CNT_INC
1977 TASK_SWITCHED_IN SUSP_RX
1977 QUEUE_RECEIVE_FAILED q1
1977 QUEUE_RECEIVE_FAILED q1
1977 TASK_INCREMENT_TICK 1977
1978 TASK_SWITCHED_OUT SUSP_RX
1978 TASK_SWITCHED_IN IDLE
1978 TASK_INCREMENT_TICK 1978
1979 TASK_SWITCHED_OUT IDLE
1979 TASK_SWITCHED_IN CNT_INC
1979 TASK_PRIORITY_SET CNT_INC 1
1979 MOVED_TASK_TO_READY_STATE CNT_INC
1979 TASK_PRIORITY_SET CNT_INC 0
1979 MOVED_TASK_TO_READY_STATE CNT_INC
1979 TASK_SWITCHED_OUT CNT_INC
1979 TASK_SWITCHED_IN SUSP_RX
1979 QUEUE_RECEIVE_FAILED q1
1979 QUEUE_RECEIVE_FAILED q1
1979 QUEUE_RECEIVE_FAILED q1
1979 QUEUE_RECEIVE_FAILED q1
1979 TASK_INCREMENT_TICK 1979
1979 TASK_INCREMENT_TICK 1979
1980 TASK_SWITCHED_OUT SUSP_RX
1980 TASK_SWITCHED_IN CNT_INC
1980 TASK_PRIORITY_SET CNT_INC 1
1980 MOVED_TASK_TO_READY_STATE CNT_INC
1980 TASK_PRIORITY_SET CNT_INC 0
1980 MOVED_TASK_TO_READY_STATE CNT_INC
1980 TASK_SWITCHED_OUT CNT_INC
1980 TASK_SWITCHED_IN IDLE
1980 TASK_SWITCHED_OUT IDLE
1980 TASK_SWITCHED_IN CNT_INC
1980 TASK_PRIORITY_SET CNT_INC 1
1980 MOVED_TASK_TO_READY_STATE CNT_INC
1980 TASK_PRIORITY_SET CNT_INC 0
1980 MOVED_TASK_TO_READY_STATE CNT_INC
1980 TASK_SWITCHED_OUT CNT_INC
1980 TASK_SWITCHED_IN SUSP_RX
1980 QUEUE_RECEIVE_FAILED q1
1980 QUEUE_RECEIVE_FAILED q1
1980 TASK_INCREMENT_TICK 1980
1981 TASK_SWITCHED_OUT SUSP_RX
1981 TASK_SWITCHED_IN IDLE
1981 TASK_INCREMENT_TICK 1981
1982 TASK_SWITCHED_OUT IDLE
1982 TASK_SWITCHED_IN CNT_INC
1982 TASK_PRIORITY_SET CNT_INC 1
1982 MOVED_TASK_TO_READY_STATE CNT_INC
1982 TASK_PRIORITY_SET CNT_INC 0
1982 MOVED_TASK_TO_READY_STATE CNT_INC
1982 TASK_SWITCHED_OUT CNT_INC
1982 TASK_SWITCHED_IN SUSP_RX
1982 QUEUE_RECEIVE_FAILED q1
1982 QUEUE_RECEIVE_FAILED q1
1982 QUEUE_RECEIVE_FAILED q1
1982 QUEUE_RECEIVE_FAILED q1
1982 TASK_INCREMENT_TICK 1982
1982 TASK_INCREMENT_TICK 1982
1983 TASK_SWITCHED_OUT SUSP_RX
1983 TASK_SWITCHED_IN CNT_INC
1983 TASK_PRIORITY_SET CNT_INC 1
1983 MOVED_TASK_TO_READY_STATE CNT_INC
1983 TASK_PRIORITY_SET CNT_INC 0
1983 MOVED_TASK_TO_READY_STATE CNT_INC
1983 TASK_SWITCHED_OUT CNT_INC
1983 TASK_SWITCHED_IN IDLE
1983 TASK_SWITCHED_OUT IDLE
1983 TASK_SWITCHED_IN CNT_INC
1983 TASK_PRIORITY_SET CNT_INC 1
1983 MOVED_TASK_TO_READY_STATE CNT_INC
1983 TASK_PRIORITY_SET CNT_INC 0
1983 MOVED_TASK_TO_READY_STATE CNT_INC
1983 TASK_SWITCHED_OUT CNT_INC
1983 TASK_SWITCHED_IN SUSP_RX
1983 QUEUE_RECEIVE_FAILED q1
1983 QUEUE_RECEIVE_FAILED q1
1983 TASK_INCREMENT_TICK 1983
1984 TASK_SWITCHED_OUT SUSP_RX
1984 TASK_SWITCHED_IN IDLE
1984 TASK_INCREMENT_TICK 1984
1985 TASK_SWITCHED_OUT IDLE
1985 TASK_SWITCHED_IN CNT_INC
1985 TASK_PRIORITY_SET CNT_INC 1
1985 MOVED_TASK_TO_READY_STATE CNT_INC
1985 TASK_PRIORITY_SET CNT_INC 0
1985 MOVED_TASK_TO_READY_STATE CNT_INC
1985 TASK_SWITCHED_OUT CNT_INC
1985 TASK_SWITCHED_IN SUSP_RX
1985 QUEUE_RECEIVE_FAILED q1
1985 QUEUE_RECEIVE_FAILED q1
1985 QUEUE_RECEIVE_FAILED q1
1985 QUEUE_RECEIVE_FAILED q1
1985 TASK_INCREMENT_TICK 1985
1985 TASK_INCREMENT_TICK 1985
1986 TASK_SWITCHED_OUT SUSP_RX
1986 TASK_SWITCHED_IN CNT_INC
1986 TASK_PRIORITY_SET CNT_INC 1
1986 MOVED_TASK_TO_READY_STATE CNT_INC
1986 TASK_PRIORITY_SET CNT_INC 0
1986 MOVED_TASK_TO_READY_STATE CNT_INC
1986 TASK_SWITCHED_OUT CNT_INC
1986 TASK_SWITCHED_IN IDLE
1986 TASK_SWITCHED_OUT IDLE
1986 TASK_SWITCHED_IN CNT_INC
1986 TASK_PRIORITY_SET CNT_INC 1
1986 MOVED_TASK_TO_READY_STATE CNT_INC
1986 TASK_PRIORITY_SET CNT_INC 0
1986 MOVED_TASK_TO_READY_STATE CNT_INC
1986 TASK_SWITCHED_OUT CNT_INC
1986 TASK_SWITCHED_IN SUSP_RX
1986 QUEUE_RECEIVE_FAILED q1
1986 QUEUE_RECEIVE_FAILED q1
1986 TASK_INCREMENT_TICK 1986
1987 TASK_SWITCHED_OUT SUSP_RX
1987 TASK_SWITCHED_IN IDLE
1987 TASK_INCREMENT_TICK 1987
1988 TASK_SWITCHED_OUT IDLE
1988 TASK_SWITCHED_IN CNT_INC
1988 TASK_PRIORITY_SET CNT_INC 1
1988 MOVED_TASK_TO_READY_STATE CNT_INC
1988 TASK_PRIORITY_SET CNT_INC 0
1988 MOVED_TASK_TO_READY_STATE CNT_INC
1988 TASK_SWITCHED_OUT CNT_INC
1988 TASK_SWITCHED_IN SUSP_RX
1988 QUEUE_RECEIVE_FAILED q1
1988 QUEUE_RECEIVE_FAILED q1
1988 QUEUE_RECEIVE_FAILED q1
1988 QUEUE_RECEIVE_FAILED q1
1988 TASK_INCREMENT_TICK 1988
1988 TASK_INCREMENT_TICK 1988
1989 TASK_SWITCHED_OUT SUSP_RX
1989 TASK_SWITCHED_IN CNT_INC
1989 TASK_PRIORITY_SET CNT_INC 1
1989 MOVED_TASK_TO_READY_STATE CNT_INC
1989 TASK_PRIORITY_SET CNT_INC 0
1989 MOVED_TASK_TO_READY_STATE CNT_INC
1989 TASK_SWITCHED_OUT CNT_INC
1989 TASK_SWITCHED_IN IDLE
1989 TASK_SWITCHED_OUT IDLE
1989 TASK_SWITCHED_IN CNT_INC
1989 TASK_PRIORITY_SET CNT_INC 1
1989 MOVED_TASK_TO_READY_STATE CNT_INC
1989 TASK_PRIORITY_SET CNT_INC 0
1989 MOVED_TASK_TO_READY_STATE CNT_INC
1989 TASK_SWITCHED_OUT CNT_INC
1989 TASK_SWITCHED_IN SUSP_RX
1989 QUEUE_RECEIVE_FAILED q1
1989 QUEUE_RECEIVE_FAILED q1
1989 TASK_INCREMENT_TICK 1989
1990 TASK_SWITCHED_OUT SUSP_RX
1990 TASK_SWITCHED_IN IDLE
1990 TASK_INCREMENT_TICK 1990
1991 TASK_SWITCHED_OUT IDLE
1991 TASK_SWITCHED_IN CNT_INC
1991 TASK_PRIORITY_SET CNT_INC 1
1991 MOVED_TASK_TO_READY_STATE CNT_INC
1991 TASK_PRIORITY_SET CNT_INC 0
1991 MOVED_TASK_TO_READY_STATE CNT_INC
1991 TASK_SWITCHED_OUT CNT_INC
1991 TASK_SWITCHED_IN SUSP_RX
1991 QUEUE_RECEIVE_FAILED q1
1991 QUEUE_RECEIVE_FAILED q1
1991 QUEUE_RECEIVE_FAILED q1
1991 QUEUE_RECEIVE_FAILED q1
1991 TASK_INCREMENT_TICK 1991
1991 TASK_INCREMENT_TICK 1991
1992 TASK_SWITCHED_OUT SUSP_RX
1992 TASK_SWITCHED_IN CNT_INC
1992 TASK_PRIORITY_SET CNT_INC 1
1992 MOVED_TASK_TO_READY_STATE CNT_INC
1992 TASK_PRIORITY_SET CNT_INC 0
1992 MOVED_TASK_TO_READY_STATE CNT_INC
1992 TASK_SWITCHED_OUT CNT_INC
1992 TASK_SWITCHED_IN IDLE
1992 TASK_SWITCHED_OUT IDLE
1992 TASK_SWITCHED_IN CNT_INC
1992 TASK_PRIORITY_SET CNT_INC 1
1992 MOVED_TASK_TO_READY_STATE CNT_INC
1992 TASK_PRIORITY_SET CNT_INC 0
1992 MOVED_TASK_TO_READY_STATE CNT_INC
1992 TASK_SWITCHED_OUT CNT_INC
1992 TASK_SWITCHED_IN SUSP_RX
1992 QUEUE_RECEIVE_FAILED q1
1992 QUEUE_RECEIVE_FAILED q1
1992 TASK_INCREMENT_TICK 1992
1993 TASK_SWITCHED_OUT SUSP_RX
1993 TASK_SWITCHED_IN IDLE
1993 TASK_INCREMENT_TICK 1993
1994 TASK_SWITCHED_OUT IDLE
1994 TASK_SWITCHED_IN CNT_INC
1994 TASK_PRIORITY_SET CNT_INC 1
1994 MOVED_TASK_TO_READY_STATE CNT_INC
1994 TASK_PRIORITY_SET CNT_INC 0
1994 MOVED_TASK_TO_READY_STATE CNT_INC
1994 TASK_SWITCHED_OUT CNT_INC
1994 TASK_SWITCHED_IN SUSP_RX
1994 QUEUE_RECEIVE_FAILED q1
1994 QUEUE_RECEIVE_FAILED q1
1994 QUEUE_RECEIVE_FAILED q1
1994 QUEUE_RECEIVE_FAILED q1
1994 TASK_INCREMENT_TICK 1994
1994 TASK_INCREMENT_TICK 1994
1995 TASK_SWITCHED_OUT SUSP_RX
1995 TASK_SWITCHED_IN CNT_INC
1995 TASK_PRIORITY_SET CNT_INC 1
1995 MOVED_TASK_TO_READY_STATE CNT_INC
1995 TASK_PRIORITY_SET CNT_INC 0
1995 MOVED_TASK_TO_READY_STATE CNT_INC
1995 TASK_SWITCHED_OUT CNT_INC
1995 TASK_SWITCHED_IN IDLE
1995 TASK_SWITCHED_OUT IDLE
1995 TASK_SWITCHED_IN CNT_INC
1995 TASK_PRIORITY_SET CNT_INC 1
1995 MOVED_TASK_TO_READY_STATE CNT_INC
1995 TASK_PRIORITY_SET CNT_INC 0
1995 MOVED_TASK_TO_READY_STATE CNT_INC
1995 TASK_SWITCHED_OUT CNT_INC
1995 TASK_SWITCHED_IN SUSP_RX
1995 QUEUE_RECEIVE_FAILED q1
1995 QUEUE_RECEIVE_FAILED q1
1995 TASK_INCREMENT_TICK 1995
1996 TASK_SWITCHED_OUT SUSP_RX
1996 TASK_SWITCHED_IN IDLE
1996 TASK_INCREMENT_TICK 1996
1997 TASK_SWITCHED_OUT IDLE
1997 TASK_SWITCHED_IN CNT_INC
1997 TASK_PRIORITY_SET CNT_INC 1
1997 MOVED_TASK_TO_READY_STATE CNT_INC
1997 TASK_PRIORITY_SET CNT_INC 0
1997 MOVED_TASK_TO_READY_STATE CNT_INC
1997 TASK_SWITCHED_OUT CNT_INC
1997 TASK_SWITCHED_IN SUSP_RX
1997 QUEUE_RECEIVE_FAILED q1
1997 QUEUE_RECEIVE_FAILED q1
1997 QUEUE_RECEIVE_FAILED q1
1997 QUEUE_RECEIVE_FAILED q1
1997 TASK_INCREMENT_TICK 1997
1997 TASK_INCREMENT_TICK 1997
1998 TASK_SWITCHED_OUT SUSP_RX
1998 TASK_SWITCHED_IN CNT_INC
1998 TASK_PRIORITY_SET CNT_INC 1
1998 MOVED_TASK_TO_READY_STATE CNT_INC
1998 TASK_PRIORITY_SET CNT_INC 0
1998 MOVED_TASK_TO_READY_STATE CNT_INC
1998 TASK_SWITCHED_OUT CNT_INC
1998 TASK_SWITCHED_IN IDLE
1998 TASK_SWITCHED_OUT IDLE
1998 TASK_SWITCHED_IN CNT_INC
1998 TASK_PRIORITY_SET CNT_INC 1
1998 MOVED_TASK_TO_READY_STATE CNT_INC
1998 TASK_PRIORITY_SET CNT_INC 0
1998 MOVED_TASK_TO_READY_STATE CNT_INC
1998 TASK_SWITCHED_OUT CNT_INC
1998 TASK_SWITCHED_IN SUSP_RX
1998 QUEUE_RECEIVE_FAILED q1
1998 QUEUE_RECEIVE_FAILED q1
1998 TASK_INCREMENT_TICK 1998
1999 TASK_SWITCHED_OUT SUSP_RX
1999 TASK_SWITCHED_IN IDLE
1999 TASK_INCREMENT_TICK 1999
2000 MOVED_TASK_TO_READY_STATE CHECK
2000 TASK_SWITCHED_OUT IDLE
2000 TASK_SWITCHED_IN CHECK
KAIROS_RESULT dynamic pass ticks=2000 yields=3589 exits=21346 lines=24402
